Especialidad,Semana_Iso,Mes,Jornada_Horaria,Oferta_programada,Bloqueo,Oferta_disponible,Citas_Asignadas_Hoy,Citas_Proy_Final,Horizonte_Dias,Tasa_actual,Tasa_Proyectada,Cupos_Vendidos_Pred,Confianza_%
Categoria_25,12,3,Turno_B,19,0,19,19,19,28,1.0,1.0,17.0,91.4
Categoria_64,13,3,Turno_A,93,0,93,0,49,35,0.0,0.5292,51.0,93.1
Categoria_49,13,3,Turno_A,82,0,82,3,60,35,0.0365853658536585,0.7353170731707318,60.0,95.1
Categoria_17,11,3,Turno_B,4,0,4,0,2,21,0.0,0.3752,2.0,69.6
Categoria_58,10,3,Turno_A,21,0,21,21,21,14,1.0,1.0,20.0,86.2
Categoria_54,12,3,Turno_A,17,0,17,1,10,28,0.0588235294117647,0.5678470588235295,8.0,92.6
Categoria_54,11,3,Turno_A,19,0,19,3,11,21,0.1578947368421052,0.5975684210526316,9.0,95.7
Categoria_54,9,2,Turno_A,14,0,14,13,13,7,0.9285714285714286,0.9285714285714286,11.0,82.6
Categoria_54,11,3,Turno_B,21,11,10,4,7,21,0.4,0.6702,7.0,88.9
Categoria_41,11,3,Turno_A,51,0,51,14,41,21,0.2745098039215686,0.8133019607843137,36.0,90.0
Categoria_68,13,3,Turno_B,53,0,53,0,35,35,0.0,0.6592,34.0,97.4
Categoria_52,12,3,Turno_A,189,12,177,3,130,28,0.0169491525423728,0.7353898305084746,114.0,92.6
Categoria_14,11,3,Turno_A,28,0,28,28,28,21,1.0,1.0,26.0,78.9
Categoria_67,11,3,Turno_B,30,0,30,2,17,21,0.0666666666666666,0.5772,14.0,98.2
Categoria_49,11,3,Turno_A,81,0,81,15,62,21,0.1851851851851851,0.7650370370370372,57.0,88.6
Categoria_67,9,2,Turno_A,28,28,0,0,0,7,0.0,0.1857333333333333,0.0,0.0
Categoria_66,10,3,Turno_A,33,0,33,3,14,14,0.0909090909090909,0.4348848484848484,11.0,92.2
Categoria_26,13,3,Turno_B,132,0,132,14,93,35,0.106060606060606,0.7036121212121212,78.0,95.4
Categoria_48,13,3,Turno_B,58,0,58,45,49,35,0.7758620689655172,0.849458620689655,48.0,88.5
Categoria_68,12,3,Turno_B,72,0,72,0,47,28,0.0,0.6592,45.0,96.8
Categoria_44,12,3,Turno_A,35,0,35,6,26,28,0.1714285714285714,0.7470857142857144,23.0,96.4
Categoria_24,12,3,Turno_A,33,0,33,5,15,28,0.1515151515151515,0.4623030303030303,12.0,98.4
Categoria_24,12,3,Turno_B,10,0,10,2,5,28,0.2,0.4720000000000001,4.0,97.4
Categoria_24,9,2,Turno_A,21,0,21,8,9,7,0.3809523809523809,0.4445714285714285,8.0,91.3
Categoria_59,10,3,Turno_B,20,0,20,7,9,14,0.35,0.4668,7.0,98.3
Categoria_35,11,3,Turno_B,173,2,171,0,146,21,0.0,0.8523,127.0,96.6
Categoria_09,9,2,Turno_B,95,0,95,56,60,7,0.5894736842105263,0.6324842105263158,58.0,97.4
Categoria_08,13,3,Turno_A,66,0,66,17,52,35,0.2575757575757575,0.7907151515151516,52.0,75.5
Categoria_08,14,3,Turno_A,66,0,66,14,52,42,0.2121212121212121,0.7816242424242426,52.0,75.6
Categoria_68,10,3,Turno_B,64,44,20,0,13,14,0.0,0.6592,14.0,85.9
Categoria_26,9,2,Turno_A,186,41,145,88,102,7,0.6068965517241379,0.7053379310344827,99.0,97.3
Categoria_68,10,3,Turno_A,55,0,55,12,39,14,0.2181818181818181,0.7028363636363637,36.0,93.1
Categoria_26,11,3,Turno_B,142,11,131,32,96,21,0.2442748091603053,0.7312549618320611,79.0,94.4
Categoria_61,14,3,Turno_B,118,0,118,0,64,42,0.0,0.5453,61.0,90.6
Categoria_04,13,3,Turno_A,11,0,11,0,3,35,0.0,0.2401,3.0,80.1
Categoria_26,12,3,Turno_B,197,10,187,22,132,28,0.1176470588235294,0.7059294117647059,116.0,97.3
Categoria_26,12,3,Turno_A,170,7,163,27,117,28,0.1656441717791411,0.7155288343558283,106.0,97.0
Categoria_68,13,3,Turno_A,67,0,67,0,44,35,0.0,0.6592,42.0,91.0
Categoria_09,12,3,Turno_A,120,0,120,10,69,28,0.0833333333333333,0.5742666666666667,68.0,85.1
Categoria_26,13,3,Turno_A,166,0,166,9,115,35,0.0542168674698795,0.6932433734939759,111.0,92.5
Categoria_68,11,3,Turno_A,53,0,53,1,35,21,0.0188679245283018,0.6629735849056604,34.0,95.4
Categoria_53,10,3,Turno_A,30,0,30,30,30,14,1.0,1.0,28.0,95.3
Categoria_38,10,3,Turno_A,6,0,6,6,6,14,1.0,1.0,6.0,94.2
Categoria_06,11,3,Turno_B,35,0,35,28,28,21,0.8,0.8,26.0,93.7
Categoria_37,10,3,Turno_B,18,0,18,18,18,14,1.0,1.0,17.0,96.8
Categoria_52,12,3,Turno_B,39,0,39,2,29,28,0.0512820512820512,0.7422564102564103,25.0,88.1
Categoria_48,10,3,Turno_A,51,0,51,51,51,14,1.0,1.0,48.0,98.1
Categoria_26,10,3,Turno_A,195,25,170,65,129,14,0.3823529411764705,0.7588705882352942,115.0,97.8
Categoria_20,10,3,Turno_B,26,0,26,26,26,14,1.0,1.0,24.0,94.9
Categoria_60,11,3,Turno_A,20,20,0,0,0,21,0.0,0.4697,0.0,0.0
Categoria_19,12,3,Turno_A,4,0,4,0,1,28,0.0,0.1770999999999999,1.0,74.2
Categoria_35,9,2,Turno_A,136,50,86,13,75,7,0.1511627906976744,0.8674162790697674,66.0,91.5
Categoria_35,13,3,Turno_A,206,2,204,1,174,35,0.0049019607843137,0.8527901960784313,153.0,92.9
Categoria_35,10,3,Turno_A,236,0,236,0,201,14,0.0,0.8523,171.0,92.5
Categoria_35,14,3,Turno_B,193,32,161,0,137,42,0.0,0.8523,120.0,94.1
Categoria_59,9,2,Turno_A,26,0,26,6,9,7,0.2307692307692307,0.3368615384615385,7.0,94.9
Categoria_49,9,2,Turno_B,61,0,61,61,61,7,1.0,1.0,58.0,97.6
Categoria_26,9,2,Turno_B,187,22,165,82,105,7,0.4969696969696969,0.6393818181818182,105.0,91.7
Categoria_52,9,2,Turno_A,189,16,173,31,82,7,0.1791907514450867,0.4735144508670521,105.0,84.0
Categoria_41,13,3,Turno_A,46,0,46,4,36,35,0.0869565217391304,0.7757913043478261,29.0,94.6
Categoria_52,11,3,Turno_A,139,0,139,7,103,21,0.0503597122302158,0.7420719424460432,83.0,97.9
Categoria_08,10,3,Turno_A,40,0,40,40,40,14,1.0,1.0,41.0,90.1
Categoria_61,12,3,Turno_B,66,0,66,0,36,28,0.0,0.5453,35.0,95.1
Categoria_09,11,3,Turno_A,44,0,44,20,29,21,0.4545454545454545,0.6485090909090909,27.0,91.9
Categoria_12,12,3,Turno_A,84,0,84,0,43,28,0.0,0.5168,47.0,90.0
Categoria_69,10,3,Turno_B,24,0,24,9,12,14,0.375,0.5070666666666667,13.0,81.8
Categoria_49,10,3,Turno_A,65,0,65,31,54,14,0.4769230769230769,0.8233846153846155,51.0,97.3
Categoria_11,13,3,Turno_B,34,0,34,10,23,35,0.2941176470588235,0.674135294117647,23.0,88.6
Categoria_68,11,3,Turno_B,79,0,79,7,53,21,0.0886075949367088,0.6769215189873418,55.0,86.6
Categoria_47,10,3,Turno_A,23,1,22,19,19,14,0.8636363636363636,0.8636363636363636,17.0,93.5
Categoria_62,11,3,Turno_A,46,0,46,0,26,21,0.0,0.5558,21.0,84.1
Categoria_66,11,3,Turno_A,16,0,16,0,9,21,0.0,0.5795999999999999,9.0,87.0
Categoria_09,12,3,Turno_B,95,0,95,20,57,28,0.2105263157894736,0.5997052631578947,58.0,95.7
Categoria_64,10,3,Turno_A,44,0,44,8,20,14,0.1818181818181818,0.4497696969696969,18.0,82.9
Categoria_68,9,2,Turno_A,76,37,39,22,26,7,0.5641025641025641,0.6680615384615385,22.0,95.1
Categoria_49,11,3,Turno_A,81,0,81,11,61,21,0.1358024691358024,0.7551604938271606,64.0,98.2
Categoria_61,13,3,Turno_B,118,0,118,2,65,35,0.0169491525423728,0.5503847457627119,61.0,88.4
Categoria_68,11,3,Turno_B,58,0,58,1,38,21,0.0172413793103448,0.662648275862069,36.0,98.0
Categoria_48,9,2,Turno_A,65,0,65,65,65,7,1.0,1.0,61.0,95.4
Categoria_64,13,3,Turno_B,34,0,34,0,18,35,0.0,0.5292,16.0,92.9
Categoria_26,10,3,Turno_C,7,0,7,0,5,14,0.0,0.6824,4.0,76.8
Categoria_44,11,3,Turno_B,27,12,15,5,12,21,0.3333333333333333,0.7794666666666668,13.0,92.8
Categoria_51,10,3,Turno_B,40,0,40,40,40,14,1.0,1.0,39.0,91.4
Categoria_35,12,3,Turno_A,205,2,203,1,173,28,0.0049261083743842,0.8527926108374384,153.0,91.5
Categoria_24,13,3,Turno_B,10,0,10,1,5,35,0.1,0.452,4.0,94.6
Categoria_44,10,3,Turno_A,44,15,29,28,28,14,0.9655172413793104,0.9655172413793104,26.0,93.4
Categoria_48,12,3,Turno_A,20,0,20,20,20,28,1.0,1.0,20.0,96.6
Categoria_59,13,3,Turno_B,26,0,26,1,11,35,0.0384615384615384,0.4044923076923077,8.0,94.8
Categoria_35,9,2,Turno_A,233,46,187,14,161,7,0.0748663101604278,0.8597866310160427,145.0,94.6
Categoria_35,14,3,Turno_A,190,2,188,0,160,42,0.0,0.8523,140.0,94.9
Categoria_35,13,3,Turno_B,115,12,103,0,88,35,0.0,0.8523,79.0,96.0
Categoria_09,9,2,Turno_A,120,27,93,42,51,7,0.4516129032258064,0.5497677419354838,56.0,82.2
Categoria_25,11,3,Turno_B,34,0,34,34,34,21,1.0,1.0,30.0,94.4
Categoria_52,13,3,Turno_A,60,0,60,0,44,35,0.0,0.7320000000000001,39.0,89.5
Categoria_36,11,3,Turno_A,50,0,50,0,30,21,0.0,0.6062,28.0,94.3
Categoria_09,13,3,Turno_B,56,0,56,4,32,35,0.0714285714285714,0.5718857142857142,31.0,85.4
Categoria_21,14,3,Turno_A,15,0,15,15,15,42,1.0,1.0,12.0,96.6
Categoria_33,12,3,Turno_A,9,0,9,0,1,28,0.0,0.1176,1.0,72.7
Categoria_68,11,3,Turno_A,54,0,54,0,36,21,0.0,0.6592,34.0,97.3
Categoria_68,12,3,Turno_A,54,0,54,0,36,28,0.0,0.6592,34.0,97.7
Categoria_12,14,3,Turno_B,36,0,36,0,19,42,0.0,0.5168,17.0,79.4
Categoria_18,12,3,Turno_A,8,0,8,0,0,28,0.0,0.0432,0.0,80.5
Categoria_41,10,3,Turno_C,5,0,5,5,5,14,1.0,1.0,5.0,94.0
Categoria_56,11,3,Turno_B,9,0,9,9,9,21,1.0,1.0,7.0,85.1
Categoria_41,10,3,Turno_A,45,0,45,41,42,14,0.9111111111111112,0.9406222222222222,42.0,89.9
Categoria_54,10,3,Turno_A,8,0,8,0,3,14,0.0,0.3667999999999999,3.0,78.9
Categoria_41,9,2,Turno_A,73,20,53,52,52,7,0.981132075471698,0.981132075471698,49.0,97.5
Categoria_14,10,3,Turno_C,8,0,8,8,8,14,1.0,1.0,10.0,91.5
Categoria_36,10,3,Turno_B,18,0,18,1,8,14,0.0555555555555555,0.4337629629629628,8.0,76.5
Categoria_08,14,3,Turno_B,27,0,27,1,20,42,0.037037037037037,0.7466074074074075,21.0,73.9
Categoria_12,12,3,Turno_B,43,0,43,0,22,28,0.0,0.5168,20.0,78.4
Categoria_60,11,3,Turno_A,65,0,65,0,31,21,0.0,0.4697,28.0,77.7
Categoria_52,11,3,Turno_A,185,0,185,7,137,21,0.0378378378378378,0.7395675675675677,121.0,97.7
Categoria_63,13,3,Turno_B,43,0,43,1,26,35,0.0232558139534883,0.6152767441860465,26.0,73.2
Categoria_64,12,3,Turno_A,58,0,58,0,31,28,0.0,0.5292,32.0,87.5
Categoria_51,11,3,Turno_B,50,0,50,4,31,21,0.08,0.6183,32.0,91.4
Categoria_34,13,3,Turno_B,41,0,41,0,23,35,0.0,0.5551,18.0,91.6
Categoria_45,13,3,Turno_B,30,0,30,0,17,35,0.0,0.5712,14.0,95.4
Categoria_45,10,3,Turno_A,12,0,12,11,11,14,0.9166666666666666,0.9166666666666666,10.0,88.2
Categoria_44,11,3,Turno_A,62,15,47,15,37,21,0.3191489361702128,0.7766297872340426,37.0,97.8
Categoria_20,11,3,Turno_A,20,20,0,0,0,21,0.0,0.6181,0.0,0.0
Categoria_24,9,2,Turno_B,10,10,0,0,0,7,0.0,0.216,0.0,0.0
Categoria_33,10,3,Turno_A,1,0,1,0,0,14,0.0,0.1176,0.0,86.9
Categoria_41,13,3,Turno_B,48,0,48,0,36,35,0.0,0.7584,34.0,89.7
Categoria_25,10,3,Turno_B,58,15,43,43,43,14,1.0,1.0,45.0,98.3
Categoria_65,11,3,Turno_A,85,0,85,1,52,21,0.0117647058823529,0.6062294117647058,54.0,93.4
Categoria_36,10,3,Turno_A,31,14,17,2,8,14,0.1176470588235294,0.4668784313725489,8.0,98.2
Categoria_09,11,3,Turno_A,71,0,71,28,45,21,0.3943661971830985,0.6364732394366197,46.0,97.9
Categoria_41,12,3,Turno_B,49,0,49,4,38,28,0.0816326530612244,0.7747265306122448,35.0,91.5
Categoria_25,13,3,Turno_B,12,0,12,12,12,35,1.0,1.0,10.0,83.2
Categoria_04,14,3,Turno_A,11,0,11,0,3,42,0.0,0.2401,3.0,80.4
Categoria_10,11,3,Turno_A,6,0,6,1,3,21,0.1666666666666666,0.4301,3.0,92.9
Categoria_26,11,3,Turno_A,258,75,183,30,131,21,0.1639344262295081,0.7151868852459017,132.0,82.5
Categoria_11,13,3,Turno_A,6,0,6,4,5,35,0.6666666666666666,0.7859,6.0,42.9
Categoria_44,13,3,Turno_A,35,0,35,2,25,35,0.0571428571428571,0.7242285714285716,23.0,96.6
Categoria_52,11,3,Turno_B,103,0,103,5,76,21,0.0485436893203883,0.7417087378640778,69.0,89.0
Categoria_09,10,3,Turno_B,92,17,75,29,48,14,0.3866666666666666,0.6349333333333333,47.0,98.3
Categoria_35,13,3,Turno_A,211,2,209,0,178,35,0.0,0.8523,158.0,98.0
Categoria_35,11,3,Turno_A,246,2,244,3,208,21,0.0122950819672131,0.8535295081967212,174.0,97.5
Categoria_40,14,3,Turno_B,17,0,17,0,8,42,0.0,0.4514999999999999,7.0,90.4
Categoria_64,14,3,Turno_A,93,11,82,0,43,42,0.0,0.5292,43.0,96.0
Categoria_12,11,3,Turno_B,37,0,37,7,21,21,0.1891891891891892,0.5546378378378378,19.0,90.7
Categoria_40,10,3,Turno_A,12,0,12,0,4,14,0.0,0.3009999999999999,4.0,90.6
Categoria_51,10,3,Turno_C,4,0,4,4,4,14,1.0,1.0,4.0,78.3
Categoria_66,11,3,Turno_A,80,0,80,5,48,21,0.0625,0.5983499999999999,53.0,96.4
Categoria_45,10,3,Turno_B,13,0,13,7,9,14,0.5384615384615384,0.6788923076923077,6.0,90.4
Categoria_45,10,3,Turno_B,8,0,8,5,6,14,0.625,0.6962,5.0,83.9
Categoria_44,9,2,Turno_B,25,0,25,23,23,7,0.92,0.92,21.0,96.1
Categoria_26,11,3,Turno_B,116,0,116,40,87,21,0.3448275862068966,0.7513655172413793,73.0,97.0
Categoria_59,11,3,Turno_B,26,0,26,8,12,21,0.3076923076923077,0.4583384615384616,9.0,88.7
Categoria_35,13,3,Turno_B,217,32,185,0,158,35,0.0,0.8523,141.0,97.5
Categoria_48,14,3,Turno_A,49,0,49,39,42,42,0.7959183673469388,0.8554755102040816,41.0,95.1
Categoria_52,10,3,Turno_B,82,12,70,20,55,14,0.2857142857142857,0.7891428571428573,50.0,90.1
Categoria_Desconocida,10,3,Turno_B,21,0,21,6,15,14,0.2857142857142857,0.6971428571428573,14.0,93.6
Categoria_15,9,2,Turno_B,10,10,0,0,0,7,0.0,0.1453666666666666,0.0,0.0
Categoria_05,10,3,Turno_A,25,0,25,25,25,14,1.0,1.0,23.0,95.0
Categoria_08,11,3,Turno_A,58,18,40,16,33,21,0.4,0.8192000000000002,42.0,90.8
Categoria_09,11,3,Turno_B,115,12,103,31,64,21,0.3009708737864077,0.6177941747572815,60.0,95.8
Categoria_25,11,3,Turno_B,21,0,21,21,21,21,1.0,1.0,18.0,95.8
Categoria_61,14,3,Turno_A,17,0,17,0,9,42,0.0,0.5453,9.0,86.5
Categoria_08,10,3,Turno_B,20,0,20,20,20,14,1.0,1.0,20.0,87.1
Categoria_61,9,2,Turno_B,106,40,66,17,25,7,0.2575757575757575,0.3792414141414141,40.0,84.1
Categoria_24,10,3,Turno_A,11,0,11,5,6,14,0.4545454545454545,0.522909090909091,4.0,78.1
Categoria_40,13,3,Turno_A,39,0,39,0,18,35,0.0,0.4514999999999999,17.0,75.3
Categoria_41,13,3,Turno_A,58,0,58,1,44,35,0.0172413793103448,0.7618482758620689,41.0,97.2
Categoria_65,11,3,Turno_B,41,0,41,3,26,21,0.073170731707317,0.624651219512195,25.0,86.7
Categoria_09,11,3,Turno_B,101,0,101,42,65,21,0.4158415841584158,0.6407683168316831,65.0,96.5
Categoria_52,10,3,Turno_A,154,3,151,16,114,14,0.1059602649006622,0.7531920529801326,106.0,97.0
Categoria_06,10,3,Turno_B,14,0,14,14,14,14,1.0,1.0,12.0,97.4
Categoria_65,11,3,Turno_B,35,0,35,8,23,21,0.2285714285714285,0.6712714285714285,21.0,97.4
Categoria_51,11,3,Turno_B,36,0,36,10,24,21,0.2777777777777778,0.6776333333333333,24.0,82.7
Categoria_34,9,2,Turno_B,36,24,12,1,3,7,0.0833333333333333,0.2489222222222221,7.0,33.6
Categoria_62,9,2,Turno_A,27,12,15,15,15,7,1.0,1.0,16.0,85.8
Categoria_24,14,3,Turno_B,10,0,10,0,4,42,0.0,0.432,4.0,98.2
Categoria_24,14,3,Turno_A,12,0,12,0,5,42,0.0,0.432,4.0,95.6
Categoria_65,9,2,Turno_B,68,20,48,16,22,7,0.3333333333333333,0.4564555555555555,23.0,78.9
Categoria_60,9,2,Turno_B,16,0,16,7,8,7,0.4375,0.4919833333333333,6.0,79.5
Categoria_41,10,3,Turno_B,43,0,43,37,40,14,0.8604651162790697,0.930493023255814,39.0,92.7
Categoria_36,10,3,Turno_B,30,12,18,1,8,14,0.0555555555555555,0.4337629629629628,7.0,88.2
Categoria_27,10,3,Turno_B,6,0,6,0,2,14,0.0,0.2575999999999999,2.0,86.8
Categoria_64,9,2,Turno_B,18,0,18,5,7,7,0.2777777777777778,0.3893629629629629,7.0,94.5
Categoria_66,10,3,Turno_A,38,0,38,20,25,14,0.5263157894736842,0.6671017543859649,23.0,91.3
Categoria_49,12,3,Turno_B,61,0,61,4,45,28,0.0655737704918032,0.7411147540983607,43.0,87.1
Categoria_09,13,3,Turno_A,102,0,102,13,59,35,0.1274509803921568,0.5830901960784314,60.0,97.1
Categoria_41,12,3,Turno_A,73,0,73,3,56,28,0.0410958904109589,0.7666191780821917,53.0,93.1
Categoria_12,9,2,Turno_A,84,45,39,30,30,7,0.7692307692307693,0.7692307692307693,29.0,90.8
Categoria_47,13,3,Turno_A,25,0,25,0,13,35,0.0,0.5313,11.0,84.8
Categoria_51,11,3,Turno_A,18,0,18,7,13,21,0.3888888888888889,0.7109666666666666,13.0,85.1
Categoria_52,9,2,Turno_B,39,0,39,7,18,7,0.1794871794871795,0.4736923076923077,15.0,86.2
Categoria_53,13,3,Turno_A,35,0,35,7,26,35,0.2,0.7496,25.0,80.0
Categoria_04,13,3,Turno_A,2,0,2,0,0,35,0.0,0.2401,0.0,86.9
Categoria_03,10,3,Turno_B,6,0,6,0,1,14,0.0,0.1493333333333333,1.0,74.7
Categoria_34,10,3,Turno_A,67,0,67,0,25,14,0.0,0.3700666666666666,23.0,83.8
Categoria_24,12,3,Turno_A,27,0,27,3,12,28,0.1111111111111111,0.4542222222222222,9.0,90.4
Categoria_35,10,3,Turno_B,156,10,146,1,125,14,0.0068493150684931,0.8529849315068493,105.0,94.5
Categoria_Desconocida,9,2,Turno_A,15,0,15,0,5,7,0.0,0.32,6.0,92.3
Categoria_49,9,2,Turno_A,44,8,36,36,36,7,1.0,1.0,35.0,98.5
Categoria_36,10,3,Turno_A,31,17,14,2,7,14,0.1428571428571428,0.4803238095238094,8.0,87.7
Categoria_Desconocida,9,2,Turno_A,23,0,23,23,23,7,1.0,1.0,21.0,96.9
Categoria_Desconocida,12,3,Turno_A,23,0,23,0,15,28,0.0,0.6400000000000001,13.0,92.5
Categoria_26,13,3,Turno_A,132,21,111,43,84,35,0.3873873873873873,0.7598774774774775,71.0,90.3
Categoria_32,9,2,Turno_A,6,0,6,3,3,7,0.5,0.5151666666666667,2.0,96.8
Categoria_64,12,3,Turno_A,16,0,16,0,8,28,0.0,0.5292,8.0,78.0
Categoria_44,14,3,Turno_A,35,0,35,0,25,42,0.0,0.7128000000000001,23.0,96.6
Categoria_49,10,3,Turno_B,52,0,52,38,45,14,0.7307692307692307,0.8741538461538463,40.0,91.5
Categoria_28,10,3,Turno_B,15,0,15,15,15,14,1.0,1.0,14.0,95.4
Categoria_54,9,2,Turno_B,10,0,10,7,7,7,0.7,0.7200666666666666,6.0,96.9
Categoria_67,14,3,Turno_A,73,0,73,0,41,42,0.0,0.5572,38.0,91.8
Categoria_26,10,3,Turno_B,153,26,127,76,102,14,0.5984251968503937,0.8020850393700788,92.0,96.4
Categoria_58,9,2,Turno_A,31,0,31,31,31,7,1.0,1.0,30.0,97.1
Categoria_54,10,3,Turno_B,8,0,8,6,6,14,0.75,0.7668,4.0,95.3
Categoria_42,11,3,Turno_B,27,0,27,27,27,21,1.0,1.0,25.0,96.1
Categoria_14,11,3,Turno_A,34,0,34,34,34,21,1.0,1.0,31.0,89.2
Categoria_09,10,3,Turno_A,82,33,49,32,34,14,0.6530612244897959,0.6882122448979592,36.0,94.7
Categoria_12,9,2,Turno_B,68,40,28,13,15,7,0.4642857142857143,0.5369714285714287,17.0,85.4
Categoria_68,9,2,Turno_B,72,0,72,24,38,7,0.3333333333333333,0.5296,37.0,95.4
Categoria_63,14,3,Turno_A,71,0,71,0,43,42,0.0,0.6083,45.0,68.0
Categoria_12,10,3,Turno_A,78,19,59,13,33,14,0.2203389830508474,0.5608677966101695,35.0,94.8
Categoria_61,10,3,Turno_A,22,22,0,0,0,14,0.0,0.3635333333333332,0.0,0.0
Categoria_20,12,3,Turno_A,20,0,20,20,20,28,1.0,1.0,19.0,96.3
Categoria_20,11,3,Turno_B,38,38,0,0,0,21,0.0,0.6181,2.0,0.0
Categoria_59,10,3,Turno_A,23,0,23,4,10,14,0.1739130434782608,0.4315826086956522,7.0,97.3
Categoria_24,10,3,Turno_A,12,0,12,4,6,14,0.3333333333333333,0.4986666666666667,5.0,96.9
Categoria_24,9,2,Turno_B,10,0,10,7,7,7,0.7,0.7,6.0,98.5
Categoria_48,14,3,Turno_B,58,0,58,28,44,42,0.4827586206896552,0.7615275862068965,44.0,86.7
Categoria_59,12,3,Turno_B,20,0,20,2,8,28,0.1,0.4168,7.0,98.6
Categoria_69,13,3,Turno_A,17,0,17,0,8,35,0.0,0.4606,7.0,83.6
Categoria_34,12,3,Turno_A,42,0,42,0,23,28,0.0,0.5551,18.0,93.8
Categoria_14,12,3,Turno_B,15,0,15,15,15,28,1.0,1.0,14.0,94.8
Categoria_12,9,2,Turno_A,76,62,14,2,5,7,0.1428571428571428,0.3441142857142857,3.0,0.0
Categoria_58,13,3,Turno_A,31,0,31,14,25,35,0.4516129032258064,0.8119225806451613,23.0,94.7
Categoria_41,11,3,Turno_A,48,0,48,10,38,21,0.2083333333333333,0.8000666666666666,33.0,92.9
Categoria_41,11,3,Turno_B,41,0,41,14,34,21,0.3414634146341463,0.8266926829268293,34.0,95.4
Categoria_53,12,3,Turno_B,18,0,18,5,14,28,0.2777777777777778,0.7651555555555556,16.0,88.2
Categoria_67,12,3,Turno_A,32,0,32,0,18,28,0.0,0.5572,13.0,93.4
Categoria_12,13,3,Turno_B,36,0,36,2,19,35,0.0555555555555555,0.5279111111111111,17.0,79.4
Categoria_53,11,3,Turno_A,27,0,27,21,23,21,0.7777777777777778,0.8651555555555556,23.0,97.1
Categoria_68,13,3,Turno_A,108,0,108,0,71,35,0.0,0.6592,61.0,94.7
Categoria_22,9,2,Turno_B,8,8,0,0,0,7,0.0,0.1992666666666666,0.0,0.0
Categoria_40,14,3,Turno_A,26,0,26,0,12,42,0.0,0.4514999999999999,10.0,81.0
Categoria_33,12,3,Turno_B,2,0,2,0,0,28,0.0,0.1176,0.0,77.1
Categoria_51,12,3,Turno_B,41,21,20,1,12,28,0.05,0.6093,16.0,88.9
Categoria_51,9,2,Turno_B,41,0,41,41,41,7,1.0,1.0,41.0,92.2
Categoria_24,11,3,Turno_B,25,0,25,13,13,21,0.52,0.536,12.0,92.8
Categoria_24,10,3,Turno_B,10,0,10,3,5,14,0.3,0.492,4.0,94.0
Categoria_35,12,3,Turno_A,158,0,158,0,135,28,0.0,0.8523,119.0,91.3
Categoria_Desconocida,9,2,Turno_B,6,0,6,0,2,7,0.0,0.32,2.0,59.6
Categoria_08,13,3,Turno_A,71,0,71,34,59,35,0.4788732394366197,0.834974647887324,61.0,85.2
Categoria_21,13,3,Turno_A,15,0,15,15,15,35,1.0,1.0,12.0,96.3
Categoria_21,13,3,Turno_B,6,0,6,6,6,35,1.0,1.0,6.0,83.1
Categoria_21,10,3,Turno_A,12,0,12,12,12,14,1.0,1.0,11.0,77.7
Categoria_12,10,3,Turno_B,59,8,51,5,27,14,0.0980392156862745,0.536407843137255,29.0,88.6
Categoria_12,12,3,Turno_A,76,0,76,4,40,28,0.0526315789473684,0.5273263157894738,37.0,85.2
Categoria_28,13,3,Turno_A,18,0,18,0,9,35,0.0,0.5271,9.0,80.4
Categoria_65,12,3,Turno_A,39,0,39,0,24,28,0.0,0.6026999999999999,22.0,86.9
Categoria_54,12,3,Turno_A,14,0,14,1,8,28,0.0714285714285714,0.5716285714285715,6.0,87.1
Categoria_60,10,3,Turno_A,76,16,60,29,34,14,0.4833333333333333,0.5709111111111111,28.0,77.2
Categoria_46,9,2,Turno_A,15,15,0,0,0,7,0.0,0.1838666666666666,0.0,0.0
Categoria_12,11,3,Turno_A,94,0,94,4,49,21,0.0425531914893617,0.5253106382978724,48.0,93.3
Categoria_53,11,3,Turno_A,28,0,28,16,23,21,0.5714285714285714,0.8238857142857143,22.0,95.8
Categoria_44,10,3,Turno_A,49,0,49,31,41,14,0.6326530612244898,0.839330612244898,36.0,98.5
Categoria_45,12,3,Turno_B,11,0,11,1,6,28,0.0909090909090909,0.5893818181818182,5.0,80.3
Categoria_44,9,2,Turno_A,35,0,35,32,32,7,0.9142857142857144,0.9142857142857144,30.0,98.4
Categoria_12,14,3,Turno_A,106,0,106,1,55,42,0.0094339622641509,0.5186867924528302,54.0,97.7
Categoria_12,13,3,Turno_A,106,0,106,0,55,35,0.0,0.5168,54.0,97.5
Categoria_23,9,2,Turno_A,32,32,0,0,0,7,0.0,0.056,0.0,0.0
Categoria_63,10,3,Turno_A,78,6,72,32,46,14,0.4444444444444444,0.6425703703703703,54.0,74.7
Categoria_41,11,3,Turno_B,62,0,62,4,48,21,0.064516129032258,0.7713032258064516,43.0,96.3
Categoria_48,11,3,Turno_A,33,0,33,33,33,21,1.0,1.0,32.0,93.5
Categoria_48,9,2,Turno_A,20,0,20,20,20,7,1.0,1.0,20.0,98.1
Categoria_62,9,2,Turno_B,34,14,20,12,13,7,0.6,0.6452666666666667,12.0,86.4
Categoria_05,13,3,Turno_A,16,0,16,2,8,35,0.125,0.5016,8.0,82.7
Categoria_26,11,3,Turno_A,151,16,135,5,93,21,0.037037037037037,0.6898074074074074,80.0,95.4
Categoria_37,14,3,Turno_A,12,0,12,2,8,42,0.1666666666666666,0.6695,7.0,88.0
Categoria_28,13,3,Turno_B,15,0,15,1,8,35,0.0666666666666666,0.5471,9.0,87.4
Categoria_61,12,3,Turno_B,92,20,72,1,40,28,0.0138888888888888,0.5494666666666667,37.0,84.6
Categoria_38,9,2,Turno_A,6,6,0,0,0,7,0.0,0.1726666666666666,0.0,0.0
Categoria_38,9,2,Turno_A,6,6,0,0,0,7,0.0,0.1726666666666666,0.0,0.0
Categoria_36,12,3,Turno_A,27,0,27,0,16,28,0.0,0.6062,14.0,96.0
Categoria_34,10,3,Turno_B,36,0,36,4,15,14,0.1111111111111111,0.4293259259259259,13.0,89.7
Categoria_48,12,3,Turno_B,49,0,49,49,49,28,1.0,1.0,48.0,97.0
Categoria_44,13,3,Turno_B,23,0,23,4,17,35,0.1739130434782608,0.7475826086956523,15.0,94.1
Categoria_53,9,2,Turno_B,19,0,19,19,19,7,1.0,1.0,19.0,94.5
Categoria_24,12,3,Turno_B,10,0,10,1,5,28,0.1,0.452,4.0,91.8
Categoria_21,12,3,Turno_A,15,0,15,15,15,28,1.0,1.0,13.0,98.4
Categoria_02,11,3,Turno_A,15,0,15,14,14,21,0.9333333333333332,0.9333333333333332,14.0,97.2
Categoria_69,9,2,Turno_B,24,0,24,20,20,7,0.8333333333333334,0.8333333333333334,18.0,74.9
Categoria_25,9,2,Turno_B,19,13,6,6,6,7,1.0,1.0,5.0,85.8
Categoria_60,9,2,Turno_A,46,31,15,10,10,7,0.6666666666666666,0.6676777777777777,11.0,84.3
Categoria_49,13,3,Turno_A,16,0,16,14,14,35,0.875,0.903,14.0,90.3
Categoria_63,11,3,Turno_A,24,0,24,2,15,21,0.0833333333333333,0.6333,16.0,73.1
Categoria_43,10,3,Turno_A,6,0,6,6,6,14,1.0,1.0,9.0,95.4
Categoria_43,13,3,Turno_A,6,0,6,0,4,35,0.0,0.5901,8.0,94.2
Categoria_43,11,3,Turno_B,8,0,8,4,6,21,0.5,0.7401,10.0,96.3
Categoria_46,13,3,Turno_A,15,0,15,1,9,35,0.0666666666666666,0.5716,8.0,85.1
Categoria_49,11,3,Turno_B,33,0,33,9,26,21,0.2727272727272727,0.7825454545454547,22.0,97.9
Categoria_48,10,3,Turno_B,12,0,12,12,12,14,1.0,1.0,10.0,90.6
Categoria_20,9,2,Turno_A,44,0,44,44,44,7,1.0,1.0,41.0,97.3
Categoria_20,10,3,Turno_B,32,14,18,18,18,14,1.0,1.0,17.0,93.3
Categoria_62,13,3,Turno_B,14,0,14,0,8,35,0.0,0.5558,6.0,79.7
Categoria_59,11,3,Turno_A,14,0,14,1,6,21,0.0714285714285714,0.4110857142857143,5.0,96.5
Categoria_59,12,3,Turno_A,26,0,26,3,11,28,0.1153846153846153,0.4198769230769231,8.0,97.7
Categoria_23,10,3,Turno_A,32,32,0,0,0,14,0.0,0.112,0.0,0.0
Categoria_23,13,3,Turno_A,8,0,8,0,1,35,0.0,0.112,1.0,60.7
Categoria_24,13,3,Turno_A,12,0,12,1,5,35,0.0833333333333333,0.4486666666666667,4.0,96.0
Categoria_07,9,2,Turno_B,13,9,4,4,4,7,1.0,1.0,4.0,36.3
Categoria_52,11,3,Turno_B,38,0,38,0,28,21,0.0,0.7320000000000001,25.0,86.0
Categoria_35,12,3,Turno_B,116,2,114,0,97,28,0.0,0.8523,87.0,96.1
Categoria_14,10,3,Turno_B,38,0,38,38,38,14,1.0,1.0,34.0,90.3
Categoria_08,12,3,Turno_A,13,0,13,6,11,28,0.4615384615384615,0.8315076923076924,12.0,54.7
Categoria_56,12,3,Turno_B,8,0,8,4,6,28,0.5,0.7295999999999999,5.0,82.6
Categoria_14,11,3,Turno_B,4,0,4,0,2,21,0.0,0.4543,3.0,35.0
Categoria_58,10,3,Turno_A,17,0,17,17,17,14,1.0,1.0,18.0,96.0
Categoria_14,13,3,Turno_A,26,26,0,0,0,35,0.0,0.4543,0.0,0.0
Categoria_44,9,2,Turno_B,40,12,28,28,28,7,1.0,1.0,26.0,95.3
Categoria_66,13,3,Turno_A,39,0,39,0,23,35,0.0,0.5795999999999999,21.0,91.5
Categoria_54,13,3,Turno_B,10,0,10,5,7,35,0.5,0.7002,7.0,95.7
Categoria_44,14,3,Turno_B,23,0,23,1,17,42,0.0434782608695652,0.7214956521739131,15.0,94.1
Categoria_44,9,2,Turno_A,36,0,36,36,36,7,1.0,1.0,31.0,95.2
Categoria_40,13,3,Turno_A,26,0,26,1,12,35,0.0384615384615384,0.4630384615384615,10.0,81.0
Categoria_62,12,3,Turno_A,28,15,13,0,7,28,0.0,0.5558,7.0,72.3
Categoria_51,13,3,Turno_B,46,0,46,0,27,35,0.0,0.5942999999999999,25.0,97.1
Categoria_63,13,3,Turno_A,15,0,15,0,9,35,0.0,0.6083,9.0,82.5
Categoria_59,11,3,Turno_B,20,0,20,7,9,21,0.35,0.4668,7.0,95.1
Categoria_65,13,3,Turno_A,21,0,21,0,13,35,0.0,0.6026999999999999,11.0,85.8
Categoria_48,13,3,Turno_A,49,0,49,38,42,35,0.7755102040816326,0.8493530612244897,41.0,95.0
Categoria_07,10,3,Turno_A,5,0,5,1,2,14,0.2,0.3638,2.0,67.8
Categoria_21,11,3,Turno_A,12,0,12,12,12,21,1.0,1.0,12.0,86.7
Categoria_04,14,3,Turno_B,4,0,4,0,1,42,0.0,0.2401,1.0,93.2
Categoria_49,12,3,Turno_A,44,0,44,1,32,28,0.0227272727272727,0.7325454545454546,29.0,91.4
Categoria_08,9,2,Turno_B,2,2,0,0,0,7,0.0,0.3696,0.0,0.0
Categoria_61,9,2,Turno_A,22,22,0,0,0,7,0.0,0.1817666666666666,0.0,0.0
Categoria_20,10,3,Turno_A,42,0,42,42,42,14,1.0,1.0,42.0,98.1
Categoria_59,13,3,Turno_A,14,0,14,1,6,35,0.0714285714285714,0.4110857142857143,5.0,97.3
Categoria_23,12,3,Turno_A,32,0,32,0,4,28,0.0,0.112,3.0,90.9
Categoria_53,9,2,Turno_A,17,6,11,11,11,7,1.0,1.0,11.0,96.9
Categoria_48,9,2,Turno_B,49,0,49,49,49,7,1.0,1.0,48.0,96.9
Categoria_60,10,3,Turno_B,40,0,40,2,14,14,0.05,0.3397999999999999,12.0,87.8
Categoria_65,10,3,Turno_A,99,21,78,9,36,14,0.1153846153846153,0.4633384615384614,40.0,84.9
Categoria_60,12,3,Turno_A,46,0,46,1,22,28,0.0217391304347826,0.4762217391304348,18.0,85.8
Categoria_37,13,3,Turno_B,19,0,19,1,12,35,0.0526315789473684,0.6352894736842105,10.0,83.2
Categoria_34,9,2,Turno_A,42,0,42,3,10,7,0.0714285714285714,0.239795238095238,11.0,97.8
Categoria_14,9,2,Turno_B,15,0,15,15,15,7,1.0,1.0,14.0,92.3
Categoria_37,10,3,Turno_A,12,0,12,12,12,14,1.0,1.0,12.0,94.6
Categoria_08,11,3,Turno_B,22,0,22,11,18,21,0.5,0.8392000000000001,18.0,71.0
Categoria_28,11,3,Turno_A,18,0,18,2,10,21,0.1111111111111111,0.5604333333333333,9.0,83.0
Categoria_56,10,3,Turno_A,12,0,12,12,12,14,1.0,1.0,12.0,96.3
Categoria_60,13,3,Turno_B,20,0,20,0,9,35,0.0,0.4697,7.0,97.6
Categoria_49,13,3,Turno_B,34,0,34,4,26,35,0.1176470588235294,0.751529411764706,22.0,82.7
Categoria_52,13,3,Turno_A,151,0,151,1,111,35,0.0066225165562913,0.7333245033112584,91.0,98.0
Categoria_05,10,3,Turno_B,16,0,16,15,15,14,0.9375,0.9375,14.0,95.0
Categoria_34,11,3,Turno_A,54,0,54,0,30,21,0.0,0.5551,25.0,82.3
Categoria_61,9,2,Turno_B,72,33,39,39,39,7,1.0,1.0,36.0,97.8
Categoria_49,11,3,Turno_B,31,0,31,13,25,21,0.4193548387096774,0.8118709677419356,22.0,95.0
Categoria_38,11,3,Turno_A,3,0,3,3,3,21,1.0,1.0,3.0,96.9
Categoria_67,9,2,Turno_A,52,0,52,26,30,7,0.5,0.5690666666666666,26.0,91.7
Categoria_37,11,3,Turno_B,24,0,24,24,24,21,1.0,1.0,22.0,96.1
Categoria_61,11,3,Turno_B,67,0,67,5,38,21,0.0746268656716417,0.5676880597014925,36.0,95.2
Categoria_22,11,3,Turno_B,10,0,10,10,10,21,1.0,1.0,9.0,89.8
Categoria_62,13,3,Turno_A,37,0,37,1,21,35,0.027027027027027,0.5639081081081081,18.0,87.3
Categoria_59,11,3,Turno_A,11,0,11,2,5,21,0.1818181818181818,0.4331636363636364,4.0,94.8
Categoria_Desconocida,11,3,Turno_A,47,0,47,1,30,21,0.0212765957446808,0.6442553191489363,30.0,96.2
Categoria_10,10,3,Turno_A,8,0,8,7,7,14,0.875,0.875,8.0,97.4
Categoria_05,12,3,Turno_A,9,0,9,0,4,28,0.0,0.4641,4.0,97.1
Categoria_11,9,2,Turno_B,14,0,14,14,14,7,1.0,1.0,17.0,97.4
Categoria_04,9,2,Turno_A,9,0,9,0,1,7,0.0,0.0800333333333333,1.0,70.3
Categoria_32,11,3,Turno_B,5,0,5,2,3,21,0.4,0.5155,3.0,90.9
Categoria_28,10,3,Turno_B,15,0,15,15,15,14,1.0,1.0,14.0,97.8
Categoria_30,12,3,Turno_B,6,0,6,0,2,28,0.0,0.2723,2.0,83.0
Categoria_50,9,2,Turno_A,16,0,16,16,16,7,1.0,1.0,14.0,91.8
Categoria_56,11,3,Turno_A,9,0,9,9,9,21,1.0,1.0,7.0,89.9
Categoria_54,12,3,Turno_B,19,0,19,1,11,28,0.0526315789473684,0.5659894736842106,9.0,94.4
Categoria_38,12,3,Turno_A,6,0,6,1,3,28,0.1666666666666666,0.5680000000000001,2.0,96.5
Categoria_62,10,3,Turno_B,21,0,21,1,8,14,0.0476190476190476,0.3959301587301587,7.0,97.6
Categoria_10,11,3,Turno_B,6,0,6,0,2,21,0.0,0.3801,2.0,95.7
Categoria_68,10,3,Turno_C,8,0,8,0,5,14,0.0,0.6592,5.0,91.4
Categoria_51,13,3,Turno_A,16,0,16,1,10,35,0.0625,0.61305,9.0,87.7
Categoria_59,9,2,Turno_B,20,0,20,8,9,7,0.4,0.4384,7.0,98.0
Categoria_65,11,3,Turno_A,113,0,113,1,68,21,0.0088495575221238,0.6053548672566371,63.0,92.4
Categoria_11,13,3,Turno_B,14,0,14,0,8,35,0.0,0.5859,7.0,71.2
Categoria_52,13,3,Turno_B,41,0,41,0,30,35,0.0,0.7320000000000001,26.0,92.4
Categoria_69,12,3,Turno_B,24,15,9,1,4,28,0.1111111111111111,0.4939333333333333,3.0,0.0
Categoria_04,12,3,Turno_A,9,0,9,0,2,28,0.0,0.2401,2.0,80.3
Categoria_58,12,3,Turno_A,31,15,16,7,13,28,0.4375,0.8091,13.0,84.5
Categoria_47,12,3,Turno_A,25,0,25,1,14,28,0.04,0.5433,12.0,89.3
Categoria_20,10,3,Turno_A,38,0,38,38,38,14,1.0,1.0,33.0,89.5
Categoria_40,12,3,Turno_A,27,0,27,0,12,28,0.0,0.4514999999999999,9.0,82.3
Categoria_05,9,2,Turno_B,3,3,0,0,0,7,0.0,0.1546999999999999,0.0,0.0
Categoria_07,14,3,Turno_A,10,0,10,0,4,42,0.0,0.3857,4.0,95.2
Categoria_50,9,2,Turno_B,6,0,6,1,3,7,0.1666666666666666,0.4604,1.0,0.0
Categoria_04,13,3,Turno_B,4,0,4,0,1,35,0.0,0.2401,1.0,93.2
Categoria_08,13,3,Turno_B,31,0,31,9,25,35,0.2903225806451613,0.7972645161290324,27.0,71.7
Categoria_41,9,2,Turno_B,49,17,32,32,32,7,1.0,1.0,30.0,98.2
Categoria_12,9,2,Turno_B,43,0,43,15,20,7,0.3488372093023256,0.4677023255813953,18.0,76.8
Categoria_35,9,2,Turno_B,110,24,86,7,74,7,0.0813953488372093,0.8604395348837208,61.0,94.9
Categoria_15,11,3,Turno_B,18,0,18,1,8,21,0.0555555555555555,0.4527666666666666,7.0,87.5
Categoria_60,10,3,Turno_B,32,0,32,0,10,14,0.0,0.3131333333333332,5.0,39.5
Categoria_29,11,3,Turno_B,6,0,6,5,5,21,0.8333333333333334,0.8333333333333334,4.0,96.8
Categoria_50,12,3,Turno_B,6,0,6,0,4,28,0.0,0.7208000000000001,2.0,0.0
Categoria_04,13,3,Turno_B,4,0,4,0,1,35,0.0,0.2401,1.0,95.2
Categoria_67,13,3,Turno_A,28,0,28,0,16,35,0.0,0.5572,14.0,94.3
Categoria_38,12,3,Turno_A,6,0,6,1,3,28,0.1666666666666666,0.5680000000000001,2.0,87.5
Categoria_34,11,3,Turno_B,24,0,24,0,13,21,0.0,0.5551,12.0,73.6
Categoria_64,9,2,Turno_A,58,46,12,9,9,7,0.75,0.7514000000000001,10.0,89.8
Categoria_64,10,3,Turno_B,16,0,16,1,6,14,0.0625,0.3861333333333333,6.0,87.6
Categoria_04,12,3,Turno_C,2,0,2,0,0,28,0.0,0.2401,0.0,96.6
Categoria_08,9,2,Turno_A,13,5,8,8,8,7,1.0,1.0,11.0,94.0
Categoria_33,13,3,Turno_A,8,0,8,0,1,35,0.0,0.1176,1.0,78.9
Categoria_43,13,3,Turno_A,9,0,9,0,5,35,0.0,0.5901,5.0,81.5
Categoria_33,10,3,Turno_C,1,0,1,0,0,14,0.0,0.1176,0.0,93.4
Categoria_48,12,3,Turno_A,54,0,54,50,50,28,0.925925925925926,0.925925925925926,51.0,95.1
Categoria_42,13,3,Turno_B,6,6,0,0,0,35,0.0,0.588,0.0,0.0
Categoria_17,9,2,Turno_B,3,0,3,2,2,7,0.6666666666666666,0.6666666666666666,1.0,50.5
Categoria_17,9,2,Turno_C,8,8,0,0,0,7,0.0,0.1250666666666666,0.0,0.0
Categoria_36,11,3,Turno_B,26,0,26,0,16,21,0.0,0.6062,14.0,92.1
Categoria_62,11,3,Turno_A,18,0,18,0,10,21,0.0,0.5558,9.0,93.1
Categoria_63,13,3,Turno_A,71,0,71,2,44,35,0.028169014084507,0.616750704225352,49.0,74.1
Categoria_66,9,2,Turno_A,21,0,21,21,21,7,1.0,1.0,18.0,95.5
Categoria_44,12,3,Turno_B,40,0,40,10,31,28,0.25,0.7628000000000001,27.0,94.2
Categoria_45,9,2,Turno_B,11,11,0,0,0,7,0.0,0.2856,0.0,0.0
Categoria_03,10,3,Turno_B,5,0,5,0,1,14,0.0,0.1493333333333333,1.0,82.7
Categoria_10,10,3,Turno_B,4,0,4,4,4,14,1.0,1.0,4.0,90.2
Categoria_54,9,2,Turno_A,17,0,17,14,14,7,0.8235294117647058,0.8235294117647058,11.0,91.7
Categoria_53,12,3,Turno_A,17,0,17,7,13,28,0.4117647058823529,0.7919529411764706,13.0,68.4
Categoria_40,11,3,Turno_A,19,0,19,0,9,21,0.0,0.4514999999999999,7.0,74.9
Categoria_66,10,3,Turno_B,12,12,0,0,0,14,0.0,0.3863999999999999,0.0,0.0
Categoria_04,9,2,Turno_C,2,0,2,0,0,7,0.0,0.0800333333333333,0.0,96.7
Categoria_66,12,3,Turno_A,21,0,21,0,12,28,0.0,0.5795999999999999,10.0,84.6
Categoria_56,13,3,Turno_A,19,0,19,6,13,35,0.3157894736842105,0.674336842105263,10.0,95.2
Categoria_22,12,3,Turno_B,8,0,8,8,8,28,1.0,1.0,7.0,98.2
Categoria_44,12,3,Turno_A,36,0,36,4,26,28,0.1111111111111111,0.7350222222222224,23.0,96.8
Categoria_24,11,3,Turno_A,12,0,12,1,5,21,0.0833333333333333,0.4486666666666667,4.0,96.8
Categoria_24,9,2,Turno_A,12,12,0,0,0,7,0.0,0.216,0.0,0.0
Categoria_62,12,3,Turno_B,34,0,34,0,19,28,0.0,0.5558,16.0,92.8
Categoria_62,11,3,Turno_B,32,0,32,1,18,21,0.03125,0.565175,13.0,82.4
Categoria_05,11,3,Turno_A,16,0,16,2,8,21,0.125,0.5016,8.0,84.1
Categoria_31,9,2,Turno_B,5,0,5,5,5,7,1.0,1.0,4.0,62.1
Categoria_25,10,3,Turno_A,14,0,14,14,14,14,1.0,1.0,14.0,95.8
Categoria_18,9,2,Turno_A,8,0,8,0,0,7,0.0,0.0216,0.0,97.4
Categoria_42,9,2,Turno_B,25,0,25,25,25,7,1.0,1.0,23.0,96.7
Categoria_36,13,3,Turno_A,28,0,28,0,17,35,0.0,0.6062,15.0,85.6
Categoria_67,13,3,Turno_B,14,0,14,0,8,35,0.0,0.5572,7.0,82.9
Categoria_42,13,3,Turno_A,24,6,18,18,18,35,1.0,1.0,19.0,83.3
Categoria_51,11,3,Turno_A,40,0,40,4,25,21,0.1,0.6243,25.0,83.4
Categoria_44,12,3,Turno_B,25,0,25,10,20,28,0.4,0.7928000000000002,18.0,95.3
Categoria_03,12,3,Turno_B,5,0,5,0,1,28,0.0,0.2239999999999999,1.0,81.8
Categoria_33,9,2,Turno_B,2,0,2,0,0,7,0.0,0.0588,0.0,69.0
Categoria_33,10,3,Turno_C,1,0,1,0,0,14,0.0,0.1176,0.0,96.4
Categoria_59,13,3,Turno_A,11,0,11,0,4,35,0.0,0.3968,4.0,92.2
Categoria_09,13,3,Turno_A,12,0,12,0,7,35,0.0,0.5576,5.0,86.4
Categoria_31,12,3,Turno_B,5,0,5,2,4,28,0.4,0.7952000000000001,4.0,97.6
Categoria_61,9,2,Turno_A,22,22,0,0,0,7,0.0,0.1817666666666666,0.0,0.0
Categoria_64,12,3,Turno_B,36,16,20,0,11,28,0.0,0.5292,11.0,80.1
Categoria_42,12,3,Turno_B,12,0,12,12,12,28,1.0,1.0,12.0,97.2
Categoria_67,13,3,Turno_A,73,0,73,0,41,35,0.0,0.5572,38.0,91.8
Categoria_23,13,3,Turno_B,24,0,24,4,4,35,0.1666666666666666,0.1666666666666666,4.0,70.8
Categoria_53,13,3,Turno_A,20,0,20,2,15,35,0.1,0.7296,17.0,85.8
Categoria_65,9,2,Turno_A,39,19,20,20,20,7,1.0,1.0,18.0,90.2
Categoria_48,12,3,Turno_B,15,0,15,15,15,28,1.0,1.0,15.0,95.6
Categoria_15,13,3,Turno_B,12,0,12,0,5,35,0.0,0.4361,4.0,92.4
Categoria_01,11,3,Turno_A,10,0,10,10,10,21,1.0,1.0,9.0,94.8
Categoria_32,12,3,Turno_A,6,0,6,0,2,28,0.0,0.3954999999999999,2.0,95.6
Categoria_08,13,3,Turno_B,27,0,27,1,20,35,0.037037037037037,0.7466074074074075,21.0,73.6
Categoria_40,13,3,Turno_B,17,0,17,0,8,35,0.0,0.4514999999999999,7.0,90.6
Categoria_36,9,2,Turno_A,15,15,0,0,0,7,0.0,0.2020666666666666,0.0,0.0
Categoria_40,10,3,Turno_B,8,0,8,0,2,14,0.0,0.3009999999999999,1.0,89.6
Categoria_05,9,2,Turno_A,9,9,0,0,0,7,0.0,0.1546999999999999,0.0,0.0
Categoria_29,10,3,Turno_A,6,0,6,5,5,14,0.8333333333333334,0.8333333333333334,5.0,97.2
Categoria_51,13,3,Turno_A,45,0,45,0,27,35,0.0,0.5942999999999999,25.0,93.6
Categoria_07,12,3,Turno_A,8,0,8,2,4,28,0.25,0.4607,4.0,86.6
Categoria_61,13,3,Turno_A,17,0,17,0,9,35,0.0,0.5453,9.0,86.7
Categoria_37,12,3,Turno_A,15,0,15,5,11,28,0.3333333333333333,0.7194999999999999,11.0,89.6
Categoria_64,12,3,Turno_B,18,0,18,0,10,28,0.0,0.5292,9.0,85.3
Categoria_17,12,3,Turno_B,3,0,3,0,1,28,0.0,0.3752,1.0,94.5
Categoria_53,10,3,Turno_B,18,0,18,18,18,14,1.0,1.0,19.0,96.8
Categoria_47,10,3,Turno_A,21,0,21,2,9,14,0.0952380952380952,0.4049936507936507,7.0,94.7
Categoria_43,12,3,Turno_B,8,0,8,0,5,28,0.0,0.5901,7.0,69.0
Categoria_05,12,3,Turno_B,3,0,3,0,1,28,0.0,0.4641,1.0,91.1
Categoria_33,9,2,Turno_A,9,0,9,0,1,7,0.0,0.0588,1.0,68.2
Categoria_17,12,3,Turno_C,8,0,8,0,3,28,0.0,0.3752,3.0,70.6
Categoria_14,9,2,Turno_A,15,0,15,11,11,7,0.7333333333333333,0.7333333333333333,15.0,97.6
Categoria_12,12,3,Turno_B,68,0,68,4,36,28,0.0588235294117647,0.5285647058823529,35.0,96.3
Categoria_60,10,3,Turno_A,56,0,56,0,18,14,0.0,0.3131333333333332,20.0,79.5
Categoria_57,11,3,Turno_A,6,0,6,0,4,21,0.0,0.7128000000000001,3.0,84.6
Categoria_56,13,3,Turno_A,9,0,9,3,6,35,0.3333333333333333,0.6795999999999999,5.0,91.8
Categoria_04,10,3,Turno_A,3,0,3,0,0,14,0.0,0.1600666666666666,0.0,93.8
Categoria_65,13,3,Turno_A,66,0,66,1,40,35,0.0151515151515151,0.6072454545454544,37.0,91.6
Categoria_36,13,3,Turno_B,18,0,18,0,11,35,0.0,0.6062,11.0,70.3
Categoria_62,10,3,Turno_A,21,0,21,3,9,14,0.1428571428571428,0.4467238095238094,7.0,96.5
Categoria_34,12,3,Turno_B,36,0,36,0,20,28,0.0,0.5551,16.0,94.6
Categoria_07,12,3,Turno_B,13,4,9,0,3,28,0.0,0.3857,4.0,96.9
Categoria_21,9,2,Turno_A,15,15,0,0,0,7,0.0,0.2062666666666666,0.0,0.0
Categoria_34,13,3,Turno_A,24,0,24,1,14,35,0.0416666666666666,0.5676,12.0,92.1
Categoria_40,9,2,Turno_A,21,0,21,4,6,7,0.1904761904761904,0.296531746031746,6.0,80.2
Categoria_43,9,2,Turno_B,8,0,8,8,8,7,1.0,1.0,11.0,92.4
Categoria_61,12,3,Turno_A,22,0,22,5,13,28,0.2272727272727272,0.6134818181818182,12.0,98.1
Categoria_20,11,3,Turno_A,18,18,0,0,0,21,0.0,0.6181,0.0,0.0
Categoria_54,14,3,Turno_B,10,0,10,3,6,42,0.3,0.6402,5.0,97.4
Categoria_07,9,2,Turno_A,8,0,8,8,8,7,1.0,1.0,7.0,98.1
Categoria_65,12,3,Turno_B,68,0,68,0,41,28,0.0,0.6026999999999999,39.0,93.1
Categoria_64,9,2,Turno_B,36,16,20,7,9,7,0.35,0.4447333333333333,11.0,87.4
Categoria_64,14,3,Turno_B,34,0,34,0,18,42,0.0,0.5292,16.0,92.9
Categoria_30,9,2,Turno_B,6,0,6,2,2,7,0.3333333333333333,0.3463222222222222,2.0,82.1
Categoria_67,14,3,Turno_B,22,0,22,0,12,42,0.0,0.5572,12.0,88.7
Categoria_06,11,3,Turno_B,6,0,6,6,6,21,1.0,1.0,6.0,91.5
Categoria_42,11,3,Turno_B,26,0,26,26,26,21,1.0,1.0,24.0,97.8
Categoria_61,10,3,Turno_A,10,0,10,0,4,14,0.0,0.3635333333333332,4.0,77.4
Categoria_34,11,3,Turno_B,13,0,13,1,8,21,0.0769230769230769,0.5781769230769231,6.0,94.7
Categoria_67,12,3,Turno_A,28,0,28,0,16,28,0.0,0.5572,14.0,96.0
Categoria_60,12,3,Turno_B,16,0,16,0,8,28,0.0,0.4697,8.0,94.7
Categoria_53,13,3,Turno_B,15,0,15,2,11,35,0.1333333333333333,0.7362666666666666,13.0,62.3
Categoria_07,10,3,Turno_A,6,0,6,3,3,14,0.5,0.5238,2.0,79.7
Categoria_16,13,3,Turno_A,14,0,14,0,5,35,0.0,0.3815,5.0,95.9
Categoria_16,10,3,Turno_A,20,0,20,1,6,14,0.05,0.2809999999999999,6.0,91.2
Categoria_61,12,3,Turno_A,22,0,22,0,12,28,0.0,0.5453,12.0,93.6
Categoria_37,9,2,Turno_A,15,0,15,15,15,7,1.0,1.0,14.0,95.4
Categoria_64,9,2,Turno_A,16,0,16,14,14,7,0.875,0.875,14.0,97.3
Categoria_54,12,3,Turno_B,5,0,5,1,3,28,0.2,0.6102000000000001,3.0,91.9
Categoria_36,11,3,Turno_A,17,0,17,1,11,21,0.0588235294117647,0.6238470588235294,11.0,62.2
Categoria_42,10,3,Turno_A,18,0,18,18,18,14,1.0,1.0,18.0,92.4
Categoria_15,14,3,Turno_B,12,0,12,0,5,42,0.0,0.4361,4.0,92.3
Categoria_07,9,2,Turno_B,6,6,0,0,0,7,0.0,0.1285666666666666,0.0,0.0
Categoria_11,14,3,Turno_B,14,0,14,2,9,42,0.1428571428571428,0.6287571428571428,9.0,83.9
Categoria_64,11,3,Turno_A,36,0,36,0,19,21,0.0,0.5292,17.0,84.1
Categoria_67,13,3,Turno_B,22,0,22,0,12,35,0.0,0.5572,12.0,88.7
Categoria_14,10,3,Turno_A,4,0,4,0,1,14,0.0,0.3028666666666666,3.0,0.4
Categoria_17,11,3,Turno_A,8,0,8,1,3,21,0.125,0.4126999999999999,3.0,69.7
Categoria_61,11,3,Turno_A,12,0,12,5,8,21,0.4166666666666667,0.6703,7.0,90.9
Categoria_22,9,2,Turno_A,4,4,0,0,0,7,0.0,0.1992666666666666,0.0,0.0
Categoria_07,13,3,Turno_A,10,0,10,0,4,35,0.0,0.3857,4.0,94.3
Categoria_04,11,3,Turno_A,11,0,11,0,3,21,0.0,0.2401,3.0,80.2
Categoria_66,13,3,Turno_B,16,0,16,0,9,35,0.0,0.5795999999999999,9.0,87.8
Categoria_55,13,3,Turno_A,9,0,9,0,3,35,0.0,0.315,2.0,53.1
Categoria_Desconocida,13,3,Turno_B,15,0,15,0,10,35,0.0,0.6400000000000001,9.0,94.1
Categoria_07,12,3,Turno_B,6,0,6,0,2,28,0.0,0.3857,2.0,87.6
Categoria_33,11,3,Turno_A,7,0,7,0,1,21,0.0,0.1176,1.0,85.9
Categoria_35,9,2,Turno_C,2,0,2,1,2,7,0.5,0.9023,2.0,90.1
Categoria_37,13,3,Turno_A,12,0,12,0,7,35,0.0,0.6194999999999999,6.0,94.7
Categoria_12,10,3,Turno_A,16,0,16,3,9,14,0.1875,0.5543,9.0,85.3
Categoria_14,12,3,Turno_A,15,0,15,11,11,28,0.7333333333333333,0.7333333333333333,15.0,97.8
Categoria_08,12,3,Turno_B,2,0,2,0,1,28,0.0,0.7392000000000001,2.0,15.7
Categoria_57,11,3,Turno_A,6,0,6,0,4,21,0.0,0.7128000000000001,4.0,93.2
Categoria_22,12,3,Turno_A,4,0,4,4,4,28,1.0,1.0,3.0,91.4
Categoria_63,9,2,Turno_B,12,0,12,12,12,7,1.0,1.0,12.0,97.5
Categoria_Desconocida,13,3,Turno_A,14,0,14,0,9,35,0.0,0.6400000000000001,8.0,94.6
Categoria_48,9,2,Turno_B,15,0,15,15,15,7,1.0,1.0,14.0,90.6
Categoria_17,10,3,Turno_B,10,0,10,3,4,14,0.3,0.4101333333333333,4.0,89.0
Categoria_27,14,3,Turno_B,6,0,6,0,2,42,0.0,0.3864,2.0,88.6
Categoria_54,13,3,Turno_A,15,0,15,0,8,35,0.0,0.5502,8.0,92.5
Categoria_34,13,3,Turno_A,32,0,32,0,18,35,0.0,0.5551,13.0,82.4
Categoria_51,10,3,Turno_A,18,0,18,18,18,14,1.0,1.0,19.0,97.8
Categoria_38,14,3,Turno_A,3,0,3,0,2,42,0.0,0.518,2.0,84.3
Categoria_40,11,3,Turno_B,14,0,14,2,7,21,0.1428571428571428,0.4943571428571428,6.0,97.0
Categoria_Desconocida,11,3,Turno_B,18,0,18,0,12,21,0.0,0.6400000000000001,10.0,91.8
Categoria_07,11,3,Turno_A,6,0,6,0,2,21,0.0,0.3857,1.0,68.2
Categoria_63,11,3,Turno_B,9,0,9,3,6,21,0.3333333333333333,0.7082999999999999,6.0,70.7
Categoria_33,11,3,Turno_B,2,0,2,0,0,21,0.0,0.1176,0.0,85.3
Categoria_Desconocida,12,3,Turno_A,15,0,15,0,10,28,0.0,0.6400000000000001,9.0,95.5
Categoria_59,10,3,Turno_C,3,0,3,0,1,14,0.0,0.3968,1.0,92.7
Categoria_28,10,3,Turno_A,18,0,18,2,7,14,0.1111111111111111,0.4106592592592592,7.0,88.5
Categoria_47,9,2,Turno_A,28,8,20,20,20,7,1.0,1.0,18.0,89.3
Categoria_38,11,3,Turno_B,9,0,9,9,9,21,1.0,1.0,8.0,85.6
Categoria_19,9,2,Turno_A,4,0,4,0,0,7,0.0,0.0590333333333333,0.0,97.1
Categoria_12,10,3,Turno_C,8,0,8,0,4,14,0.0,0.5168,4.0,86.2
Categoria_27,13,3,Turno_B,6,0,6,0,2,35,0.0,0.3864,2.0,88.5
Categoria_06,11,3,Turno_A,12,0,12,12,12,21,1.0,1.0,11.0,90.0
Categoria_53,11,3,Turno_B,21,0,21,12,17,21,0.5714285714285714,0.8238857142857143,18.0,96.4
Categoria_63,10,3,Turno_B,12,0,12,4,7,14,0.3333333333333333,0.5833111111111111,6.0,77.1
Categoria_23,10,3,Turno_A,32,32,0,0,0,14,0.0,0.112,0.0,0.0
Categoria_Desconocida,14,3,Turno_A,23,0,23,0,15,42,0.0,0.6400000000000001,13.0,92.8
Categoria_66,9,2,Turno_B,18,0,18,13,13,7,0.7222222222222222,0.7469037037037036,11.0,80.3
Categoria_39,10,3,Turno_B,11,0,11,1,3,14,0.0909090909090909,0.3037515151515151,3.0,98.2
Categoria_54,14,3,Turno_A,15,0,15,0,8,42,0.0,0.5502,8.0,92.6
Categoria_58,11,3,Turno_A,6,0,6,6,6,21,1.0,1.0,6.0,87.7
Categoria_42,10,3,Turno_B,24,0,24,24,24,14,1.0,1.0,23.0,95.8
Categoria_25,13,3,Turno_A,15,0,15,15,15,35,1.0,1.0,14.0,94.2
Categoria_46,12,3,Turno_A,15,0,15,15,15,28,1.0,1.0,12.0,88.9
Categoria_03,9,2,Turno_B,5,0,5,0,0,7,0.0,0.0746666666666666,0.0,5.9
Categoria_14,13,3,Turno_B,16,0,16,16,16,35,1.0,1.0,15.0,98.1
Categoria_21,14,3,Turno_B,6,0,6,6,6,42,1.0,1.0,6.0,83.0
Categoria_21,12,3,Turno_A,12,0,12,12,12,28,1.0,1.0,12.0,84.0
Categoria_22,13,3,Turno_A,7,1,6,6,6,35,1.0,1.0,6.0,83.5
Categoria_56,11,3,Turno_B,9,0,9,9,9,21,1.0,1.0,7.0,83.7
Categoria_43,11,3,Turno_A,8,0,8,1,5,21,0.125,0.6275999999999999,7.0,78.4
Categoria_59,11,3,Turno_C,3,0,3,0,1,21,0.0,0.3968,1.0,77.5
Categoria_04,11,3,Turno_B,4,0,4,0,1,21,0.0,0.2401,1.0,93.5
Categoria_54,9,2,Turno_B,19,0,19,19,19,7,1.0,1.0,16.0,94.6
Categoria_38,13,3,Turno_A,3,0,3,0,2,35,0.0,0.518,2.0,84.2
Categoria_50,9,2,Turno_B,6,0,6,0,2,7,0.0,0.3604,0.0,0.0
Categoria_50,12,3,Turno_B,6,0,6,0,4,28,0.0,0.7208000000000001,1.0,0.0
Categoria_56,10,3,Turno_B,7,7,0,0,0,14,0.0,0.3863999999999999,0.0,0.0
Categoria_43,10,3,Turno_B,8,0,8,6,6,14,0.75,0.7934,9.0,92.0
Categoria_42,11,3,Turno_A,24,0,24,24,24,21,1.0,1.0,22.0,98.5
Categoria_34,11,3,Turno_A,15,0,15,0,8,21,0.0,0.5551,8.0,92.6
Categoria_Desconocida,13,3,Turno_A,23,0,23,0,15,35,0.0,0.6400000000000001,13.0,93.2
Categoria_16,10,3,Turno_C,6,0,6,4,4,14,0.6666666666666666,0.6666666666666666,4.0,94.5
Categoria_Desconocida,10,3,Turno_A,23,0,23,3,15,14,0.1304347826086956,0.6660869565217392,14.0,89.6
Categoria_56,13,3,Turno_B,11,0,11,2,7,35,0.1818181818181818,0.6341454545454545,6.0,84.4
Categoria_15,12,3,Turno_B,10,0,10,0,4,28,0.0,0.4361,4.0,94.1
Categoria_21,9,2,Turno_A,12,12,0,0,0,7,0.0,0.2062666666666666,0.0,0.0
Categoria_52,9,2,Turno_A,154,13,141,48,80,7,0.3404255319148936,0.5702553191489362,86.0,88.3
Categoria_52,10,3,Turno_B,38,0,38,0,28,14,0.0,0.7320000000000001,24.0,85.9
Categoria_12,9,2,Turno_C,8,0,8,6,6,7,0.75,0.75,6.0,83.6
Categoria_49,12,3,Turno_A,65,0,65,2,48,28,0.0307692307692307,0.7341538461538463,45.0,89.7
Categoria_35,13,3,Turno_B,116,2,114,0,97,35,0.0,0.8523,87.0,96.1
Categoria_68,10,3,Turno_B,79,12,67,10,46,14,0.1492537313432835,0.6890507462686567,44.0,80.5
Categoria_53,13,3,Turno_A,17,0,17,3,13,35,0.1764705882352941,0.7448941176470588,13.0,66.3
Categoria_44,14,3,Turno_A,36,0,36,0,26,42,0.0,0.7128000000000001,23.0,96.9
Categoria_08,11,3,Turno_A,66,0,66,63,63,21,0.9545454545454546,0.9545454545454546,62.0,87.1
Categoria_64,11,3,Turno_A,93,39,54,1,29,21,0.0185185185185185,0.5347555555555555,31.0,82.7
Categoria_46,14,3,Turno_A,15,0,15,0,8,42,0.0,0.5516,7.0,88.0
Categoria_61,10,3,Turno_B,67,0,67,9,29,14,0.1343283582089552,0.4351751243781094,27.0,98.4
Categoria_62,9,2,Turno_B,21,0,21,21,21,7,1.0,1.0,17.0,90.1
Categoria_48,9,2,Turno_B,12,0,12,12,12,7,1.0,1.0,10.0,97.9
Categoria_45,12,3,Turno_B,8,8,0,0,0,28,0.0,0.5712,0.0,0.0
Categoria_20,10,3,Turno_A,18,18,0,0,0,14,0.0,0.4120666666666666,0.0,0.0
Categoria_43,11,3,Turno_A,9,0,9,1,6,21,0.1111111111111111,0.6234333333333333,7.0,90.9
Categoria_12,9,2,Turno_A,28,16,12,3,5,7,0.25,0.4084,4.0,0.0
Categoria_59,13,3,Turno_A,26,0,26,2,11,35,0.0769230769230769,0.4121846153846154,8.0,98.1
Categoria_24,14,3,Turno_B,10,0,10,0,4,42,0.0,0.432,3.0,91.2
Categoria_35,10,3,Turno_A,246,24,222,6,190,14,0.027027027027027,0.8550027027027026,160.0,93.9
Categoria_35,9,2,Turno_A,251,29,222,21,191,7,0.0945945945945946,0.8617594594594594,169.0,88.4
Categoria_35,11,3,Turno_A,211,2,209,0,178,21,0.0,0.8523,159.0,97.8
Categoria_12,9,2,Turno_B,59,0,59,11,22,7,0.1864406779661017,0.370264406779661,23.0,94.4
Categoria_48,14,3,Turno_A,20,0,20,20,20,42,1.0,1.0,20.0,96.8
Categoria_07,10,3,Turno_A,6,0,6,0,2,14,0.0,0.2571333333333333,1.0,67.2
Categoria_05,13,3,Turno_A,9,0,9,0,4,35,0.0,0.4641,4.0,97.2
Categoria_09,12,3,Turno_B,92,0,92,6,52,28,0.0652173913043478,0.5706434782608696,55.0,93.7
Categoria_41,13,3,Turno_A,73,0,73,2,56,35,0.0273972602739726,0.7638794520547945,53.0,93.0
Categoria_07,11,3,Turno_A,10,0,10,2,4,21,0.2,0.4457,4.0,94.0
Categoria_05,12,3,Turno_A,25,0,25,1,12,28,0.04,0.4761,10.0,98.0
Categoria_26,10,3,Turno_A,173,38,135,34,99,14,0.2518518518518518,0.7327703703703704,94.0,97.2
Categoria_65,13,3,Turno_B,68,0,68,0,41,35,0.0,0.6026999999999999,39.0,93.0
Categoria_08,12,3,Turno_B,20,0,20,0,15,28,0.0,0.7392000000000001,16.0,70.0
Categoria_49,10,3,Turno_A,81,0,81,57,70,14,0.7037037037037037,0.8687407407407408,63.0,96.3
Categoria_52,10,3,Turno_B,103,0,103,12,78,14,0.116504854368932,0.7553009708737866,71.0,91.0
Categoria_17,13,3,Turno_C,8,0,8,0,3,35,0.0,0.3752,3.0,71.4
Categoria_26,12,3,Turno_A,191,53,138,14,97,28,0.1014492753623188,0.7026898550724637,94.0,97.3
Categoria_41,10,3,Turno_A,48,0,48,48,48,14,1.0,1.0,44.0,94.9
Categoria_68,9,2,Turno_B,64,13,51,49,49,7,0.9607843137254902,0.9607843137254902,44.0,88.3
Categoria_53,9,2,Turno_A,30,13,17,17,17,7,1.0,1.0,16.0,91.3
Categoria_53,12,3,Turno_B,18,0,18,7,14,28,0.3888888888888889,0.7873777777777777,16.0,88.6
Categoria_53,12,3,Turno_A,30,0,30,15,24,28,0.5,0.8096,22.0,94.5
Categoria_08,10,3,Turno_A,58,18,40,39,39,14,0.975,0.975,45.0,94.1
Categoria_43,10,3,Turno_A,8,0,8,4,5,14,0.5,0.6600666666666666,7.0,77.6
Categoria_09,10,3,Turno_B,101,13,88,61,61,14,0.6931818181818182,0.6962363636363637,63.0,95.3
Categoria_63,9,2,Turno_B,26,0,26,26,26,7,1.0,1.0,26.0,90.9
Categoria_48,12,3,Turno_B,12,0,12,12,12,28,1.0,1.0,10.0,88.6
Categoria_26,9,2,Turno_A,203,67,136,104,109,7,0.7647058823529411,0.8000235294117646,99.0,97.6
Categoria_59,11,3,Turno_A,14,0,14,1,6,21,0.0714285714285714,0.4110857142857143,5.0,98.3
Categoria_33,13,3,Turno_B,2,0,2,0,0,35,0.0,0.1176,0.0,80.5
Categoria_26,10,3,Turno_B,123,19,104,49,81,14,0.4711538461538461,0.7766307692307692,71.0,97.6
Categoria_24,10,3,Turno_A,12,0,12,3,6,14,0.25,0.482,5.0,93.4
Categoria_24,10,3,Turno_B,10,0,10,5,5,14,0.5,0.532,4.0,91.7
Categoria_24,13,3,Turno_B,10,0,10,1,5,35,0.1,0.452,4.0,91.8
Categoria_35,9,2,Turno_B,168,43,125,9,107,7,0.072,0.8594999999999999,94.0,93.4
Categoria_59,12,3,Turno_B,20,0,20,6,9,28,0.3,0.4568,7.0,94.3
Categoria_65,9,2,Turno_A,99,0,99,50,58,7,0.5050505050505051,0.5881053872053872,59.0,94.5
Categoria_25,10,3,Turno_B,21,0,21,21,21,14,1.0,1.0,18.0,95.4
Categoria_52,11,3,Turno_B,41,0,41,0,30,21,0.0,0.7320000000000001,26.0,95.6
Categoria_41,13,3,Turno_B,49,0,49,0,37,35,0.0,0.7584,35.0,91.8
Categoria_50,13,3,Turno_B,6,0,6,0,4,35,0.0,0.7208000000000001,1.0,0.0
Categoria_50,14,3,Turno_B,6,0,6,0,4,42,0.0,0.7208000000000001,2.0,0.0
Categoria_69,9,2,Turno_B,24,0,24,22,22,7,0.9166666666666666,0.9166666666666666,23.0,86.9
Categoria_26,13,3,Turno_B,197,30,167,18,118,35,0.1077844311377245,0.7039568862275449,104.0,90.2
Categoria_26,9,2,Turno_B,153,47,106,74,81,7,0.6981132075471698,0.7600679245283019,76.0,85.5
Categoria_30,13,3,Turno_B,6,0,6,0,2,35,0.0,0.2723,2.0,83.0
Categoria_54,13,3,Turno_B,5,0,5,0,3,35,0.0,0.5502,3.0,92.3
Categoria_54,11,3,Turno_A,15,0,15,0,8,21,0.0,0.5502,8.0,91.8
Categoria_68,12,3,Turno_A,55,0,55,1,36,28,0.0181818181818181,0.6628363636363637,35.0,92.4
Categoria_37,9,2,Turno_B,18,18,0,0,0,7,0.0,0.2064999999999999,0.0,0.0
Categoria_38,14,3,Turno_A,6,0,6,1,3,42,0.1666666666666666,0.5680000000000001,2.0,96.6
Categoria_40,11,3,Turno_A,39,0,39,2,18,21,0.0512820512820512,0.4668846153846153,17.0,75.5
Categoria_12,14,3,Turno_B,68,0,68,0,35,42,0.0,0.5168,35.0,94.4
Categoria_51,9,2,Turno_C,4,0,4,4,4,7,1.0,1.0,4.0,80.6
Categoria_34,13,3,Turno_B,36,0,36,0,20,35,0.0,0.5551,16.0,94.9
Categoria_67,13,3,Turno_A,28,0,28,0,16,35,0.0,0.5572,14.0,95.5
Categoria_53,10,3,Turno_B,21,0,21,16,18,14,0.7619047619047619,0.8619809523809524,18.0,97.8
Categoria_60,12,3,Turno_B,40,0,40,0,19,28,0.0,0.4697,15.0,93.8
Categoria_56,9,2,Turno_A,12,12,0,0,0,7,0.0,0.1931999999999999,0.0,0.0
Categoria_12,9,2,Turno_A,78,57,21,8,10,7,0.3809523809523809,0.4869714285714285,14.0,9.3
Categoria_54,10,3,Turno_B,21,11,10,7,7,14,0.7,0.7401333333333333,7.0,91.6
Categoria_33,12,3,Turno_C,1,0,1,0,0,28,0.0,0.1176,0.0,91.8
Categoria_51,12,3,Turno_B,40,0,40,3,25,28,0.075,0.6167999999999999,25.0,78.8
Categoria_49,10,3,Turno_B,33,0,33,7,25,14,0.2121212121212121,0.7704242424242426,21.0,97.1
Categoria_24,9,2,Turno_B,10,0,10,3,4,7,0.3,0.396,4.0,95.3
Categoria_35,11,3,Turno_A,206,2,204,5,174,21,0.0245098039215686,0.8547509803921568,153.0,92.7
Categoria_59,13,3,Turno_B,20,0,20,0,8,35,0.0,0.3968,7.0,98.5
Categoria_34,10,3,Turno_B,13,0,13,0,5,14,0.0,0.3700666666666666,4.0,92.3
Categoria_07,9,2,Turno_A,5,5,0,0,0,7,0.0,0.1285666666666666,0.0,0.0
Categoria_15,11,3,Turno_B,12,0,12,2,6,21,0.1666666666666666,0.4861,5.0,89.4
Categoria_51,9,2,Turno_A,18,0,18,18,18,7,1.0,1.0,19.0,94.4
Categoria_21,13,3,Turno_A,15,0,15,15,15,35,1.0,1.0,12.0,95.6
Categoria_51,10,3,Turno_B,54,20,34,24,26,14,0.7058823529411765,0.7726705882352941,30.0,81.1
Categoria_52,13,3,Turno_A,189,0,189,0,138,35,0.0,0.7320000000000001,120.0,97.2
Categoria_08,11,3,Turno_B,31,0,31,16,26,21,0.5161290322580645,0.842425806451613,29.0,71.8
Categoria_58,12,3,Turno_A,21,5,16,8,13,28,0.5,0.8216,13.0,86.6
Categoria_09,10,3,Turno_A,71,47,24,18,18,14,0.75,0.75,18.0,86.8
Categoria_09,9,2,Turno_A,82,-1,83,68,68,7,0.8192771084337349,0.8192771084337349,66.0,95.0
Categoria_28,12,3,Turno_B,15,0,15,1,8,28,0.0666666666666666,0.5471,9.0,86.4
Categoria_41,9,2,Turno_C,5,0,5,5,5,7,1.0,1.0,5.0,93.5
Categoria_41,9,2,Turno_A,45,0,45,45,45,7,1.0,1.0,45.0,96.6
Categoria_41,12,3,Turno_A,45,0,45,16,37,28,0.3555555555555555,0.8295111111111111,36.0,82.3
Categoria_40,11,3,Turno_B,23,6,17,4,9,21,0.2352941176470588,0.5220882352941176,10.0,80.9
Categoria_44,13,3,Turno_A,36,0,36,6,27,35,0.1666666666666666,0.7461333333333334,23.0,96.8
Categoria_08,11,3,Turno_B,27,0,27,24,25,21,0.8888888888888888,0.916977777777778,26.0,92.2
Categoria_56,11,3,Turno_B,11,0,11,11,11,21,1.0,1.0,10.0,93.3
Categoria_60,9,2,Turno_A,76,72,4,4,4,7,1.0,1.0,9.0,82.0
Categoria_23,11,3,Turno_B,24,0,24,8,8,21,0.3333333333333333,0.3333333333333333,7.0,89.8
Categoria_23,12,3,Turno_A,32,0,32,4,4,28,0.125,0.137,3.0,84.0
Categoria_34,12,3,Turno_A,67,0,67,1,37,28,0.0149253731343283,0.5595776119402985,33.0,80.8
Categoria_24,11,3,Turno_B,10,0,10,4,5,21,0.4,0.512,4.0,94.3
Categoria_35,10,3,Turno_B,173,18,155,4,133,14,0.0258064516129032,0.8548806451612903,112.0,97.3
Categoria_35,12,3,Turno_A,258,0,258,0,220,28,0.0,0.8523,190.0,94.4
Categoria_12,12,3,Turno_B,59,0,59,0,30,28,0.0,0.5168,31.0,98.3
Categoria_Desconocida,12,3,Turno_A,56,0,56,0,36,28,0.0,0.6400000000000001,35.0,97.6
Categoria_36,9,2,Turno_A,31,0,31,17,19,7,0.5483870967741935,0.6224967741935483,15.0,94.6
Categoria_52,11,3,Turno_A,151,0,151,5,112,21,0.0331125827814569,0.7386225165562915,91.0,98.4
Categoria_36,10,3,Turno_A,50,14,36,1,15,14,0.0277777777777777,0.418948148148148,19.0,94.5
Categoria_51,12,3,Turno_A,18,0,18,1,11,28,0.0555555555555555,0.6109666666666667,11.0,71.7
Categoria_25,9,2,Turno_B,58,10,48,48,48,7,1.0,1.0,45.0,97.2
Categoria_34,11,3,Turno_A,24,0,24,0,13,21,0.0,0.5551,11.0,89.8
Categoria_34,13,3,Turno_A,42,0,42,0,23,35,0.0,0.5551,18.0,94.1
Categoria_31,14,3,Turno_B,5,0,5,0,4,42,0.0,0.7152000000000001,4.0,97.1
Categoria_37,11,3,Turno_A,12,0,12,12,12,21,1.0,1.0,12.0,91.6
Categoria_26,11,3,Turno_A,132,20,112,35,83,21,0.3125,0.7449,68.0,83.0
Categoria_52,12,3,Turno_B,82,12,70,3,52,28,0.0428571428571428,0.7405714285714287,47.0,86.0
Categoria_49,9,2,Turno_B,52,34,18,18,18,7,1.0,1.0,15.0,84.5
Categoria_04,13,3,Turno_A,9,0,9,0,2,35,0.0,0.2401,2.0,80.2
Categoria_04,10,3,Turno_A,11,0,11,0,2,14,0.0,0.1600666666666666,2.0,73.8
Categoria_09,12,3,Turno_A,82,0,82,31,52,28,0.3780487804878049,0.6332097560975609,56.0,96.2
Categoria_56,12,3,Turno_B,7,0,7,6,6,28,0.8571428571428571,0.8571428571428571,5.0,93.6
Categoria_26,12,3,Turno_B,136,28,108,3,74,28,0.0277777777777777,0.6879555555555555,68.0,85.5
Categoria_54,13,3,Turno_A,14,0,14,1,8,35,0.0714285714285714,0.5716285714285715,6.0,87.8
Categoria_54,14,3,Turno_A,14,0,14,0,8,42,0.0,0.5502,6.0,87.5
Categoria_25,13,3,Turno_B,19,0,19,19,19,35,1.0,1.0,17.0,92.4
Categoria_41,9,2,Turno_B,42,0,42,42,42,7,1.0,1.0,41.0,96.6
Categoria_61,13,3,Turno_B,92,0,92,0,50,35,0.0,0.5453,50.0,92.1
Categoria_42,10,3,Turno_B,26,0,26,26,26,14,1.0,1.0,24.0,98.3
Categoria_14,11,3,Turno_A,26,0,26,26,26,21,1.0,1.0,25.0,88.9
Categoria_36,10,3,Turno_A,17,0,17,9,12,14,0.5294117647058824,0.6864862745098039,12.0,70.9
Categoria_52,10,3,Turno_A,139,0,139,9,104,14,0.0647482014388489,0.7449496402877699,85.0,94.6
Categoria_60,10,3,Turno_A,65,0,65,1,21,14,0.0153846153846153,0.3213384615384614,21.0,77.5
Categoria_12,13,3,Turno_A,76,0,76,1,39,35,0.0131578947368421,0.5194315789473685,37.0,82.6
Categoria_22,10,3,Turno_B,10,10,0,0,0,14,0.0,0.3985333333333332,0.0,0.0
Categoria_45,14,3,Turno_B,11,0,11,0,6,42,0.0,0.5712,5.0,81.4
Categoria_20,12,3,Turno_A,42,18,24,24,24,28,1.0,1.0,23.0,84.2
Categoria_24,13,3,Turno_A,33,0,33,3,15,35,0.0909090909090909,0.4501818181818182,12.0,98.4
Categoria_12,10,3,Turno_A,94,42,52,15,30,14,0.2884615384615384,0.5744923076923077,31.0,87.3
Categoria_48,13,3,Turno_B,49,0,49,35,41,35,0.7142857142857143,0.8309857142857142,41.0,91.3
Categoria_59,10,3,Turno_B,20,0,20,7,9,14,0.35,0.4668,7.0,95.7
Categoria_59,11,3,Turno_B,26,0,26,3,11,21,0.1153846153846153,0.4198769230769231,8.0,94.8
Categoria_34,10,3,Turno_A,15,0,15,1,6,14,0.0666666666666666,0.4056222222222221,6.0,84.3
Categoria_07,13,3,Turno_A,8,0,8,0,3,35,0.0,0.3857,3.0,83.5
Categoria_36,9,2,Turno_B,27,0,27,13,15,7,0.4814814814814814,0.5712024691358024,13.0,86.9
Categoria_26,10,3,Turno_A,258,119,139,37,102,14,0.2661870503597122,0.7356374100719425,97.0,89.9
Categoria_68,10,3,Turno_A,54,0,54,6,37,14,0.1111111111111111,0.6814222222222223,34.0,98.1
Categoria_44,10,3,Turno_A,62,0,62,36,51,14,0.5806451612903226,0.8289290322580647,48.0,92.2
Categoria_08,10,3,Turno_B,22,0,22,23,22,14,1.0,1.0,22.0,91.2
Categoria_26,11,3,Turno_A,166,36,130,6,90,21,0.0461538461538461,0.6916307692307693,88.0,97.3
Categoria_26,13,3,Turno_A,170,16,154,33,112,35,0.2142857142857142,0.7252571428571428,98.0,96.9
Categoria_41,11,3,Turno_A,46,0,46,8,36,21,0.1739130434782608,0.7931826086956522,29.0,94.6
Categoria_41,11,3,Turno_B,48,0,48,4,37,21,0.0833333333333333,0.7750666666666667,34.0,89.6
Categoria_14,13,3,Turno_A,15,0,15,11,11,35,0.7333333333333333,0.7333333333333333,15.0,97.1
Categoria_41,10,3,Turno_B,41,0,41,21,35,14,0.5121951219512195,0.8608390243902438,33.0,94.3
Categoria_41,10,3,Turno_A,51,0,51,22,43,14,0.4313725490196078,0.8446745098039216,40.0,97.7
Categoria_52,12,3,Turno_A,154,15,139,2,102,28,0.014388489208633,0.7348776978417267,91.0,97.0
Categoria_51,11,3,Turno_A,34,0,34,4,21,21,0.1176470588235294,0.6295941176470587,19.0,89.9
Categoria_53,10,3,Turno_A,27,0,27,26,26,14,0.9629629629629628,0.9629629629629628,26.0,95.7
Categoria_44,11,3,Turno_B,23,0,23,7,18,21,0.3043478260869565,0.7736695652173914,15.0,96.4
Categoria_03,13,3,Turno_B,5,0,5,0,1,35,0.0,0.2239999999999999,1.0,91.9
Categoria_59,12,3,Turno_A,23,0,23,2,10,28,0.0869565217391304,0.4141913043478261,7.0,97.7
Categoria_63,12,3,Turno_A,78,0,78,20,53,28,0.2564102564102564,0.6852230769230769,59.0,87.4
Categoria_15,10,3,Turno_B,18,0,18,13,13,14,0.7222222222222222,0.7222222222222222,12.0,97.0
Categoria_12,13,3,Turno_B,68,0,68,0,35,35,0.0,0.5168,35.0,94.4
Categoria_27,11,3,Turno_B,6,0,6,0,2,21,0.0,0.3864,2.0,88.4
Categoria_17,14,3,Turno_B,3,0,3,0,1,42,0.0,0.3752,1.0,94.0
Categoria_58,13,3,Turno_A,31,0,31,22,27,35,0.7096774193548387,0.8635354838709678,25.0,96.5
Categoria_48,11,3,Turno_B,61,3,58,58,58,21,1.0,1.0,54.0,96.7
Categoria_41,11,3,Turno_A,58,0,58,4,45,21,0.0689655172413793,0.7721931034482759,41.0,97.1
Categoria_47,13,3,Turno_A,25,0,25,0,13,35,0.0,0.5313,11.0,91.7
Categoria_38,13,3,Turno_A,6,0,6,1,3,35,0.1666666666666666,0.5680000000000001,2.0,87.6
Categoria_25,11,3,Turno_A,15,0,15,15,15,21,1.0,1.0,14.0,90.0
Categoria_42,12,3,Turno_A,18,0,18,18,18,28,1.0,1.0,18.0,91.8
Categoria_60,9,2,Turno_B,40,0,40,31,31,7,0.775,0.775,25.0,93.1
Categoria_68,9,2,Turno_C,8,0,8,2,4,7,0.25,0.4796,3.0,97.7
Categoria_12,14,3,Turno_A,84,0,84,0,43,42,0.0,0.5168,47.0,90.0
Categoria_61,12,3,Turno_A,22,0,22,0,12,28,0.0,0.5453,11.0,96.1
Categoria_04,9,2,Turno_A,3,0,3,0,0,7,0.0,0.0800333333333333,0.0,93.6
Categoria_44,12,3,Turno_A,49,0,49,10,37,28,0.2040816326530612,0.7536163265306124,33.0,96.6
Categoria_24,13,3,Turno_A,27,0,27,3,12,35,0.1111111111111111,0.4542222222222222,9.0,90.2
Categoria_24,11,3,Turno_A,12,0,12,7,7,21,0.5833333333333334,0.5833333333333334,6.0,97.1
Categoria_24,13,3,Turno_B,10,0,10,1,5,35,0.1,0.452,4.0,98.0
Categoria_33,12,3,Turno_A,1,0,1,0,0,28,0.0,0.1176,0.0,90.4
Categoria_35,11,3,Turno_B,217,32,185,5,158,21,0.027027027027027,0.8550027027027026,141.0,97.3
Categoria_65,10,3,Turno_A,85,19,66,28,41,14,0.4242424242424242,0.6280626262626262,40.0,98.1
Categoria_12,13,3,Turno_B,43,0,43,0,22,35,0.0,0.5168,20.0,78.2
Categoria_42,11,3,Turno_A,24,0,24,24,24,21,1.0,1.0,22.0,97.5
Categoria_36,13,3,Turno_A,27,0,27,1,17,35,0.037037037037037,0.617311111111111,14.0,98.3
Categoria_65,10,3,Turno_B,41,0,41,12,23,14,0.2926829268292683,0.5578975609756096,20.0,88.0
Categoria_44,11,3,Turno_A,35,0,35,18,29,21,0.5142857142857142,0.815657142857143,26.0,98.5
Categoria_10,12,3,Turno_B,4,0,4,1,2,28,0.25,0.4551,2.0,97.4
Categoria_49,13,3,Turno_B,61,0,61,1,45,35,0.0163934426229508,0.7312786885245902,43.0,86.7
Categoria_53,13,3,Turno_B,18,0,18,1,13,35,0.0555555555555555,0.7207111111111111,14.0,97.4
Categoria_40,12,3,Turno_A,12,0,12,1,6,28,0.0833333333333333,0.4765,5.0,88.7
Categoria_08,13,3,Turno_A,13,0,13,5,11,35,0.3846153846153846,0.816123076923077,12.0,55.0
Categoria_66,9,2,Turno_A,33,0,33,22,23,7,0.6666666666666666,0.704311111111111,20.0,89.4
Categoria_66,12,3,Turno_A,33,0,33,2,20,28,0.0606060606060606,0.5977818181818181,17.0,82.3
Categoria_66,13,3,Turno_A,21,0,21,0,12,35,0.0,0.5795999999999999,10.0,84.3
Categoria_60,9,2,Turno_B,32,0,32,3,7,7,0.09375,0.2284416666666666,3.0,0.0
Categoria_04,12,3,Turno_A,3,0,3,0,1,28,0.0,0.2401,1.0,97.0
Categoria_44,14,3,Turno_B,25,0,25,6,19,42,0.24,0.7608000000000001,19.0,95.7
Categoria_68,11,3,Turno_A,108,0,108,1,71,21,0.0092592592592592,0.6610518518518519,61.0,94.8
Categoria_03,12,3,Turno_B,6,0,6,0,1,28,0.0,0.2239999999999999,1.0,73.0
Categoria_59,10,3,Turno_A,14,0,14,2,6,14,0.1428571428571428,0.4253714285714286,5.0,96.2
Categoria_23,14,3,Turno_A,32,0,32,0,4,42,0.0,0.112,3.0,96.2
Categoria_23,9,2,Turno_A,32,32,0,0,0,7,0.0,0.056,0.0,0.0
Categoria_34,10,3,Turno_A,54,0,54,0,20,14,0.0,0.3700666666666666,20.0,79.0
Categoria_35,13,3,Turno_A,205,2,203,0,173,35,0.0,0.8523,153.0,91.8
Categoria_Desconocida,12,3,Turno_B,21,6,15,0,10,28,0.0,0.6400000000000001,9.0,91.8
Categoria_36,9,2,Turno_A,31,14,17,1,4,7,0.0588235294117647,0.2471647058823529,3.0,12.6
Categoria_36,11,3,Turno_A,28,0,28,1,17,21,0.0357142857142857,0.6169142857142856,15.0,84.7
Categoria_65,11,3,Turno_A,66,35,31,2,19,21,0.064516129032258,0.6220548387096774,20.0,93.6
Categoria_37,10,3,Turno_B,24,0,24,24,24,14,1.0,1.0,22.0,95.8
Categoria_64,13,3,Turno_A,16,0,16,0,8,35,0.0,0.5292,8.0,77.5
Categoria_64,12,3,Turno_A,44,0,44,0,23,28,0.0,0.5292,20.0,87.4
Categoria_58,11,3,Turno_A,31,0,31,31,31,21,1.0,1.0,31.0,97.8
Categoria_68,10,3,Turno_B,58,0,58,11,40,14,0.1896551724137931,0.6971310344827586,37.0,97.2
Categoria_36,9,2,Turno_B,35,18,17,1,4,7,0.0588235294117647,0.2471647058823529,9.0,33.9
Categoria_08,12,3,Turno_A,40,0,40,11,32,28,0.275,0.7942000000000001,34.0,78.6
Categoria_20,9,2,Turno_A,42,0,42,42,42,7,1.0,1.0,41.0,97.9
Categoria_20,10,3,Turno_A,20,20,0,0,0,14,0.0,0.4120666666666666,0.0,0.0
Categoria_59,9,2,Turno_A,23,0,23,6,8,7,0.2608695652173913,0.3549217391304348,7.0,91.2
Categoria_24,14,3,Turno_A,27,0,27,2,12,42,0.074074074074074,0.4468148148148149,9.0,90.2
Categoria_33,9,2,Turno_A,1,0,1,0,0,7,0.0,0.0588,0.0,94.3
Categoria_41,10,3,Turno_B,62,0,62,59,59,14,0.9516129032258064,0.9516129032258064,52.0,92.2
Categoria_59,10,3,Turno_B,26,0,26,8,12,14,0.3076923076923077,0.4583384615384616,9.0,88.9
Categoria_35,11,3,Turno_B,121,12,109,0,93,21,0.0,0.8523,82.0,93.0
Categoria_35,12,3,Turno_B,176,10,166,0,141,28,0.0,0.8523,117.0,93.6
Categoria_05,12,3,Turno_B,16,0,16,0,7,28,0.0,0.4641,6.0,80.3
Categoria_09,11,3,Turno_B,56,0,56,8,33,21,0.1428571428571428,0.5861714285714286,32.0,83.1
Categoria_68,11,3,Turno_B,53,0,53,3,36,21,0.0566037735849056,0.6705207547169811,34.0,97.7
Categoria_37,12,3,Turno_A,12,0,12,5,9,28,0.4166666666666667,0.7444999999999999,8.0,89.3
Categoria_24,9,2,Turno_A,11,0,11,11,11,7,1.0,1.0,9.0,68.3
Categoria_54,13,3,Turno_A,17,0,17,0,9,35,0.0,0.5502,8.0,95.7
Categoria_09,9,2,Turno_B,92,25,67,54,54,7,0.8059701492537313,0.8059701492537313,44.0,88.6
Categoria_62,12,3,Turno_A,21,0,21,0,12,28,0.0,0.5558,10.0,87.5
Categoria_34,11,3,Turno_B,41,13,28,0,16,21,0.0,0.5551,15.0,72.4
Categoria_09,13,3,Turno_B,95,0,95,20,57,35,0.2105263157894736,0.5997052631578947,59.0,94.3
Categoria_51,10,3,Turno_B,36,4,32,32,32,14,1.0,1.0,33.0,91.8
Categoria_56,12,3,Turno_A,12,0,12,12,12,28,1.0,1.0,11.0,97.0
Categoria_56,11,3,Turno_A,19,0,19,19,19,21,1.0,1.0,18.0,92.5
Categoria_45,12,3,Turno_A,18,0,18,4,11,28,0.2222222222222222,0.6156444444444444,9.0,92.3
Categoria_45,9,2,Turno_A,18,0,18,18,18,7,1.0,1.0,16.0,72.0
Categoria_63,9,2,Turno_A,78,0,78,78,78,7,1.0,1.0,83.0,96.5
Categoria_44,10,3,Turno_B,27,0,27,19,23,14,0.7037037037037037,0.8535407407407408,22.0,97.4
Categoria_12,11,3,Turno_A,106,0,106,11,57,21,0.1037735849056603,0.5375547169811321,56.0,96.1
Categoria_44,9,2,Turno_A,56,32,24,24,24,7,1.0,1.0,22.0,94.4
Categoria_52,10,3,Turno_A,185,5,180,18,135,14,0.1,0.7520000000000001,121.0,97.8
Categoria_36,10,3,Turno_B,26,0,26,1,11,14,0.0384615384615384,0.4246461538461537,9.0,88.8
Categoria_60,14,3,Turno_A,46,0,46,0,22,42,0.0,0.4697,18.0,86.1
Categoria_25,12,3,Turno_B,58,15,43,43,43,28,1.0,1.0,45.0,98.1
Categoria_21,9,2,Turno_A,12,12,0,0,0,7,0.0,0.2062666666666666,0.0,0.0
Categoria_07,13,3,Turno_B,6,0,6,0,2,35,0.0,0.3857,2.0,87.7
Categoria_49,9,2,Turno_A,65,20,45,45,45,7,1.0,1.0,41.0,98.3
Categoria_40,11,3,Turno_A,26,0,26,1,12,21,0.0384615384615384,0.4630384615384615,10.0,80.7
Categoria_56,13,3,Turno_B,8,0,8,0,5,35,0.0,0.5795999999999999,5.0,95.6
Categoria_62,10,3,Turno_A,18,0,18,7,10,14,0.3888888888888889,0.5779407407407408,9.0,94.2
Categoria_63,11,3,Turno_B,43,0,43,6,28,21,0.1395348837209302,0.650160465116279,28.0,71.7
Categoria_09,11,3,Turno_A,102,0,102,38,64,21,0.3725490196078431,0.6321098039215686,62.0,94.9
Categoria_61,13,3,Turno_A,22,0,22,2,13,35,0.0909090909090909,0.5725727272727272,12.0,98.6
Categoria_23,11,3,Turno_A,8,0,8,0,1,21,0.0,0.112,1.0,62.0
Categoria_24,12,3,Turno_A,12,0,12,1,5,28,0.0833333333333333,0.4486666666666667,4.0,95.6
Categoria_Desconocida,9,2,Turno_B,21,0,21,6,10,7,0.2857142857142857,0.4914285714285714,9.0,82.6
Categoria_36,12,3,Turno_A,31,0,31,3,20,28,0.0967741935483871,0.6352322580645161,17.0,86.1
Categoria_69,13,3,Turno_B,24,15,9,0,4,35,0.0,0.4606,3.0,0.0
Categoria_26,11,3,Turno_B,120,20,100,2,69,21,0.02,0.6864,59.0,78.0
Categoria_11,11,3,Turno_A,6,0,6,6,6,21,1.0,1.0,8.0,55.8
Categoria_49,13,3,Turno_A,44,0,44,2,32,35,0.0454545454545454,0.7370909090909091,29.0,91.3
Categoria_28,9,2,Turno_A,18,0,18,3,5,7,0.1666666666666666,0.3034777777777777,6.0,78.5
Categoria_41,12,3,Turno_B,43,0,43,9,34,28,0.2093023255813953,0.800260465116279,30.0,86.0
Categoria_34,9,2,Turno_B,36,24,12,0,2,7,0.0,0.1850333333333333,5.0,0.0
Categoria_60,12,3,Turno_A,56,0,56,0,26,28,0.0,0.4697,25.0,92.0
Categoria_68,9,2,Turno_A,55,14,41,25,29,7,0.6097560975609756,0.6954536585365854,29.0,87.8
Categoria_33,10,3,Turno_B,2,0,2,0,0,14,0.0,0.1176,0.0,85.6
Categoria_20,10,3,Turno_B,38,38,0,0,0,14,0.0,0.4120666666666666,2.0,0.0
Categoria_04,10,3,Turno_B,4,0,4,0,1,14,0.0,0.1600666666666666,1.0,85.9
Categoria_24,12,3,Turno_B,10,0,10,2,5,28,0.2,0.4720000000000001,4.0,93.4
Categoria_Desconocida,9,2,Turno_A,35,23,12,2,5,7,0.1666666666666666,0.42,7.0,42.1
Categoria_48,10,3,Turno_A,33,0,33,33,33,14,1.0,1.0,32.0,92.8
Categoria_65,10,3,Turno_B,35,9,26,20,21,14,0.7692307692307693,0.8120564102564103,21.0,96.8
Categoria_39,12,3,Turno_B,11,0,11,0,4,28,0.0,0.3829,4.0,93.1
Categoria_38,11,3,Turno_A,3,0,3,3,3,21,1.0,1.0,3.0,96.3
Categoria_63,11,3,Turno_A,71,11,60,18,42,21,0.3,0.6982999999999999,42.0,77.9
Categoria_49,10,3,Turno_A,81,0,81,27,64,14,0.3333333333333333,0.7946666666666667,70.0,97.6
Categoria_62,10,3,Turno_A,46,0,46,6,20,14,0.1304347826086956,0.4400985507246376,16.0,82.5
Categoria_65,10,3,Turno_A,113,0,113,6,49,14,0.0530973451327433,0.4301185840707963,52.0,86.2
Categoria_44,9,2,Turno_A,49,0,49,49,49,7,1.0,1.0,43.0,98.1
Categoria_44,12,3,Turno_A,44,27,17,3,13,28,0.1764705882352941,0.7480941176470589,13.0,97.1
Categoria_62,13,3,Turno_A,28,15,13,0,7,35,0.0,0.5558,7.0,71.8
Categoria_48,13,3,Turno_A,20,0,20,20,20,35,1.0,1.0,20.0,96.3
Categoria_51,9,2,Turno_B,40,0,40,40,40,7,1.0,1.0,38.0,94.9
Categoria_59,9,2,Turno_B,20,0,20,9,9,7,0.45,0.4684,6.0,74.9
Categoria_Desconocida,13,3,Turno_A,15,0,15,0,10,35,0.0,0.6400000000000001,9.0,95.2
Categoria_16,12,3,Turno_A,20,0,20,0,8,28,0.0,0.3815,7.0,95.2
Categoria_61,13,3,Turno_B,66,0,66,2,37,35,0.0303030303030303,0.554390909090909,35.0,95.4
Categoria_49,11,3,Turno_A,82,0,82,3,60,21,0.0365853658536585,0.7353170731707318,60.0,95.2
Categoria_66,9,2,Turno_A,17,0,17,17,17,7,1.0,1.0,15.0,96.4
Categoria_67,11,3,Turno_B,22,0,22,0,12,21,0.0,0.5572,12.0,88.3
Categoria_58,9,2,Turno_A,21,0,21,21,21,7,1.0,1.0,20.0,88.1
Categoria_54,9,2,Turno_A,8,0,8,8,8,7,1.0,1.0,6.0,93.4
Categoria_47,11,3,Turno_A,25,0,25,3,14,21,0.12,0.5673,12.0,82.5
Categoria_38,9,2,Turno_A,6,6,0,0,0,7,0.0,0.1726666666666666,0.0,0.0
Categoria_06,9,2,Turno_B,14,14,0,0,0,7,0.0,0.1794333333333333,0.0,0.0
Categoria_45,11,3,Turno_B,40,17,23,10,15,21,0.4347826086956521,0.6581565217391305,16.0,89.6
Categoria_25,10,3,Turno_B,34,0,34,34,34,14,1.0,1.0,30.0,94.9
Categoria_15,13,3,Turno_B,10,0,10,0,4,35,0.0,0.4361,4.0,94.1
Categoria_52,13,3,Turno_B,39,0,39,1,29,35,0.0256410256410256,0.7371282051282052,25.0,86.3
Categoria_37,11,3,Turno_B,19,0,19,17,17,21,0.8947368421052632,0.8947368421052632,16.0,98.0
Categoria_26,10,3,Turno_B,142,23,119,80,97,14,0.6722689075630253,0.8168537815126051,83.0,93.6
Categoria_04,11,3,Turno_A,11,0,11,0,3,21,0.0,0.2401,3.0,81.9
Categoria_64,13,3,Turno_B,18,0,18,0,10,35,0.0,0.5292,9.0,85.1
Categoria_41,12,3,Turno_C,5,0,5,1,4,28,0.2,0.7984,4.0,98.1
Categoria_54,13,3,Turno_B,19,0,19,0,10,35,0.0,0.5502,9.0,88.4
Categoria_08,13,3,Turno_B,2,0,2,0,1,35,0.0,0.7392000000000001,2.0,16.3
Categoria_60,9,2,Turno_A,56,31,25,8,10,7,0.32,0.4019,13.0,62.0
Categoria_52,9,2,Turno_B,106,12,94,28,51,7,0.2978723404255319,0.5447234042553192,46.0,80.2
Categoria_40,10,3,Turno_A,19,0,19,4,8,14,0.2105263157894736,0.4132807017543859,6.0,90.4
Categoria_42,12,3,Turno_B,14,0,14,14,14,28,1.0,1.0,13.0,95.5
Categoria_43,12,3,Turno_A,6,0,6,0,4,28,0.0,0.5901,7.0,97.9
Categoria_43,9,2,Turno_B,8,0,8,8,8,7,1.0,1.0,10.0,98.2
Categoria_09,13,3,Turno_A,120,0,120,12,69,35,0.1,0.5776,68.0,86.4
Categoria_57,10,3,Turno_A,6,0,6,2,5,14,0.3333333333333333,0.7794666666666668,4.0,96.8
Categoria_44,13,3,Turno_B,25,0,25,5,19,35,0.2,0.7528000000000001,19.0,95.8
Categoria_69,14,3,Turno_B,24,0,24,0,11,42,0.0,0.4606,8.0,92.0
Categoria_14,12,3,Turno_B,38,0,38,38,38,28,1.0,1.0,35.0,89.3
Categoria_Desconocida,13,3,Turno_A,23,0,23,0,15,35,0.0,0.6400000000000001,13.0,93.9
Categoria_12,10,3,Turno_B,37,0,37,12,22,14,0.3243243243243243,0.5816648648648649,20.0,97.4
Categoria_18,13,3,Turno_A,8,0,8,0,0,35,0.0,0.0432,0.0,80.2
Categoria_49,12,3,Turno_B,52,17,35,4,26,28,0.1142857142857142,0.750857142857143,28.0,97.2
Categoria_17,13,3,Turno_B,3,0,3,0,1,35,0.0,0.3752,1.0,93.1
Categoria_64,13,3,Turno_A,58,0,58,0,31,35,0.0,0.5292,32.0,86.6
Categoria_56,10,3,Turno_B,9,9,0,0,0,14,0.0,0.3863999999999999,0.0,0.0
Categoria_56,10,3,Turno_B,9,9,0,0,0,14,0.0,0.3863999999999999,0.0,0.0
Categoria_37,12,3,Turno_B,18,0,18,7,13,28,0.3888888888888889,0.7361666666666666,12.0,97.0
Categoria_47,12,3,Turno_A,21,0,21,0,11,28,0.0,0.5313,10.0,88.1
Categoria_42,13,3,Turno_B,12,0,12,12,12,35,1.0,1.0,12.0,96.5
Categoria_67,13,3,Turno_A,32,0,32,0,18,35,0.0,0.5572,13.0,93.0
Categoria_09,10,3,Turno_A,44,28,16,2,9,14,0.125,0.5826,11.0,86.4
Categoria_64,13,3,Turno_B,36,16,20,0,11,35,0.0,0.5292,11.0,80.5
Categoria_12,11,3,Turno_B,36,0,36,5,20,21,0.1388888888888889,0.5445777777777778,18.0,84.9
Categoria_61,11,3,Turno_B,118,0,118,6,66,21,0.0508474576271186,0.5605542372881356,62.0,87.8
Categoria_53,11,3,Turno_A,35,0,35,21,29,21,0.6,0.8296,28.0,80.8
Categoria_04,11,3,Turno_A,2,0,2,0,0,21,0.0,0.2401,0.0,87.0
Categoria_51,11,3,Turno_B,46,20,26,3,16,21,0.1153846153846153,0.6289153846153845,16.0,87.4
Categoria_33,11,3,Turno_A,8,0,8,0,1,21,0.0,0.1176,1.0,79.2
Categoria_35,13,3,Turno_A,158,0,158,3,135,35,0.0189873417721519,0.8541987341772151,119.0,91.3
Categoria_07,9,2,Turno_A,6,0,6,6,6,7,1.0,1.0,5.0,80.4
Categoria_05,14,3,Turno_B,3,0,3,0,1,42,0.0,0.4641,1.0,91.8
Categoria_64,10,3,Turno_A,36,0,36,1,13,14,0.0277777777777777,0.3676148148148148,14.0,82.4
Categoria_14,12,3,Turno_A,4,0,4,0,2,28,0.0,0.4543,4.0,19.6
Categoria_68,13,3,Turno_B,72,0,72,0,47,35,0.0,0.6592,46.0,97.6
Categoria_12,13,3,Turno_A,84,0,84,1,44,35,0.0119047619047619,0.5191809523809524,49.0,93.4
Categoria_38,10,3,Turno_B,9,0,9,9,9,14,1.0,1.0,8.0,87.7
Categoria_63,12,3,Turno_B,12,0,12,0,7,28,0.0,0.6083,7.0,80.7
Categoria_53,11,3,Turno_A,20,0,20,18,18,21,0.9,0.9,21.0,98.0
Categoria_68,13,3,Turno_A,54,0,54,1,36,35,0.0185185185185185,0.6629037037037037,34.0,98.4
Categoria_40,13,3,Turno_A,27,0,27,1,12,35,0.037037037037037,0.4626111111111111,9.0,82.4
Categoria_48,12,3,Turno_A,51,0,51,40,43,28,0.7843137254901961,0.8519941176470588,41.0,97.0
Categoria_14,12,3,Turno_C,8,0,8,8,8,28,1.0,1.0,10.0,91.0
Categoria_62,9,2,Turno_A,21,21,0,0,0,7,0.0,0.1852666666666666,0.0,0.0
Categoria_43,12,3,Turno_B,8,0,8,0,5,28,0.0,0.5901,7.0,71.3
Categoria_51,13,3,Turno_B,41,0,41,0,24,35,0.0,0.5942999999999999,24.0,79.0
Categoria_56,11,3,Turno_A,9,0,9,9,9,21,1.0,1.0,7.0,87.0
Categoria_54,11,3,Turno_B,10,10,0,0,0,21,0.0,0.5502,0.0,0.0
Categoria_59,10,3,Turno_A,11,0,11,2,5,14,0.1818181818181818,0.4331636363636364,4.0,94.7
Categoria_24,9,2,Turno_A,12,0,12,9,9,7,0.75,0.75,7.0,92.6
Categoria_33,10,3,Turno_A,7,0,7,0,1,14,0.0,0.1176,1.0,85.2
Categoria_69,12,3,Turno_B,24,24,0,0,0,28,0.0,0.4606,0.0,0.0
Categoria_64,11,3,Turno_B,34,0,34,0,18,21,0.0,0.5292,16.0,93.0
Categoria_47,9,2,Turno_A,26,26,0,0,0,7,0.0,0.1770999999999999,0.0,0.0
Categoria_51,10,3,Turno_A,40,0,40,31,32,14,0.775,0.8095333333333333,31.0,90.2
Categoria_61,14,3,Turno_A,22,0,22,0,12,42,0.0,0.5453,12.0,93.1
Categoria_23,9,2,Turno_A,32,32,0,0,0,7,0.0,0.056,0.0,0.0
Categoria_23,12,3,Turno_A,32,0,32,0,4,28,0.0,0.112,3.0,89.7
Categoria_34,9,2,Turno_A,67,0,67,5,16,7,0.0746268656716417,0.242247263681592,23.0,78.5
Categoria_48,9,2,Turno_A,51,0,51,51,51,7,1.0,1.0,48.0,98.5
Categoria_Desconocida,10,3,Turno_B,18,0,18,0,12,14,0.0,0.6400000000000001,10.0,95.4
Categoria_09,10,3,Turno_B,107,85,22,7,14,14,0.3181818181818182,0.6212363636363636,21.0,77.2
Categoria_08,11,3,Turno_A,71,22,49,32,43,21,0.6530612244897959,0.8698122448979593,50.0,98.4
Categoria_66,11,3,Turno_A,39,0,39,3,24,21,0.0769230769230769,0.602676923076923,22.0,88.5
Categoria_61,14,3,Turno_B,66,0,66,0,36,42,0.0,0.5453,35.0,95.2
Categoria_54,12,3,Turno_B,8,0,8,3,5,28,0.375,0.6627000000000001,4.0,84.8
Categoria_06,10,3,Turno_A,12,0,12,12,12,14,1.0,1.0,11.0,91.1
Categoria_49,10,3,Turno_B,31,0,31,20,27,14,0.6451612903225806,0.8570322580645162,25.0,97.4
Categoria_64,14,3,Turno_B,36,36,0,0,0,42,0.0,0.5292,1.0,0.0
Categoria_64,9,2,Turno_B,16,16,0,0,0,7,0.0,0.1763999999999999,0.0,0.0
Categoria_43,11,3,Turno_A,6,0,6,0,4,21,0.0,0.5901,8.0,93.6
Categoria_68,11,3,Turno_A,67,0,67,3,45,21,0.044776119402985,0.668155223880597,42.0,90.3
Categoria_03,9,2,Turno_B,5,0,5,0,0,7,0.0,0.0746666666666666,0.0,85.7
Categoria_62,13,3,Turno_B,34,0,34,0,19,35,0.0,0.5558,16.0,92.8
Categoria_40,9,2,Turno_B,8,0,8,4,4,7,0.5,0.5338333333333334,3.0,85.5
Categoria_68,12,3,Turno_B,64,0,64,0,42,28,0.0,0.6592,39.0,94.0
Categoria_33,13,3,Turno_A,9,0,9,0,1,35,0.0,0.1176,1.0,75.0
Categoria_02,10,3,Turno_A,15,0,15,15,15,14,1.0,1.0,16.0,95.2
Categoria_37,9,2,Turno_A,12,0,12,12,12,7,1.0,1.0,11.0,91.2
Categoria_54,9,2,Turno_C,2,0,2,2,2,7,1.0,1.0,1.0,65.0
Categoria_14,9,2,Turno_B,38,0,38,38,38,7,1.0,1.0,34.0,94.5
Categoria_53,9,2,Turno_B,18,-2,20,20,20,7,1.0,1.0,18.0,91.6
Categoria_43,9,2,Turno_A,6,0,6,6,6,7,1.0,1.0,9.0,90.8
Categoria_46,13,3,Turno_A,15,0,15,3,9,35,0.2,0.6116,8.0,80.0
Categoria_53,10,3,Turno_A,28,0,28,27,27,14,0.9642857142857144,0.9642857142857144,26.0,94.8
Categoria_33,9,2,Turno_C,1,0,1,0,0,7,0.0,0.0588,0.0,94.1
Categoria_10,9,2,Turno_A,8,0,8,8,8,7,1.0,1.0,9.0,96.9
Categoria_48,14,3,Turno_B,15,0,15,1,10,42,0.0666666666666666,0.6366999999999999,10.0,83.2
Categoria_60,12,3,Turno_B,24,0,24,0,11,28,0.0,0.4697,8.0,77.0
Categoria_05,13,3,Turno_B,3,0,3,0,1,35,0.0,0.4641,1.0,92.7
Categoria_12,12,3,Turno_C,8,0,8,0,4,28,0.0,0.5168,4.0,87.9
Categoria_60,12,3,Turno_A,76,0,76,3,37,28,0.0394736842105263,0.4815421052631579,35.0,97.5
Categoria_42,9,2,Turno_B,14,0,14,14,14,7,1.0,1.0,12.0,79.4
Categoria_65,12,3,Turno_A,99,0,99,1,60,28,0.0101010101010101,0.605730303030303,60.0,94.7
Categoria_63,10,3,Turno_A,24,0,24,24,24,14,1.0,1.0,27.0,93.9
Categoria_44,13,3,Turno_A,44,0,44,6,33,35,0.1363636363636363,0.7400727272727273,29.0,98.4
Categoria_48,13,3,Turno_B,15,0,15,11,13,35,0.7333333333333333,0.8367,13.0,84.6
Categoria_Desconocida,11,3,Turno_A,23,0,23,1,15,21,0.0434782608695652,0.6486956521739131,13.0,91.4
Categoria_25,11,3,Turno_B,12,0,12,12,12,21,1.0,1.0,10.0,85.6
Categoria_22,11,3,Turno_A,7,0,7,7,7,21,1.0,1.0,6.0,98.2
Categoria_28,9,2,Turno_B,15,15,0,0,0,7,0.0,0.1756999999999999,0.0,0.0
Categoria_38,13,3,Turno_A,6,0,6,1,3,35,0.1666666666666666,0.5680000000000001,2.0,96.8
Categoria_36,14,3,Turno_A,27,0,27,0,16,42,0.0,0.6062,14.0,96.3
Categoria_04,13,3,Turno_C,2,0,2,0,0,35,0.0,0.2401,0.0,93.2
Categoria_45,12,3,Turno_B,13,0,13,2,8,28,0.1538461538461538,0.6019692307692308,6.0,94.6
Categoria_65,11,3,Turno_A,21,0,21,1,13,21,0.0476190476190476,0.6169857142857141,11.0,86.0
Categoria_21,13,3,Turno_A,12,0,12,12,12,35,1.0,1.0,12.0,83.4
Categoria_01,10,3,Turno_A,10,0,10,10,10,14,1.0,1.0,9.0,96.6
Categoria_17,9,2,Turno_B,10,0,10,8,8,7,0.8,0.8,7.0,93.7
Categoria_27,9,2,Turno_B,6,0,6,1,2,7,0.1666666666666666,0.2565777777777777,2.0,85.5
Categoria_56,10,3,Turno_A,9,9,0,0,0,14,0.0,0.3863999999999999,0.0,0.0
Categoria_67,11,3,Turno_A,28,0,28,1,16,21,0.0357142857142857,0.5679142857142857,14.0,93.5
Categoria_14,10,3,Turno_B,4,0,4,0,1,14,0.0,0.3028666666666666,2.0,31.8
Categoria_46,11,3,Turno_A,15,0,15,15,15,21,1.0,1.0,13.0,88.0
Categoria_34,11,3,Turno_A,32,16,16,0,9,21,0.0,0.5551,7.0,63.3
Categoria_07,14,3,Turno_B,13,0,13,0,5,42,0.0,0.3857,5.0,87.9
Categoria_28,11,3,Turno_A,18,0,18,2,10,21,0.1111111111111111,0.5604333333333333,10.0,87.1
Categoria_54,14,3,Turno_B,19,0,19,0,10,42,0.0,0.5502,9.0,88.3
Categoria_14,9,2,Turno_C,8,0,8,8,8,7,1.0,1.0,10.0,93.2
Categoria_58,9,2,Turno_A,17,0,17,17,17,7,1.0,1.0,18.0,95.4
Categoria_08,9,2,Turno_A,40,14,26,26,26,7,1.0,1.0,28.0,74.3
Categoria_57,10,3,Turno_A,6,0,6,0,4,14,0.0,0.7128000000000001,3.0,84.7
Categoria_61,9,2,Turno_A,22,22,0,0,0,7,0.0,0.1817666666666666,0.0,0.0
Categoria_20,9,2,Turno_A,38,0,38,38,38,7,1.0,1.0,33.0,90.2
Categoria_23,13,3,Turno_A,32,0,32,0,4,35,0.0,0.112,3.0,98.1
Categoria_48,11,3,Turno_A,49,0,49,49,49,21,1.0,1.0,47.0,91.6
Categoria_29,9,2,Turno_A,6,0,6,6,6,7,1.0,1.0,6.0,91.7
Categoria_40,10,3,Turno_B,14,0,14,7,8,14,0.5,0.5676666666666667,6.0,95.3
Categoria_11,11,3,Turno_B,34,0,34,13,24,21,0.3823529411764705,0.7006058823529412,23.0,87.2
Categoria_48,13,3,Turno_A,54,0,54,38,45,35,0.7037037037037037,0.827811111111111,46.0,89.5
Categoria_56,9,2,Turno_B,7,7,0,0,0,7,0.0,0.1931999999999999,0.0,0.0
Categoria_36,11,3,Turno_B,18,0,18,1,11,21,0.0555555555555555,0.6228666666666667,11.0,70.6
Categoria_66,9,2,Turno_B,12,12,0,0,0,7,0.0,0.1931999999999999,0.0,0.0
Categoria_34,12,3,Turno_B,36,0,36,0,20,28,0.0,0.5551,16.0,93.5
Categoria_12,12,3,Turno_A,78,0,78,0,40,28,0.0,0.5168,47.0,98.4
Categoria_40,12,3,Turno_B,8,0,8,0,4,28,0.0,0.4514999999999999,4.0,81.0
Categoria_04,11,3,Turno_B,4,0,4,0,1,21,0.0,0.2401,1.0,95.4
Categoria_54,10,3,Turno_A,19,0,19,4,9,14,0.2105263157894736,0.4790807017543859,7.0,88.4
Categoria_38,10,3,Turno_A,3,0,3,3,3,14,1.0,1.0,3.0,94.9
Categoria_36,12,3,Turno_A,31,0,31,0,19,28,0.0,0.6062,15.0,93.8
Categoria_14,10,3,Turno_A,28,16,12,12,12,14,1.0,1.0,13.0,69.5
Categoria_49,11,3,Turno_A,16,0,16,16,16,21,1.0,1.0,16.0,95.1
Categoria_10,10,3,Turno_B,6,0,6,0,2,14,0.0,0.2533999999999999,2.0,95.5
Categoria_45,9,2,Turno_B,13,0,13,13,13,7,1.0,1.0,10.0,81.6
Categoria_20,12,3,Turno_B,24,24,0,0,0,28,0.0,0.6181,0.0,0.0
Categoria_36,12,3,Turno_B,30,0,30,0,18,28,0.0,0.6062,15.0,87.0
Categoria_07,13,3,Turno_B,13,0,13,0,5,35,0.0,0.3857,5.0,88.9
Categoria_28,12,3,Turno_A,18,0,18,0,9,28,0.0,0.5271,9.0,76.3
Categoria_47,12,3,Turno_A,23,1,22,0,12,28,0.0,0.5313,10.0,82.4
Categoria_47,9,2,Turno_A,24,4,20,20,20,7,1.0,1.0,20.0,91.8
Categoria_45,13,3,Turno_A,6,0,6,0,3,35,0.0,0.5712,2.0,73.2
Categoria_49,11,3,Turno_B,34,0,34,9,27,21,0.2647058823529412,0.7809411764705884,23.0,87.9
Categoria_33,12,3,Turno_C,1,0,1,0,0,28,0.0,0.1176,0.0,96.8
Categoria_59,11,3,Turno_A,11,0,11,1,5,21,0.0909090909090909,0.4149818181818182,4.0,87.4
Categoria_51,11,3,Turno_A,45,27,18,2,11,21,0.1111111111111111,0.6276333333333333,13.0,96.3
Categoria_05,11,3,Turno_A,16,0,16,2,8,21,0.125,0.5016,8.0,83.0
Categoria_16,11,3,Turno_A,14,0,14,0,5,21,0.0,0.3815,5.0,96.4
Categoria_12,12,3,Turno_A,16,0,16,0,8,28,0.0,0.5168,8.0,75.8
Categoria_10,9,2,Turno_B,4,4,0,0,0,7,0.0,0.1266999999999999,0.0,0.0
Categoria_67,10,3,Turno_B,30,12,18,2,8,14,0.1111111111111111,0.4307259259259259,6.0,64.8
Categoria_62,12,3,Turno_B,21,0,21,1,12,28,0.0476190476190476,0.5700857142857142,10.0,85.1
Categoria_03,9,2,Turno_B,6,0,6,0,0,7,0.0,0.0746666666666666,0.0,96.6
Categoria_Desconocida,10,3,Turno_A,14,0,14,0,9,14,0.0,0.6400000000000001,8.0,96.0
Categoria_21,14,3,Turno_A,12,0,12,12,12,42,1.0,1.0,12.0,83.1
Categoria_04,11,3,Turno_B,4,0,4,0,1,21,0.0,0.2401,1.0,94.9
Categoria_34,10,3,Turno_B,24,0,24,0,9,14,0.0,0.3700666666666666,7.0,88.0
Categoria_20,12,3,Turno_B,32,0,32,32,32,28,1.0,1.0,28.0,96.8
Categoria_22,13,3,Turno_B,8,0,8,8,8,35,1.0,1.0,7.0,98.1
Categoria_05,14,3,Turno_A,9,0,9,0,4,42,0.0,0.4641,4.0,97.6
Categoria_09,11,3,Turno_A,12,0,12,2,7,21,0.1666666666666666,0.5909333333333333,5.0,82.1
Categoria_60,14,3,Turno_B,16,0,16,0,8,42,0.0,0.4697,8.0,93.8
Categoria_58,14,3,Turno_A,31,15,16,7,13,42,0.4375,0.8091,13.0,84.3
Categoria_16,12,3,Turno_C,6,0,6,0,2,28,0.0,0.3815,2.0,87.9
Categoria_36,12,3,Turno_B,18,0,18,0,11,28,0.0,0.6062,11.0,68.1
Categoria_52,11,3,Turno_A,60,0,60,2,44,21,0.0333333333333333,0.7386666666666668,39.0,90.3
Categoria_42,10,3,Turno_B,27,0,27,27,27,14,1.0,1.0,25.0,96.6
Categoria_62,11,3,Turno_A,37,0,37,2,21,21,0.054054054054054,0.5720162162162162,18.0,88.3
Categoria_60,11,3,Turno_B,20,0,20,0,9,21,0.0,0.4697,7.0,97.6
Categoria_10,12,3,Turno_A,8,0,8,1,3,28,0.125,0.4175999999999999,3.0,62.0
Categoria_50,13,3,Turno_B,6,0,6,0,4,35,0.0,0.7208000000000001,2.0,0.0
Categoria_64,9,2,Turno_A,44,7,37,12,16,7,0.3243243243243243,0.4250486486486486,15.0,86.1
Categoria_06,10,3,Turno_B,6,0,6,6,6,14,1.0,1.0,6.0,91.8
Categoria_67,11,3,Turno_A,73,0,73,6,42,21,0.0821917808219178,0.5818575342465754,38.0,92.7
Categoria_60,13,3,Turno_B,16,0,16,0,8,35,0.0,0.4697,8.0,94.1
Categoria_03,14,3,Turno_B,5,0,5,0,1,42,0.0,0.2239999999999999,1.0,93.9
Categoria_69,11,3,Turno_A,17,0,17,0,8,21,0.0,0.4606,7.0,85.6
Categoria_24,12,3,Turno_A,11,0,11,0,5,28,0.0,0.432,4.0,79.7
Categoria_54,9,2,Turno_B,8,0,8,8,8,7,1.0,1.0,6.0,98.1
Categoria_58,10,3,Turno_A,6,6,0,0,0,14,0.0,0.7216,0.0,0.0
Categoria_64,12,3,Turno_B,16,0,16,0,8,28,0.0,0.5292,8.0,83.3
Categoria_20,9,2,Turno_B,24,0,24,24,24,7,1.0,1.0,23.0,97.1
Categoria_Desconocida,11,3,Turno_B,15,0,15,0,10,21,0.0,0.6400000000000001,9.0,94.3
Categoria_59,12,3,Turno_C,3,0,3,0,1,28,0.0,0.3968,1.0,91.9
Categoria_17,12,3,Turno_B,10,0,10,1,4,28,0.1,0.4052,4.0,88.4
Categoria_25,12,3,Turno_A,14,0,14,14,14,28,1.0,1.0,14.0,94.3
Categoria_08,9,2,Turno_B,20,0,20,20,20,7,1.0,1.0,19.0,89.3
Categoria_28,9,2,Turno_B,15,15,0,0,0,7,0.0,0.1756999999999999,0.0,0.0
Categoria_60,13,3,Turno_A,46,0,46,0,22,35,0.0,0.4697,18.0,86.1
Categoria_45,13,3,Turno_B,11,0,11,0,6,35,0.0,0.5712,5.0,81.1
Categoria_20,9,2,Turno_B,32,14,18,18,18,7,1.0,1.0,17.0,92.5
Categoria_44,13,3,Turno_B,40,9,31,3,23,35,0.0967741935483871,0.7321548387096776,22.0,88.5
Categoria_05,9,2,Turno_A,25,9,16,16,16,7,1.0,1.0,17.0,79.1
Categoria_14,11,3,Turno_B,16,0,16,16,16,21,1.0,1.0,15.0,97.0
Categoria_21,12,3,Turno_A,12,0,12,12,12,28,1.0,1.0,11.0,75.9
Categoria_17,10,3,Turno_B,4,0,4,0,1,14,0.0,0.2501333333333333,1.0,96.4
Categoria_65,13,3,Turno_A,39,0,39,0,24,35,0.0,0.6026999999999999,22.0,87.1
Categoria_06,10,3,Turno_B,35,0,35,35,35,14,1.0,1.0,33.0,97.6
Categoria_43,13,3,Turno_B,8,0,8,0,5,35,0.0,0.5901,7.0,69.0
Categoria_20,14,3,Turno_A,20,0,20,0,12,42,0.0,0.6181,10.0,94.2
Categoria_54,12,3,Turno_A,8,0,8,0,4,28,0.0,0.5502,4.0,80.2
Categoria_16,9,2,Turno_C,6,6,0,0,0,7,0.0,0.1271666666666666,0.0,0.0
Categoria_43,10,3,Turno_B,8,0,8,8,8,14,1.0,1.0,12.0,93.0
Categoria_19,13,3,Turno_A,4,0,4,0,1,35,0.0,0.1770999999999999,1.0,74.4
Categoria_29,10,3,Turno_B,6,0,6,6,6,14,1.0,1.0,5.0,93.6
Categoria_14,13,3,Turno_B,15,0,15,15,15,35,1.0,1.0,14.0,93.6
Categoria_10,10,3,Turno_A,6,0,6,0,2,14,0.0,0.2533999999999999,2.0,95.1
Categoria_28,10,3,Turno_A,18,0,18,2,7,14,0.1111111111111111,0.4106592592592592,7.0,92.0
Categoria_28,11,3,Turno_B,15,0,15,11,11,21,0.7333333333333333,0.7471000000000001,10.0,82.0
Categoria_47,14,3,Turno_A,25,0,25,0,13,42,0.0,0.5313,11.0,91.6
Categoria_40,9,2,Turno_A,12,0,12,8,8,7,0.6666666666666666,0.6666666666666666,7.0,98.2
Categoria_42,10,3,Turno_A,24,0,24,24,24,14,1.0,1.0,22.0,98.5
Categoria_53,11,3,Turno_B,15,0,15,15,15,21,1.0,1.0,17.0,84.4
Categoria_64,14,3,Turno_A,16,16,0,0,0,42,0.0,0.5292,0.0,0.0
Categoria_25,9,2,Turno_A,14,0,14,14,14,7,1.0,1.0,14.0,93.2
Categoria_67,11,3,Turno_B,14,0,14,0,8,21,0.0,0.5572,7.0,83.1
Categoria_06,12,3,Turno_B,14,0,14,7,10,28,0.5,0.6883,8.0,97.4
Categoria_45,9,2,Turno_B,8,0,8,8,8,7,1.0,1.0,6.0,78.0
Categoria_63,11,3,Turno_A,15,0,15,1,9,21,0.0666666666666666,0.6283,9.0,82.9
Categoria_59,9,2,Turno_C,3,0,3,0,1,7,0.0,0.1984,1.0,77.6
Categoria_31,13,3,Turno_B,5,0,5,0,4,35,0.0,0.7152000000000001,4.0,97.1
Categoria_27,12,3,Turno_B,6,0,6,0,2,28,0.0,0.3864,2.0,86.9
Categoria_38,12,3,Turno_A,6,0,6,0,3,28,0.0,0.518,3.0,80.2
Categoria_14,10,3,Turno_A,34,0,34,34,34,14,1.0,1.0,31.0,89.7
Categoria_66,12,3,Turno_B,12,0,12,0,7,28,0.0,0.5795999999999999,6.0,97.7
Categoria_61,10,3,Turno_A,12,12,0,0,0,14,0.0,0.3635333333333332,0.0,0.0
Categoria_22,13,3,Turno_A,4,0,4,4,4,35,1.0,1.0,3.0,93.2
Categoria_Desconocida,11,3,Turno_A,14,0,14,0,9,21,0.0,0.6400000000000001,8.0,94.7
Categoria_62,10,3,Turno_B,32,0,32,1,12,14,0.03125,0.3871999999999999,7.0,67.1
Categoria_21,11,3,Turno_B,6,0,6,6,6,21,1.0,1.0,6.0,81.2
Categoria_11,11,3,Turno_B,14,0,14,7,10,21,0.5,0.7359,10.0,90.5
Categoria_68,10,3,Turno_A,53,0,53,8,37,14,0.1509433962264151,0.689388679245283,34.0,95.1
Categoria_28,12,3,Turno_B,15,0,15,4,9,28,0.2666666666666666,0.6071,9.0,96.2
Categoria_14,9,2,Turno_A,4,0,4,0,1,7,0.0,0.1514333333333333,3.0,2.6
Categoria_55,11,3,Turno_A,9,0,9,1,3,21,0.1111111111111111,0.3483333333333333,2.0,54.1
Categoria_45,12,3,Turno_A,6,0,6,0,3,28,0.0,0.5712,2.0,77.6
Categoria_62,11,3,Turno_B,14,0,14,0,8,21,0.0,0.5558,6.0,79.4
Categoria_42,11,3,Turno_B,6,0,6,6,6,21,1.0,1.0,6.0,98.2
Categoria_21,11,3,Turno_A,15,0,15,15,15,21,1.0,1.0,13.0,95.7
Categoria_66,10,3,Turno_A,16,0,16,12,13,14,0.75,0.7864,12.0,90.0
Categoria_20,12,3,Turno_A,38,0,38,38,38,28,1.0,1.0,33.0,91.0
Categoria_63,10,3,Turno_B,9,0,9,9,9,14,1.0,1.0,8.0,82.6
Categoria_05,9,2,Turno_B,16,0,16,16,16,7,1.0,1.0,14.0,90.2
Categoria_21,10,3,Turno_A,12,0,12,12,12,14,1.0,1.0,12.0,88.8
Categoria_16,9,2,Turno_A,20,0,20,5,6,7,0.25,0.3188333333333333,6.0,93.2
Categoria_61,11,3,Turno_A,17,0,17,0,9,21,0.0,0.5453,9.0,87.2
Categoria_66,12,3,Turno_A,17,0,17,0,10,28,0.0,0.5795999999999999,9.0,93.3
Categoria_39,9,2,Turno_B,11,0,11,6,6,7,0.5454545454545454,0.5458151515151515,5.0,93.8
Categoria_58,9,2,Turno_B,9,0,9,9,9,7,1.0,1.0,11.0,96.5
Categoria_58,12,3,Turno_A,17,0,17,17,17,28,1.0,1.0,18.0,96.5
Categoria_17,10,3,Turno_A,8,0,8,0,2,14,0.0,0.2501333333333333,2.0,88.4
Categoria_66,10,3,Turno_A,80,0,80,17,40,14,0.2125,0.4997333333333332,47.0,94.5
Categoria_03,12,3,Turno_B,5,0,5,0,1,28,0.0,0.2239999999999999,1.0,82.4
Categoria_33,9,2,Turno_C,1,0,1,0,0,7,0.0,0.0588,0.0,95.9
Categoria_07,12,3,Turno_A,5,0,5,0,2,28,0.0,0.3857,2.0,67.5
Categoria_32,13,3,Turno_A,6,0,6,0,2,35,0.0,0.3954999999999999,2.0,95.7
Categoria_42,9,2,Turno_A,18,0,18,18,18,7,1.0,1.0,18.0,89.3
Categoria_66,14,3,Turno_A,21,0,21,1,12,42,0.0476190476190476,0.5938857142857141,10.0,84.3
Categoria_07,12,3,Turno_A,6,0,6,0,2,28,0.0,0.3857,1.0,54.1
Categoria_37,13,3,Turno_A,15,0,15,1,10,35,0.0666666666666666,0.6395,9.0,93.7
Categoria_32,10,3,Turno_B,5,0,5,5,5,14,1.0,1.0,5.0,92.6
Categoria_66,11,3,Turno_B,16,0,16,2,10,21,0.125,0.6170999999999999,9.0,86.5
Categoria_61,9,2,Turno_A,20,0,20,13,14,7,0.65,0.6801,11.0,96.8
Categoria_59,10,3,Turno_C,3,0,3,0,1,14,0.0,0.3968,1.0,77.4
Categoria_05,10,3,Turno_A,16,0,16,8,9,14,0.5,0.5760666666666667,9.0,92.4
Categoria_61,13,3,Turno_A,22,0,22,0,12,35,0.0,0.5453,12.0,93.7
Categoria_51,10,3,Turno_A,18,18,0,0,0,14,0.0,0.3961999999999999,0.0,0.0
Categoria_68,12,3,Turno_C,8,0,8,0,5,28,0.0,0.6592,5.0,89.8
Categoria_60,10,3,Turno_A,20,20,0,0,0,14,0.0,0.3131333333333332,0.0,0.0
Categoria_20,13,3,Turno_A,20,0,20,10,15,35,0.5,0.7681,13.0,96.0
Categoria_05,9,2,Turno_B,6,6,0,0,0,7,0.0,0.1546999999999999,0.0,0.0
Categoria_29,12,3,Turno_A,6,0,6,0,3,28,0.0,0.4409999999999999,3.0,85.7
Categoria_05,10,3,Turno_A,16,0,16,15,15,14,0.9375,0.9375,14.0,97.9
Categoria_12,10,3,Turno_A,106,16,90,24,51,14,0.2666666666666666,0.5701333333333334,48.0,86.3
Categoria_08,13,3,Turno_A,40,0,40,7,31,35,0.175,0.7742000000000001,31.0,73.3
Categoria_08,13,3,Turno_B,20,0,20,0,15,35,0.0,0.7392000000000001,16.0,69.8
Categoria_27,10,3,Turno_B,6,0,6,0,2,14,0.0,0.2575999999999999,2.0,89.0
Categoria_04,12,3,Turno_A,11,0,11,0,3,28,0.0,0.2401,3.0,79.8
Categoria_66,10,3,Turno_A,60,0,60,24,36,14,0.4,0.5997333333333332,34.0,92.5
Categoria_66,14,3,Turno_A,17,0,17,0,10,42,0.0,0.5795999999999999,9.0,92.6
Categoria_49,9,2,Turno_A,81,0,81,81,81,7,1.0,1.0,82.0,94.5
Categoria_56,12,3,Turno_B,9,0,9,9,9,28,1.0,1.0,7.0,84.5
Categoria_56,12,3,Turno_A,9,0,9,9,9,28,1.0,1.0,7.0,89.3
Categoria_54,11,3,Turno_A,17,0,17,0,9,21,0.0,0.5502,8.0,95.6
Categoria_16,14,3,Turno_C,6,0,6,0,2,42,0.0,0.3815,2.0,88.5
Categoria_41,13,3,Turno_A,45,0,45,14,37,35,0.3111111111111111,0.8206222222222221,36.0,81.9
Categoria_36,9,2,Turno_A,50,14,36,16,20,7,0.4444444444444444,0.5428074074074074,22.0,88.6
Categoria_60,11,3,Turno_A,46,0,46,0,22,21,0.0,0.4697,18.0,85.8
Categoria_08,9,2,Turno_A,58,30,28,28,28,7,1.0,1.0,34.0,97.1
Categoria_52,12,3,Turno_A,139,0,139,4,103,28,0.0287769784172661,0.7377553956834534,83.0,97.9
Categoria_40,10,3,Turno_A,39,0,39,6,15,14,0.1538461538461538,0.383051282051282,15.0,78.2
Categoria_09,11,3,Turno_A,120,0,120,22,71,21,0.1833333333333333,0.5942666666666666,71.0,91.2
Categoria_12,13,3,Turno_B,59,0,59,1,31,35,0.0169491525423728,0.5201898305084746,31.0,95.7
Categoria_51,12,3,Turno_A,18,0,18,0,11,28,0.0,0.5942999999999999,11.0,70.6
Categoria_67,11,3,Turno_A,28,0,28,0,16,21,0.0,0.5572,14.0,96.4
Categoria_44,9,2,Turno_A,62,35,27,27,27,7,1.0,1.0,27.0,94.8
Categoria_45,14,3,Turno_A,12,0,12,0,7,42,0.0,0.5712,6.0,96.8
Categoria_51,11,3,Turno_B,41,0,41,3,25,21,0.073170731707317,0.6162512195121951,25.0,83.3
Categoria_20,13,3,Turno_A,42,18,24,12,18,35,0.5,0.7681,18.0,88.5
Categoria_64,10,3,Turno_B,34,0,34,6,15,14,0.1764705882352941,0.4469176470588235,13.0,96.6
Categoria_59,12,3,Turno_A,14,0,14,1,6,28,0.0714285714285714,0.4110857142857143,6.0,98.0
Categoria_26,10,3,Turno_B,120,0,120,15,85,14,0.125,0.7074,72.0,86.0
Categoria_24,9,2,Turno_B,10,0,10,6,6,7,0.6,0.6,5.0,88.4
Categoria_24,13,3,Turno_B,10,0,10,1,5,35,0.1,0.452,4.0,93.3
Categoria_41,12,3,Turno_A,48,0,48,4,37,28,0.0833333333333333,0.7750666666666667,33.0,93.2
Categoria_33,13,3,Turno_A,1,0,1,0,0,35,0.0,0.1176,0.0,87.2
Categoria_35,10,3,Turno_B,217,56,161,6,138,14,0.0372670807453416,0.8560267080745341,124.0,96.5
Categoria_25,9,2,Turno_B,21,0,21,21,21,7,1.0,1.0,18.0,96.7
Categoria_26,10,3,Turno_A,170,28,142,22,101,14,0.1549295774647887,0.7133859154929577,94.0,92.8
Categoria_26,14,3,Turno_A,191,20,171,16,120,42,0.0935672514619883,0.7011134502923977,109.0,95.2
Categoria_36,12,3,Turno_A,50,0,50,0,30,28,0.0,0.6062,28.0,94.3
Categoria_09,9,2,Turno_A,83,63,20,10,12,7,0.5,0.5788,16.0,49.3
Categoria_41,14,3,Turno_B,43,10,33,9,27,42,0.2727272727272727,0.8129454545454545,26.0,92.7
Categoria_25,12,3,Turno_B,21,0,21,20,20,28,0.9523809523809524,0.9523809523809524,18.0,98.2
Categoria_64,11,3,Turno_A,58,0,58,0,31,21,0.0,0.5292,32.0,87.5
Categoria_64,10,3,Turno_A,93,0,93,17,42,14,0.1827956989247312,0.4502910394265232,45.0,85.1
Categoria_62,11,3,Turno_A,28,15,13,0,7,21,0.0,0.5558,7.0,70.5
Categoria_68,9,2,Turno_A,54,18,36,5,15,7,0.1388888888888889,0.4129333333333333,20.0,80.8
Categoria_33,12,3,Turno_A,7,0,7,0,1,28,0.0,0.1176,1.0,85.7
Categoria_49,14,3,Turno_A,65,0,65,0,47,42,0.0,0.7280000000000001,42.0,90.1
Categoria_52,13,3,Turno_A,154,15,139,5,103,35,0.0359712230215827,0.7391942446043166,91.0,96.3
Categoria_66,13,3,Turno_A,17,0,17,1,10,35,0.0588235294117647,0.5972470588235294,9.0,92.8
Categoria_58,10,3,Turno_A,31,0,31,31,31,14,1.0,1.0,31.0,97.6
Categoria_12,9,2,Turno_A,94,52,42,24,25,7,0.5714285714285714,0.6012571428571428,26.0,79.1
Categoria_68,9,2,Turno_B,58,0,58,32,38,7,0.5517241379310345,0.6606344827586207,36.0,97.7
Categoria_38,11,3,Turno_A,6,0,6,6,6,21,1.0,1.0,6.0,96.8
Categoria_60,9,2,Turno_A,65,65,0,0,0,7,0.0,0.1565666666666666,1.0,0.0
Categoria_49,10,3,Turno_A,16,0,16,16,16,14,1.0,1.0,16.0,96.1
Categoria_43,12,3,Turno_A,8,0,8,0,5,28,0.0,0.5901,7.0,78.8
Categoria_09,9,2,Turno_B,101,79,22,22,22,7,1.0,1.0,25.0,87.5
Categoria_26,12,3,Turno_A,258,72,186,52,137,28,0.2795698924731182,0.7383139784946237,137.0,89.1
Categoria_68,9,2,Turno_A,53,0,53,52,52,7,0.981132075471698,0.981132075471698,50.0,93.4
Categoria_26,12,3,Turno_A,151,0,151,17,106,28,0.1125827814569536,0.7049165562913907,92.0,98.5
Categoria_61,13,3,Turno_A,22,0,22,0,12,35,0.0,0.5453,12.0,95.8
Categoria_63,13,3,Turno_A,78,0,78,19,53,35,0.2435897435897435,0.681376923076923,60.0,87.3
Categoria_33,9,2,Turno_B,2,0,2,0,0,7,0.0,0.0588,0.0,76.5
Categoria_23,11,3,Turno_A,32,0,32,0,4,21,0.0,0.112,3.0,90.6
Categoria_34,14,3,Turno_A,67,0,67,0,37,42,0.0,0.5551,33.0,80.9
Categoria_35,12,3,Turno_A,246,2,244,2,208,28,0.0081967213114754,0.8531196721311475,174.0,97.5
Categoria_35,13,3,Turno_B,176,10,166,0,141,35,0.0,0.8523,117.0,93.7
Categoria_59,9,2,Turno_B,26,0,26,13,13,7,0.5,0.5,11.0,93.6
Categoria_59,14,3,Turno_B,20,0,20,2,8,42,0.1,0.4168,7.0,96.6
Categoria_59,12,3,Turno_B,20,0,20,5,9,28,0.25,0.4468,7.0,95.2
Categoria_35,11,3,Turno_A,205,2,203,3,173,21,0.0147783251231527,0.8537778325123152,153.0,91.5
Categoria_49,10,3,Turno_B,34,0,34,27,30,14,0.7941176470588235,0.8868235294117648,29.0,91.2
Categoria_25,14,3,Turno_B,58,15,43,43,43,42,1.0,1.0,44.0,97.9
Categoria_60,14,3,Turno_B,40,0,40,0,19,42,0.0,0.4697,15.0,93.4
Categoria_62,12,3,Turno_B,32,0,32,0,18,28,0.0,0.5558,13.0,80.8
Categoria_09,11,3,Turno_B,95,0,95,25,58,21,0.2631578947368421,0.6102315789473685,59.0,94.7
Categoria_09,10,3,Turno_B,56,26,30,12,19,14,0.4,0.6376,20.0,97.8
Categoria_09,9,2,Turno_B,107,32,75,54,54,7,0.72,0.72,51.0,98.0
Categoria_25,11,3,Turno_B,19,0,19,19,19,21,1.0,1.0,17.0,92.4
Categoria_11,10,3,Turno_B,34,0,34,32,32,14,0.9411764705882352,0.9411764705882352,32.0,90.7
Categoria_26,9,2,Turno_B,123,55,68,45,50,7,0.6617647058823529,0.7382588235294117,47.0,82.8
Categoria_49,12,3,Turno_A,81,0,81,7,60,28,0.0864197530864197,0.745283950617284,62.0,97.6
Categoria_54,12,3,Turno_A,19,0,19,3,11,28,0.1578947368421052,0.5975684210526316,9.0,95.7
Categoria_41,12,3,Turno_B,62,0,62,2,47,28,0.032258064516129,0.7648516129032258,43.0,96.1
Categoria_41,10,3,Turno_A,58,0,58,19,48,14,0.3275862068965517,0.8239172413793103,46.0,97.8
Categoria_65,9,2,Turno_B,35,29,6,6,6,7,1.0,1.0,5.0,67.4
Categoria_54,13,3,Turno_A,8,0,8,0,4,35,0.0,0.5502,4.0,79.5
Categoria_49,13,3,Turno_B,52,17,35,0,25,35,0.0,0.7280000000000001,25.0,93.6
Categoria_62,14,3,Turno_A,21,0,21,0,12,42,0.0,0.5558,10.0,87.2
Categoria_34,10,3,Turno_B,41,0,41,1,16,14,0.024390243902439,0.3830747967479674,13.0,90.6
Categoria_34,13,3,Turno_B,36,0,36,0,20,35,0.0,0.5551,16.0,93.7
Categoria_53,13,3,Turno_A,30,0,30,7,23,35,0.2333333333333333,0.7562666666666666,22.0,98.0
Categoria_24,11,3,Turno_A,33,0,33,10,16,21,0.303030303030303,0.4926060606060606,13.0,94.8
Categoria_59,10,3,Turno_A,14,0,14,1,6,14,0.0714285714285714,0.4110857142857143,5.0,98.3
Categoria_51,12,3,Turno_B,50,0,50,2,30,28,0.04,0.6063,29.0,89.0
Categoria_Desconocida,9,2,Turno_A,26,0,26,2,10,7,0.0769230769230769,0.3661538461538462,8.0,97.1
Categoria_36,13,3,Turno_A,31,0,31,0,19,35,0.0,0.6062,15.0,94.2
Categoria_60,13,3,Turno_B,40,0,40,0,19,35,0.0,0.4697,15.0,93.4
Categoria_08,10,3,Turno_A,66,10,56,55,55,14,0.9821428571428572,0.9821428571428572,57.0,90.4
Categoria_09,12,3,Turno_B,107,12,95,7,54,28,0.0736842105263157,0.5723368421052631,53.0,96.1
Categoria_02,12,3,Turno_A,15,0,15,6,11,28,0.4,0.7086999999999999,11.0,84.2
Categoria_68,12,3,Turno_A,54,0,54,0,36,28,0.0,0.6592,34.0,97.3
Categoria_68,11,3,Turno_A,54,0,54,1,36,21,0.0185185185185185,0.6629037037037037,34.0,97.7
Categoria_68,10,3,Turno_A,108,12,96,3,64,14,0.03125,0.66545,58.0,94.1
Categoria_52,9,2,Turno_A,191,44,147,37,76,7,0.2517006802721088,0.5170204081632653,95.0,88.4
Categoria_49,10,3,Turno_A,82,0,82,17,63,14,0.2073170731707317,0.7694634146341465,65.0,96.8
Categoria_09,12,3,Turno_B,101,0,101,25,61,28,0.2475247524752475,0.6071049504950495,64.0,95.4
Categoria_26,9,2,Turno_A,179,94,85,36,51,7,0.4235294117647059,0.5953176470588235,60.0,75.3
Categoria_56,9,2,Turno_B,9,9,0,0,0,7,0.0,0.1931999999999999,0.0,0.0
Categoria_68,14,3,Turno_B,64,0,64,0,42,42,0.0,0.6592,39.0,93.7
Categoria_37,13,3,Turno_B,18,0,18,6,13,35,0.3333333333333333,0.7194999999999999,12.0,96.6
Categoria_41,10,3,Turno_A,46,0,46,27,40,14,0.5869565217391305,0.875791304347826,35.0,97.9
Categoria_35,10,3,Turno_A,206,18,188,9,161,14,0.0478723404255319,0.8570872340425532,142.0,97.6
Categoria_38,10,3,Turno_A,3,0,3,3,3,14,1.0,1.0,3.0,96.2
Categoria_36,9,2,Turno_B,44,26,18,3,6,7,0.1666666666666666,0.3298444444444444,9.0,31.0
Categoria_52,11,3,Turno_A,189,0,189,3,139,21,0.0158730158730158,0.7351746031746033,120.0,96.9
Categoria_14,9,2,Turno_A,25,0,25,25,25,7,1.0,1.0,26.0,88.2
Categoria_66,9,2,Turno_A,80,30,50,12,19,7,0.24,0.3772,27.0,66.7
Categoria_56,10,3,Turno_B,11,0,11,11,11,14,1.0,1.0,10.0,91.4
Categoria_44,9,2,Turno_B,27,0,27,27,27,7,1.0,1.0,25.0,98.5
Categoria_24,12,3,Turno_B,25,0,25,7,12,28,0.28,0.488,10.0,96.3
Categoria_24,11,3,Turno_A,27,0,27,9,13,21,0.3333333333333333,0.4986666666666667,11.0,96.7
Categoria_20,14,3,Turno_B,32,0,32,2,20,42,0.0625,0.63685,14.0,84.3
Categoria_59,12,3,Turno_A,11,0,11,0,4,28,0.0,0.3968,4.0,93.7
Categoria_04,12,3,Turno_B,4,0,4,0,1,28,0.0,0.2401,1.0,93.5
Categoria_33,14,3,Turno_A,1,0,1,0,0,42,0.0,0.1176,0.0,87.9
Categoria_10,13,3,Turno_A,8,0,8,0,3,35,0.0,0.3801,3.0,62.1
Categoria_21,13,3,Turno_A,12,0,12,12,12,35,1.0,1.0,11.0,76.1
Categoria_68,14,3,Turno_A,55,0,55,0,36,42,0.0,0.6592,35.0,91.9
Categoria_12,11,3,Turno_B,68,0,68,25,40,21,0.3676470588235294,0.5903294117647059,38.0,87.6
Categoria_37,13,3,Turno_A,12,0,12,2,8,35,0.1666666666666666,0.6695,7.0,91.4
Categoria_49,9,2,Turno_A,81,0,81,81,81,7,1.0,1.0,70.0,91.4
Categoria_64,9,2,Turno_A,36,17,19,4,6,7,0.2105263157894736,0.3378035087719298,11.0,74.9
Categoria_17,11,3,Turno_B,3,0,3,0,1,21,0.0,0.3752,1.0,92.5
Categoria_09,14,3,Turno_B,92,0,92,0,51,42,0.0,0.5576,55.0,95.3
Categoria_48,11,3,Turno_A,54,0,54,54,54,21,1.0,1.0,54.0,96.4
Categoria_54,11,3,Turno_A,14,0,14,1,8,21,0.0714285714285714,0.5716285714285715,6.0,84.7
Categoria_26,9,2,Turno_B,142,63,79,63,65,7,0.7974683544303798,0.8196810126582279,56.0,88.9
Categoria_53,14,3,Turno_B,18,0,18,1,13,42,0.0555555555555555,0.7207111111111111,14.0,97.5
Categoria_52,14,3,Turno_B,82,12,70,0,51,42,0.0,0.7320000000000001,46.0,86.2
Categoria_42,9,2,Turno_B,27,3,24,24,24,7,1.0,1.0,24.0,97.3
Categoria_09,13,3,Turno_A,82,0,82,19,50,35,0.2317073170731707,0.6039414634146342,57.0,95.4
Categoria_20,13,3,Turno_A,38,0,38,11,27,35,0.2894736842105263,0.7049421052631579,24.0,83.7
Categoria_40,9,2,Turno_B,23,5,18,9,10,7,0.5,0.5338333333333334,8.0,48.9
Categoria_23,14,3,Turno_A,32,0,32,0,4,42,0.0,0.112,3.0,91.1
Categoria_53,11,3,Turno_A,17,0,17,13,15,21,0.7647058823529411,0.8625411764705883,15.0,85.8
Categoria_26,13,3,Turno_B,136,0,136,1,93,35,0.0073529411764705,0.6838705882352941,79.0,94.4
Categoria_49,12,3,Turno_B,33,0,33,3,25,28,0.0909090909090909,0.7461818181818183,20.0,97.7
Categoria_24,12,3,Turno_A,12,0,12,1,5,28,0.0833333333333333,0.4486666666666667,4.0,96.7
Categoria_24,11,3,Turno_B,10,0,10,4,5,21,0.4,0.512,4.0,97.6
Categoria_35,9,2,Turno_B,177,50,127,11,109,7,0.0866141732283464,0.8609614173228346,97.0,92.8
Categoria_41,9,2,Turno_B,62,16,46,46,46,7,1.0,1.0,44.0,93.4
Categoria_59,13,3,Turno_B,20,0,20,4,9,35,0.2,0.4368000000000001,7.0,94.2
Categoria_59,12,3,Turno_B,26,0,26,4,11,28,0.1538461538461538,0.4275692307692308,8.0,92.7
Categoria_35,11,3,Turno_A,156,0,156,4,133,21,0.0256410256410256,0.8548641025641025,117.0,90.8
Categoria_36,14,3,Turno_A,31,0,31,0,19,42,0.0,0.6062,15.0,92.9
Categoria_52,9,2,Turno_B,41,9,32,6,15,7,0.1875,0.4785,14.0,85.1
Categoria_52,13,3,Turno_B,82,12,70,0,51,35,0.0,0.7320000000000001,46.0,86.8
Categoria_09,12,3,Turno_A,71,0,71,10,42,28,0.1408450704225352,0.585769014084507,40.0,83.8
Categoria_29,13,3,Turno_A,6,0,6,0,3,35,0.0,0.4409999999999999,3.0,85.8
Categoria_68,9,2,Turno_B,79,34,45,45,45,7,1.0,1.0,41.0,96.5
Categoria_08,12,3,Turno_B,22,0,22,6,17,28,0.2727272727272727,0.7937454545454546,18.0,70.6
Categoria_48,12,3,Turno_A,33,15,18,18,18,28,1.0,1.0,18.0,95.2
Categoria_41,9,2,Turno_A,48,24,24,24,24,7,1.0,1.0,20.0,96.6
Categoria_12,10,3,Turno_B,36,8,28,15,17,14,0.5357142857142857,0.6239428571428571,17.0,96.6
Categoria_60,12,3,Turno_A,65,0,65,0,31,28,0.0,0.4697,28.0,77.7
Categoria_14,12,3,Turno_A,28,0,28,28,28,28,1.0,1.0,26.0,78.4
Categoria_06,9,2,Turno_B,35,18,17,17,17,7,1.0,1.0,14.0,81.6
Categoria_06,14,3,Turno_B,14,0,14,0,8,42,0.0,0.5383,6.0,97.5
Categoria_61,9,2,Turno_A,12,12,0,0,0,7,0.0,0.1817666666666666,0.0,0.0
Categoria_45,13,3,Turno_B,8,0,8,0,5,35,0.0,0.5712,4.0,86.7
Categoria_20,9,2,Turno_B,38,14,24,24,24,7,1.0,1.0,22.0,84.3
Categoria_34,9,2,Turno_A,54,0,54,1,11,7,0.0185185185185185,0.1992308641975308,20.0,74.1
Categoria_35,9,2,Turno_A,275,77,198,27,171,7,0.1363636363636363,0.8659363636363636,150.0,97.7
Categoria_65,12,3,Turno_A,113,0,113,2,69,28,0.0176991150442477,0.6080097345132742,63.0,92.1
Categoria_65,12,3,Turno_A,85,0,85,3,52,28,0.0352941176470588,0.6132882352941176,54.0,93.4
Categoria_36,13,3,Turno_A,31,0,31,0,19,35,0.0,0.6062,15.0,92.5
Categoria_34,10,3,Turno_A,32,0,32,1,12,14,0.03125,0.3867333333333332,8.0,78.8
Categoria_26,13,3,Turno_A,191,20,171,29,122,35,0.1695906432748538,0.7163181286549708,110.0,95.2
Categoria_35,12,3,Turno_B,173,2,171,0,146,28,0.0,0.8523,127.0,96.6
Categoria_51,13,3,Turno_B,40,0,40,2,24,35,0.05,0.6093,24.0,83.5
Categoria_49,13,3,Turno_A,65,0,65,1,48,35,0.0153846153846153,0.7310769230769232,46.0,89.6
Categoria_49,12,3,Turno_A,81,0,81,10,61,28,0.1234567901234567,0.7526913580246914,57.0,89.3
Categoria_26,11,3,Turno_A,170,26,144,34,105,21,0.2361111111111111,0.7296222222222222,95.0,94.3
Categoria_26,12,3,Turno_B,116,0,116,22,84,28,0.1896551724137931,0.7203310344827586,70.0,94.4
Categoria_48,13,3,Turno_A,51,0,51,29,40,35,0.5686274509803921,0.7872882352941176,37.0,91.4
Categoria_26,14,3,Turno_B,136,18,118,0,81,42,0.0,0.6824,71.0,90.0
Categoria_58,13,3,Turno_A,21,5,16,5,13,35,0.3125,0.7841,13.0,86.1
Categoria_16,13,3,Turno_C,6,0,6,0,2,35,0.0,0.3815,2.0,88.6
Categoria_40,10,3,Turno_B,23,15,8,2,3,14,0.25,0.4343333333333333,3.0,0.0
Categoria_41,12,3,Turno_A,51,0,51,13,41,28,0.2549019607843137,0.8093803921568627,36.0,90.1
Categoria_47,13,3,Turno_A,21,0,21,1,11,35,0.0476190476190476,0.5455857142857142,10.0,90.4
Categoria_34,12,3,Turno_B,24,0,24,0,13,28,0.0,0.5551,12.0,73.5
Categoria_51,10,3,Turno_C,4,0,4,4,4,14,1.0,1.0,4.0,77.5
Categoria_53,14,3,Turno_A,30,0,30,1,21,42,0.0333333333333333,0.7162666666666667,19.0,93.1
Categoria_44,11,3,Turno_A,36,0,36,6,27,21,0.1666666666666666,0.7461333333333334,23.0,97.0
Categoria_59,14,3,Turno_A,23,0,23,3,10,42,0.1304347826086956,0.4228869565217392,7.0,97.4
Categoria_59,11,3,Turno_A,26,0,26,3,11,21,0.1153846153846153,0.4198769230769231,8.0,97.7
Categoria_59,11,3,Turno_B,20,0,20,4,9,21,0.2,0.4368000000000001,7.0,95.4
Categoria_12,11,3,Turno_A,84,0,84,31,50,21,0.369047619047619,0.5906095238095238,53.0,92.7
Categoria_52,10,3,Turno_A,151,12,139,11,104,14,0.079136690647482,0.7478273381294965,86.0,98.4
Categoria_07,9,2,Turno_A,6,6,0,0,0,7,0.0,0.1285666666666666,0.0,0.0
Categoria_05,11,3,Turno_A,9,0,9,3,5,21,0.3333333333333333,0.5641,5.0,83.8
Categoria_62,9,2,Turno_B,32,0,32,13,16,7,0.40625,0.4967249999999999,12.0,84.3
Categoria_09,9,2,Turno_A,44,16,28,26,26,7,0.9285714285714286,0.9285714285714286,28.0,89.8
Categoria_26,11,3,Turno_B,197,0,197,39,142,21,0.1979695431472081,0.7219939086294417,121.0,94.4
Categoria_29,12,3,Turno_B,6,6,0,0,0,28,0.0,0.4409999999999999,0.0,0.0
Categoria_34,10,3,Turno_A,24,0,24,2,10,14,0.0833333333333333,0.414511111111111,8.0,93.0
Categoria_65,12,3,Turno_B,41,0,41,0,25,28,0.0,0.6026999999999999,23.0,91.7
Categoria_04,9,2,Turno_A,11,0,11,0,1,7,0.0,0.0800333333333333,1.0,71.2
Categoria_28,14,3,Turno_B,15,0,15,0,8,42,0.0,0.5271,8.0,85.5
Categoria_09,13,3,Turno_B,92,0,92,2,52,35,0.0217391304347826,0.5619478260869565,55.0,95.2
Categoria_14,14,3,Turno_A,4,0,4,0,2,42,0.0,0.4543,4.0,19.4
Categoria_60,13,3,Turno_A,76,0,76,0,36,35,0.0,0.4697,33.0,93.5
Categoria_68,12,3,Turno_B,79,0,79,3,53,28,0.0379746835443038,0.6667949367088608,55.0,86.7
Categoria_36,12,3,Turno_A,17,0,17,0,10,28,0.0,0.6062,11.0,63.9
Categoria_42,10,3,Turno_A,24,0,24,24,24,14,1.0,1.0,22.0,97.7
Categoria_51,9,2,Turno_B,50,0,50,50,50,7,1.0,1.0,48.0,97.8
Categoria_63,10,3,Turno_A,71,11,60,60,60,14,1.0,1.0,61.0,92.9
Categoria_44,13,3,Turno_A,49,0,49,11,37,35,0.2244897959183673,0.7576979591836736,33.0,96.6
Categoria_26,12,3,Turno_B,131,0,131,8,91,28,0.0610687022900763,0.6946137404580153,78.0,94.8
Categoria_24,9,2,Turno_A,12,0,12,8,8,7,0.6666666666666666,0.6666666666666666,7.0,92.4
Categoria_44,13,3,Turno_A,55,15,40,13,31,35,0.325,0.7778,31.0,94.3
Categoria_48,11,3,Turno_B,49,0,49,49,49,21,1.0,1.0,48.0,96.8
Categoria_52,14,3,Turno_A,154,3,151,0,111,42,0.0,0.7320000000000001,103.0,95.4
Categoria_14,12,3,Turno_A,34,0,34,34,34,28,1.0,1.0,31.0,90.4
Categoria_25,13,3,Turno_B,58,15,43,43,43,35,1.0,1.0,44.0,97.3
Categoria_61,12,3,Turno_B,67,12,55,0,30,28,0.0,0.5453,31.0,89.2
Categoria_41,14,3,Turno_A,45,1,44,13,36,42,0.2954545454545454,0.817490909090909,36.0,81.8
Categoria_41,12,3,Turno_B,41,0,41,13,34,28,0.3170731707317073,0.8218146341463415,34.0,95.1
Categoria_53,12,3,Turno_A,27,0,27,14,22,28,0.5185185185185185,0.8133037037037038,22.0,92.9
Categoria_68,11,3,Turno_B,72,0,72,1,48,21,0.0138888888888888,0.6619777777777778,46.0,96.5
Categoria_57,9,2,Turno_A,6,0,6,6,6,7,1.0,1.0,4.0,93.4
Categoria_45,10,3,Turno_B,40,0,40,17,26,14,0.425,0.6562,25.0,89.6
Categoria_12,13,3,Turno_A,78,0,78,0,40,35,0.0,0.5168,47.0,98.6
Categoria_22,12,3,Turno_B,10,0,10,10,10,28,1.0,1.0,9.0,89.5
Categoria_54,9,2,Turno_B,21,11,10,10,10,7,1.0,1.0,9.0,70.2
Categoria_59,9,2,Turno_A,14,0,14,5,6,7,0.3571428571428571,0.4126857142857143,5.0,92.6
Categoria_23,10,3,Turno_B,24,24,0,0,0,14,0.0,0.112,0.0,0.0
Categoria_24,10,3,Turno_B,10,0,10,5,5,14,0.5,0.532,4.0,87.6
Categoria_24,11,3,Turno_B,10,0,10,4,5,21,0.4,0.512,4.0,91.9
Categoria_51,14,3,Turno_B,40,0,40,0,24,42,0.0,0.5942999999999999,24.0,83.5
Categoria_59,10,3,Turno_B,26,0,26,6,12,14,0.2307692307692307,0.4429538461538462,9.0,86.9
Categoria_35,10,3,Turno_B,101,12,89,0,76,14,0.0,0.8523,69.0,95.0
Categoria_35,13,3,Turno_A,258,0,258,1,220,35,0.003875968992248,0.8526875968992248,190.0,94.7
Categoria_01,12,3,Turno_A,10,0,10,10,10,28,1.0,1.0,9.0,94.7
Categoria_17,14,3,Turno_B,10,0,10,0,4,42,0.0,0.3752,4.0,87.8
Categoria_08,10,3,Turno_B,31,0,31,31,31,14,1.0,1.0,34.0,95.6
Categoria_65,11,3,Turno_B,68,0,68,1,41,21,0.0147058823529411,0.6071117647058822,39.0,93.2
Categoria_30,11,3,Turno_B,6,0,6,1,2,21,0.1666666666666666,0.3223,2.0,83.9
Categoria_41,9,2,Turno_A,51,16,35,35,35,7,1.0,1.0,34.0,96.7
Categoria_49,9,2,Turno_B,31,0,31,31,31,7,1.0,1.0,27.0,95.7
Categoria_58,14,3,Turno_A,17,0,17,17,17,42,1.0,1.0,18.0,97.0
Categoria_45,14,3,Turno_B,13,0,13,0,7,42,0.0,0.5712,5.0,90.6
Categoria_60,14,3,Turno_A,76,0,76,0,36,42,0.0,0.4697,33.0,93.5
Categoria_43,10,3,Turno_A,9,0,9,6,7,14,0.6666666666666666,0.7489555555555556,7.0,93.0
Categoria_03,11,3,Turno_B,5,0,5,0,1,21,0.0,0.2239999999999999,1.0,82.4
Categoria_24,13,3,Turno_A,12,0,12,1,5,35,0.0833333333333333,0.4486666666666667,4.0,95.8
Categoria_41,11,3,Turno_B,49,0,49,2,38,21,0.0408163265306122,0.7665632653061224,35.0,91.5
Categoria_25,9,2,Turno_B,34,7,27,27,27,7,1.0,1.0,22.0,97.8
Categoria_65,14,3,Turno_A,99,0,99,0,60,42,0.0,0.6026999999999999,60.0,94.8
Categoria_48,11,3,Turno_B,15,0,15,15,15,21,1.0,1.0,15.0,95.5
Categoria_36,14,3,Turno_B,30,0,30,0,18,42,0.0,0.6062,15.0,87.9
Categoria_05,13,3,Turno_A,25,0,25,1,12,35,0.04,0.4761,10.0,97.8
Categoria_Desconocida,10,3,Turno_A,23,0,23,15,18,14,0.6521739130434783,0.7704347826086958,16.0,91.2
Categoria_21,10,3,Turno_B,6,0,6,6,6,14,1.0,1.0,5.0,76.4
Categoria_34,12,3,Turno_A,54,0,54,0,30,28,0.0,0.5551,25.0,82.3
Categoria_69,13,3,Turno_B,24,24,0,0,0,35,0.0,0.4606,0.0,0.0
Categoria_51,9,2,Turno_B,38,0,38,38,38,7,1.0,1.0,36.0,91.3
Categoria_54,11,3,Turno_B,19,0,19,7,13,21,0.3684210526315789,0.6607263157894737,10.0,94.3
Categoria_Desconocida,13,3,Turno_A,56,0,56,0,36,35,0.0,0.6400000000000001,35.0,97.0
Categoria_41,11,3,Turno_A,73,0,73,1,56,21,0.0136986301369863,0.7611397260273972,53.0,93.1
Categoria_42,12,3,Turno_B,27,0,27,27,27,28,1.0,1.0,25.0,96.1
Categoria_08,10,3,Turno_A,71,22,49,49,49,14,1.0,1.0,53.0,93.3
Categoria_65,9,2,Turno_A,85,19,66,27,34,7,0.4090909090909091,0.5145363636363636,37.0,94.3
Categoria_53,13,3,Turno_B,18,0,18,1,13,35,0.0555555555555555,0.7207111111111111,14.0,96.5
Categoria_24,10,3,Turno_A,12,0,12,8,8,14,0.6666666666666666,0.6666666666666666,7.0,95.4
Categoria_35,10,3,Turno_A,211,24,187,3,160,14,0.0160427807486631,0.8539042780748662,141.0,96.2
Categoria_59,10,3,Turno_A,11,0,11,1,5,14,0.0909090909090909,0.4149818181818182,4.0,87.4
Categoria_49,11,3,Turno_B,61,0,61,10,46,21,0.1639344262295081,0.7607868852459018,44.0,90.7
Categoria_34,9,2,Turno_B,13,0,13,5,6,7,0.3846153846153846,0.4799051282051282,4.0,91.6
Categoria_52,9,2,Turno_A,139,27,112,14,49,7,0.125,0.441,60.0,68.5
Categoria_41,10,3,Turno_B,48,0,48,19,40,14,0.3958333333333333,0.8375666666666666,37.0,95.3
Categoria_61,10,3,Turno_A,17,0,17,6,9,14,0.3529411764705882,0.5517686274509803,9.0,87.8
Categoria_26,10,3,Turno_A,144,32,112,50,86,14,0.4464285714285714,0.7716857142857143,74.0,96.1
Categoria_68,10,3,Turno_A,67,0,67,10,46,14,0.1492537313432835,0.6890507462686567,42.0,90.6
Categoria_67,10,3,Turno_A,73,32,41,3,17,14,0.073170731707317,0.4104910569105691,17.0,93.2
Categoria_43,14,3,Turno_A,6,0,6,0,4,42,0.0,0.5901,7.0,98.0
Categoria_43,13,3,Turno_B,8,0,8,0,5,35,0.0,0.5901,7.0,71.2
Categoria_34,11,3,Turno_B,36,0,36,0,20,21,0.0,0.5551,16.0,94.7
Categoria_26,9,2,Turno_A,258,75,183,141,147,7,0.7704918032786885,0.8034950819672131,138.0,90.5
Categoria_22,11,3,Turno_A,4,0,4,4,4,21,1.0,1.0,3.0,91.6
Categoria_12,11,3,Turno_B,43,0,43,2,23,21,0.0465116279069767,0.5261023255813954,20.0,80.6
Categoria_44,12,3,Turno_A,62,0,62,12,47,28,0.1935483870967742,0.7515096774193549,43.0,93.0
Categoria_17,9,2,Turno_B,4,0,4,0,1,7,0.0,0.1250666666666666,1.0,94.9
Categoria_09,10,3,Turno_A,102,36,66,33,43,14,0.5,0.6576,45.0,94.0
Categoria_14,13,3,Turno_A,4,0,4,0,2,35,0.0,0.4543,4.0,19.2
Categoria_53,9,2,Turno_B,21,0,21,21,21,7,1.0,1.0,21.0,92.9
Categoria_42,12,3,Turno_B,26,0,26,26,26,28,1.0,1.0,24.0,97.4
Categoria_08,12,3,Turno_A,58,18,40,1,30,28,0.025,0.7442000000000001,40.0,88.6
Categoria_42,14,3,Turno_B,14,0,14,13,13,42,0.9285714285714286,0.9285714285714286,13.0,91.7
Categoria_43,9,2,Turno_B,8,8,0,0,0,7,0.0,0.1966999999999999,0.0,72.2
Categoria_46,10,3,Turno_A,15,0,15,15,15,14,1.0,1.0,13.0,90.0
Categoria_67,9,2,Turno_B,30,12,18,2,5,7,0.1111111111111111,0.2709185185185185,4.0,15.0
Categoria_53,12,3,Turno_B,21,0,21,4,16,28,0.1904761904761904,0.7476952380952381,17.0,94.3
Categoria_20,12,3,Turno_B,38,24,14,14,14,28,1.0,1.0,13.0,87.2
Categoria_12,12,3,Turno_A,94,0,94,1,49,28,0.0106382978723404,0.5189276595744681,48.0,93.4
Categoria_59,13,3,Turno_A,23,0,23,2,10,35,0.0869565217391304,0.4141913043478261,7.0,97.5
Categoria_23,13,3,Turno_A,32,0,32,0,4,35,0.0,0.112,3.0,80.9
Categoria_59,9,2,Turno_B,20,0,20,9,9,7,0.45,0.4684,7.0,98.4
Categoria_Desconocida,12,3,Turno_A,47,0,47,0,30,28,0.0,0.6400000000000001,30.0,96.2
Categoria_65,13,3,Turno_A,99,0,99,0,60,35,0.0,0.6026999999999999,60.0,94.6
Categoria_52,12,3,Turno_B,103,0,103,4,76,28,0.0388349514563106,0.7397669902912622,69.0,89.0
Categoria_05,14,3,Turno_A,25,0,25,0,12,42,0.0,0.4641,10.0,97.7
Categoria_51,9,2,Turno_A,40,0,40,40,40,7,1.0,1.0,39.0,95.1
Categoria_64,11,3,Turno_A,16,0,16,0,8,21,0.0,0.5292,8.0,78.0
Categoria_44,10,3,Turno_A,35,0,35,33,33,14,0.9428571428571428,0.9428571428571428,31.0,97.9
Categoria_49,11,3,Turno_A,44,0,44,11,34,21,0.25,0.7780000000000001,29.0,93.4
Categoria_14,9,2,Turno_A,34,14,20,20,20,7,1.0,1.0,20.0,97.7
Categoria_66,14,3,Turno_B,12,0,12,0,7,42,0.0,0.5795999999999999,6.0,97.6
Categoria_62,13,3,Turno_B,21,0,21,0,12,35,0.0,0.5558,10.0,84.8
Categoria_10,12,3,Turno_B,6,0,6,0,2,28,0.0,0.3801,2.0,96.7
Categoria_57,9,2,Turno_A,6,0,6,6,6,7,1.0,1.0,5.0,94.4
Categoria_20,13,3,Turno_B,32,0,32,12,23,35,0.375,0.7306,19.0,91.0
Categoria_35,11,3,Turno_B,116,2,114,0,97,21,0.0,0.8523,87.0,96.1
Categoria_15,11,3,Turno_B,10,0,10,0,4,21,0.0,0.4361,4.0,94.0
Categoria_09,14,3,Turno_A,82,0,82,7,47,42,0.0853658536585365,0.5746731707317073,55.0,98.4
Categoria_65,12,3,Turno_B,35,0,35,5,23,28,0.1428571428571428,0.6455571428571427,21.0,97.1
Categoria_37,9,2,Turno_B,24,6,18,18,18,7,1.0,1.0,18.0,73.3
Categoria_43,13,3,Turno_A,6,0,6,0,4,35,0.0,0.5901,7.0,98.0
Categoria_12,9,2,Turno_B,37,0,37,17,20,7,0.4594594594594595,0.5340756756756757,18.0,79.9
Categoria_60,11,3,Turno_B,16,0,16,0,8,21,0.0,0.4697,8.0,94.7
Categoria_44,11,3,Turno_B,40,0,40,18,32,21,0.45,0.8028000000000001,30.0,95.3
Categoria_45,13,3,Turno_B,23,0,23,1,13,35,0.0434782608695652,0.579895652173913,11.0,92.8
Categoria_61,11,3,Turno_B,92,0,92,2,51,21,0.0217391304347826,0.5518217391304348,51.0,90.7
Categoria_59,9,2,Turno_A,11,0,11,4,5,7,0.3636363636363636,0.4165818181818181,4.0,92.9
Categoria_52,10,3,Turno_B,41,0,41,0,30,14,0.0,0.7320000000000001,26.0,95.7
Categoria_52,12,3,Turno_A,185,0,185,3,136,28,0.0162162162162162,0.7352432432432433,121.0,98.2
Categoria_42,10,3,Turno_B,6,0,6,6,6,14,1.0,1.0,6.0,96.6
Categoria_29,9,2,Turno_B,6,6,0,0,0,7,0.0,0.1469999999999999,0.0,0.0
Categoria_25,14,3,Turno_A,14,0,14,14,14,42,1.0,1.0,14.0,95.6
Categoria_04,11,3,Turno_A,9,0,9,0,2,21,0.0,0.2401,2.0,80.2
Categoria_10,13,3,Turno_B,4,0,4,0,2,35,0.0,0.3801,2.0,96.2
Categoria_40,10,3,Turno_A,26,0,26,2,9,14,0.0769230769230769,0.342025641025641,8.0,94.2
Categoria_54,13,3,Turno_B,8,0,8,3,5,35,0.375,0.6627000000000001,4.0,84.8
Categoria_47,13,3,Turno_A,23,1,22,0,12,35,0.0,0.5313,11.0,84.7
Categoria_60,13,3,Turno_A,56,0,56,0,26,35,0.0,0.4697,24.0,90.8
Categoria_10,9,2,Turno_B,6,0,6,3,3,7,0.5,0.5100333333333333,3.0,94.2
Categoria_56,10,3,Turno_A,9,0,9,9,9,14,1.0,1.0,7.0,88.9
Categoria_33,13,3,Turno_C,1,0,1,0,0,35,0.0,0.1176,0.0,96.4
Categoria_59,12,3,Turno_C,3,0,3,0,1,28,0.0,0.3968,1.0,75.5
Categoria_36,13,3,Turno_B,30,0,30,0,18,35,0.0,0.6062,15.0,87.4
Categoria_68,13,3,Turno_B,64,0,64,0,42,35,0.0,0.6592,39.0,93.8
Categoria_37,12,3,Turno_B,24,0,24,13,19,28,0.5416666666666666,0.7819999999999999,18.0,98.2
Categoria_11,10,3,Turno_B,14,0,14,14,14,14,1.0,1.0,16.0,92.2
Categoria_12,13,3,Turno_A,16,0,16,0,8,35,0.0,0.5168,8.0,75.6
Categoria_11,10,3,Turno_A,6,0,6,6,6,14,1.0,1.0,8.0,54.0
Categoria_51,12,3,Turno_B,36,0,36,6,23,28,0.1666666666666666,0.6443,23.0,85.1
Categoria_08,11,3,Turno_A,13,0,13,9,11,21,0.6923076923076923,0.8776615384615385,12.0,54.7
Categoria_24,13,3,Turno_A,11,0,11,0,5,35,0.0,0.432,4.0,80.4
Categoria_12,11,3,Turno_A,76,0,76,16,42,21,0.2105263157894736,0.5589052631578948,38.0,88.8
Categoria_41,13,3,Turno_C,5,0,5,0,4,35,0.0,0.7584,4.0,96.8
Categoria_47,11,3,Turno_A,25,0,25,4,14,21,0.16,0.5793,12.0,89.4
Categoria_42,13,3,Turno_B,14,0,14,14,14,35,1.0,1.0,13.0,94.8
Categoria_52,9,2,Turno_B,103,9,94,25,49,7,0.2659574468085106,0.5255744680851064,49.0,89.8
Categoria_42,13,3,Turno_A,18,0,18,18,18,35,1.0,1.0,18.0,92.1
Categoria_04,10,3,Turno_A,2,0,2,0,0,14,0.0,0.1600666666666666,0.0,86.8
Categoria_63,12,3,Turno_B,9,0,9,1,6,28,0.1111111111111111,0.6416333333333333,6.0,70.5
Categoria_61,10,3,Turno_B,118,0,118,23,55,14,0.1949152542372881,0.4674881355932203,55.0,82.5
Categoria_62,10,3,Turno_B,14,0,14,4,7,14,0.2857142857142857,0.5229142857142857,5.0,85.6
Categoria_40,11,3,Turno_A,21,0,21,0,9,21,0.0,0.4514999999999999,7.0,89.7
Categoria_34,13,3,Turno_A,67,0,67,0,37,35,0.0,0.5551,33.0,80.9
Categoria_62,11,3,Turno_B,34,0,34,3,20,21,0.088235294117647,0.5822705882352941,18.0,84.7
Categoria_52,10,3,Turno_A,75,0,75,5,56,14,0.0666666666666666,0.7453333333333334,49.0,90.8
Categoria_54,11,3,Turno_B,5,0,5,2,3,21,0.4,0.6702,3.0,92.0
Categoria_65,9,2,Turno_B,41,20,21,8,10,7,0.3809523809523809,0.492963492063492,12.0,56.8
Categoria_62,9,2,Turno_A,46,15,31,29,29,7,0.935483870967742,0.935483870967742,26.0,86.8
Categoria_66,9,2,Turno_A,16,16,0,0,0,7,0.0,0.1931999999999999,0.0,0.0
Categoria_44,11,3,Turno_B,25,0,25,8,19,21,0.32,0.7768000000000002,19.0,96.0
Categoria_45,13,3,Turno_A,12,0,12,0,7,35,0.0,0.5712,6.0,97.1
Categoria_63,13,3,Turno_B,12,0,12,0,7,35,0.0,0.6083,7.0,80.4
Categoria_20,12,3,Turno_A,18,18,0,0,0,28,0.0,0.6181,0.0,0.0
Categoria_60,9,2,Turno_A,20,20,0,0,0,7,0.0,0.1565666666666666,0.0,0.0
Categoria_54,12,3,Turno_B,21,0,21,15,16,28,0.7142857142857143,0.7644857142857143,14.0,96.2
Categoria_23,10,3,Turno_A,8,8,0,0,0,14,0.0,0.112,0.0,0.0
Categoria_33,11,3,Turno_B,2,0,2,0,0,21,0.0,0.1176,0.0,79.3
Categoria_33,14,3,Turno_C,1,0,1,0,0,42,0.0,0.1176,0.0,89.2
Categoria_09,10,3,Turno_A,12,0,12,12,12,14,1.0,1.0,11.0,88.2
Categoria_36,12,3,Turno_B,26,0,26,0,16,28,0.0,0.6062,14.0,92.4
Categoria_49,14,3,Turno_B,52,0,52,2,38,42,0.0384615384615384,0.7356923076923078,34.0,94.5
Categoria_56,13,3,Turno_B,7,0,7,4,5,35,0.5714285714285714,0.7510285714285714,5.0,85.2
Categoria_41,9,2,Turno_B,41,0,41,41,41,7,1.0,1.0,40.0,93.8
Categoria_68,10,3,Turno_B,53,12,41,6,28,14,0.1463414634146341,0.6884682926829269,29.0,93.6
Categoria_14,13,3,Turno_B,38,0,38,38,38,35,1.0,1.0,35.0,89.5
Categoria_67,10,3,Turno_B,14,0,14,3,7,14,0.2142857142857142,0.4857523809523809,6.0,80.0
Categoria_40,13,3,Turno_A,12,0,12,0,5,35,0.0,0.4514999999999999,4.0,93.8
Categoria_56,13,3,Turno_A,12,0,12,2,8,35,0.1666666666666666,0.6295999999999999,7.0,98.1
Categoria_61,11,3,Turno_A,22,8,14,6,9,21,0.4285714285714285,0.6738714285714286,8.0,96.1
Categoria_51,10,3,Turno_B,46,36,10,6,7,14,0.6,0.7162,8.0,84.6
Categoria_03,13,3,Turno_B,6,0,6,0,1,35,0.0,0.2239999999999999,1.0,83.4
Categoria_53,10,3,Turno_A,20,0,20,20,20,14,1.0,1.0,21.0,88.2
Categoria_07,10,3,Turno_A,10,10,0,0,0,14,0.0,0.2571333333333333,0.0,0.0
Categoria_28,13,3,Turno_B,15,0,15,2,9,35,0.1333333333333333,0.5671,9.0,95.4
Categoria_58,11,3,Turno_A,31,15,16,16,16,21,1.0,1.0,16.0,78.4
Categoria_14,14,3,Turno_B,38,0,38,38,38,42,1.0,1.0,35.0,89.2
Categoria_38,9,2,Turno_A,3,3,0,0,0,7,0.0,0.1726666666666666,0.0,0.0
Categoria_34,14,3,Turno_B,36,0,36,0,20,42,0.0,0.5551,16.0,93.7
Categoria_53,12,3,Turno_A,28,0,28,10,22,28,0.3571428571428571,0.7810285714285714,22.0,93.6
Categoria_53,9,2,Turno_A,27,14,13,13,13,7,1.0,1.0,13.0,96.8
Categoria_44,10,3,Turno_B,23,0,23,18,20,14,0.782608695652174,0.8693217391304349,18.0,97.6
Categoria_63,10,3,Turno_A,15,0,15,5,9,14,0.3333333333333333,0.5833111111111111,10.0,81.4
Categoria_Desconocida,12,3,Turno_B,18,0,18,0,12,28,0.0,0.6400000000000001,10.0,91.8
Categoria_59,14,3,Turno_C,3,0,3,0,1,42,0.0,0.3968,1.0,92.2
Categoria_25,12,3,Turno_B,34,0,34,34,34,28,1.0,1.0,30.0,95.1
Categoria_48,9,2,Turno_A,33,0,33,33,33,7,1.0,1.0,32.0,92.4
Categoria_51,12,3,Turno_A,40,0,40,3,25,28,0.075,0.6167999999999999,25.0,83.4
Categoria_22,10,3,Turno_A,7,0,7,7,7,14,1.0,1.0,6.0,97.8
Categoria_68,13,3,Turno_A,55,0,55,0,36,35,0.0,0.6592,35.0,91.8
Categoria_18,11,3,Turno_A,8,0,8,0,0,21,0.0,0.0432,0.0,80.5
Categoria_52,11,3,Turno_B,39,0,39,7,30,21,0.1794871794871795,0.767897435897436,25.0,87.4
Categoria_65,11,3,Turno_A,39,0,39,1,24,21,0.0256410256410256,0.6103923076923076,22.0,86.9
Categoria_41,13,3,Turno_B,43,0,43,9,34,35,0.2093023255813953,0.800260465116279,30.0,85.9
Categoria_36,10,3,Turno_B,18,0,18,7,11,14,0.3888888888888889,0.6115407407407407,10.0,76.7
Categoria_37,10,3,Turno_B,19,0,19,19,19,14,1.0,1.0,17.0,95.7
Categoria_22,11,3,Turno_B,8,0,8,8,8,21,1.0,1.0,7.0,97.4
Categoria_22,9,2,Turno_B,10,10,0,0,0,7,0.0,0.1992666666666666,0.0,0.0
Categoria_20,9,2,Turno_A,18,0,18,18,18,7,1.0,1.0,18.0,97.6
Categoria_40,12,3,Turno_B,14,0,14,2,7,28,0.1428571428571428,0.4943571428571428,6.0,96.4
Categoria_53,10,3,Turno_B,15,0,15,15,15,14,1.0,1.0,16.0,82.9
Categoria_63,9,2,Turno_A,35,0,35,34,34,7,0.9714285714285714,0.9714285714285714,35.0,88.8
Categoria_10,14,3,Turno_A,8,0,8,0,3,42,0.0,0.3801,3.0,62.1
Categoria_15,12,3,Turno_B,18,0,18,0,8,28,0.0,0.4361,7.0,87.5
Categoria_50,11,3,Turno_B,6,0,6,0,4,21,0.0,0.7208000000000001,2.0,0.0
Categoria_05,9,2,Turno_A,16,0,16,16,16,7,1.0,1.0,15.0,96.7
Categoria_61,11,3,Turno_B,66,0,66,13,40,21,0.1969696969696969,0.6043909090909091,38.0,94.0
Categoria_10,9,2,Turno_A,6,0,6,5,5,7,0.8333333333333334,0.8333333333333334,5.0,91.1
Categoria_08,9,2,Turno_B,22,0,22,22,22,7,1.0,1.0,21.0,97.4
Categoria_64,13,3,Turno_A,44,0,44,0,23,35,0.0,0.5292,20.0,87.2
Categoria_14,11,3,Turno_A,15,0,15,11,11,21,0.7333333333333333,0.7333333333333333,15.0,97.9
Categoria_14,9,2,Turno_B,9,0,9,9,9,7,1.0,1.0,9.0,97.6
Categoria_62,12,3,Turno_A,18,0,18,0,10,28,0.0,0.5558,9.0,91.7
Categoria_63,10,3,Turno_B,43,0,43,24,30,14,0.5581395348837209,0.7032077519379845,30.0,71.6
Categoria_53,9,2,Turno_A,28,11,17,16,16,7,0.9411764705882352,0.9411764705882352,17.0,95.2
Categoria_57,12,3,Turno_A,6,0,6,0,4,28,0.0,0.7128000000000001,3.0,97.1
Categoria_66,12,3,Turno_A,80,0,80,2,47,28,0.025,0.5870999999999998,53.0,97.1
Categoria_48,10,3,Turno_B,61,3,58,58,58,14,1.0,1.0,54.0,94.8
Categoria_27,13,3,Turno_B,6,0,6,0,2,35,0.0,0.3864,2.0,86.0
Categoria_64,12,3,Turno_A,36,0,36,1,19,28,0.0277777777777777,0.5375333333333333,17.0,84.2
Categoria_41,14,3,Turno_C,5,0,5,0,4,42,0.0,0.7584,4.0,96.3
Categoria_68,12,3,Turno_A,53,0,53,2,35,28,0.0377358490566037,0.6667471698113208,34.0,95.4
Categoria_49,12,3,Turno_B,31,13,18,0,13,28,0.0,0.7280000000000001,11.0,95.5
Categoria_47,10,3,Turno_A,25,0,25,0,9,14,0.0,0.3541999999999999,7.0,84.8
Categoria_08,10,3,Turno_B,27,0,27,27,27,14,1.0,1.0,28.0,92.9
Categoria_09,12,3,Turno_A,44,0,44,3,25,28,0.0681818181818181,0.5712363636363637,22.0,95.5
Categoria_43,11,3,Turno_B,8,0,8,1,5,21,0.125,0.6275999999999999,7.0,68.6
Categoria_62,12,3,Turno_A,46,0,46,0,26,28,0.0,0.5558,21.0,83.3
Categoria_33,12,3,Turno_B,2,0,2,0,0,28,0.0,0.1176,0.0,83.2
Categoria_60,12,3,Turno_A,20,20,0,0,0,28,0.0,0.4697,0.0,0.0
Categoria_23,13,3,Turno_A,32,0,32,0,4,35,0.0,0.112,3.0,93.5
Categoria_04,9,2,Turno_B,4,0,4,0,0,7,0.0,0.0800333333333333,0.0,5.7
Categoria_Desconocida,11,3,Turno_A,15,0,15,0,10,21,0.0,0.6400000000000001,9.0,95.5
Categoria_05,13,3,Turno_B,16,0,16,0,7,35,0.0,0.4641,6.0,79.8
Categoria_28,10,3,Turno_A,18,0,18,8,11,14,0.4444444444444444,0.588437037037037,10.0,85.9
Categoria_58,9,2,Turno_A,6,0,6,6,6,7,1.0,1.0,6.0,89.6
Categoria_68,12,3,Turno_B,58,0,58,0,38,28,0.0,0.6592,36.0,98.0
Categoria_38,11,3,Turno_A,6,0,6,6,6,21,1.0,1.0,6.0,90.3
Categoria_42,11,3,Turno_B,12,0,12,12,12,21,1.0,1.0,12.0,97.7
Categoria_67,12,3,Turno_B,30,0,30,0,17,28,0.0,0.5572,14.0,98.0
Categoria_42,9,2,Turno_A,24,0,24,24,24,7,1.0,1.0,23.0,96.0
Categoria_60,10,3,Turno_B,20,0,20,1,7,14,0.05,0.3397999999999999,7.0,93.0
Categoria_33,10,3,Turno_A,8,0,8,0,1,14,0.0,0.1176,1.0,79.0
Categoria_19,11,3,Turno_A,4,0,4,0,1,21,0.0,0.1770999999999999,1.0,74.2
Categoria_05,11,3,Turno_B,3,0,3,0,1,21,0.0,0.4641,1.0,93.1
Categoria_14,10,3,Turno_B,16,0,16,16,16,14,1.0,1.0,15.0,96.7
Categoria_12,12,3,Turno_B,37,0,37,0,19,28,0.0,0.5168,17.0,76.4
Categoria_33,9,2,Turno_A,7,0,7,0,0,7,0.0,0.0588,0.0,84.9
Categoria_32,12,3,Turno_B,5,0,5,0,2,28,0.0,0.3954999999999999,2.0,92.0
Categoria_06,12,3,Turno_B,35,0,35,21,25,28,0.6,0.7183,23.0,95.1
Categoria_20,14,3,Turno_A,38,0,38,2,24,42,0.0526315789473684,0.6338894736842106,22.0,83.3
Categoria_48,10,3,Turno_A,49,0,49,49,49,14,1.0,1.0,47.0,91.5
Categoria_Desconocida,9,2,Turno_B,18,0,18,0,6,7,0.0,0.32,5.0,81.6
Categoria_07,11,3,Turno_B,13,0,13,0,5,21,0.0,0.3857,4.0,92.2
Categoria_51,10,3,Turno_A,45,18,27,12,17,14,0.4444444444444444,0.6332370370370369,16.0,86.2
Categoria_37,11,3,Turno_A,15,0,15,11,13,21,0.7333333333333333,0.8394999999999999,12.0,95.0
Categoria_39,13,3,Turno_B,11,0,11,0,4,35,0.0,0.3829,4.0,92.7
Categoria_54,9,2,Turno_A,19,8,11,10,10,7,0.9090909090909092,0.9090909090909092,9.0,70.2
Categoria_56,14,3,Turno_B,7,0,7,1,4,42,0.1428571428571428,0.6224571428571427,4.0,92.2
Categoria_67,10,3,Turno_A,28,0,28,2,11,14,0.0714285714285714,0.4095619047619047,8.0,91.5
Categoria_14,13,3,Turno_C,8,0,8,8,8,35,1.0,1.0,10.0,90.6
Categoria_14,12,3,Turno_B,4,0,4,0,2,28,0.0,0.4543,3.0,40.3
Categoria_06,12,3,Turno_B,6,0,6,6,6,28,1.0,1.0,6.0,93.4
Categoria_38,13,3,Turno_A,6,0,6,1,3,35,0.1666666666666666,0.5680000000000001,3.0,80.4
Categoria_36,10,3,Turno_A,28,14,14,2,7,14,0.1428571428571428,0.4803238095238094,8.0,78.5
Categoria_62,13,3,Turno_A,21,0,21,0,12,35,0.0,0.5558,10.0,87.2
Categoria_62,10,3,Turno_A,37,0,37,3,15,14,0.081081081081081,0.4137765765765765,13.0,94.1
Categoria_61,9,2,Turno_B,73,57,16,15,15,7,0.9375,0.9375,12.0,92.9
Categoria_49,9,2,Turno_B,33,17,16,16,16,7,1.0,1.0,15.0,95.7
Categoria_53,10,3,Turno_A,35,0,35,33,33,14,0.9428571428571428,0.9428571428571428,32.0,80.5
Categoria_56,10,3,Turno_A,19,8,11,11,11,14,1.0,1.0,10.0,90.7
Categoria_48,13,3,Turno_B,12,0,12,12,12,35,1.0,1.0,10.0,89.0
Categoria_65,10,3,Turno_A,66,51,15,1,7,14,0.0666666666666666,0.4373555555555554,6.0,0.0
Categoria_31,11,3,Turno_B,5,0,5,1,4,21,0.2,0.7552000000000001,4.0,96.9
Categoria_04,10,3,Turno_B,4,0,4,0,1,14,0.0,0.1600666666666666,1.0,95.3
Categoria_37,10,3,Turno_A,12,0,12,12,12,14,1.0,1.0,12.0,93.3
Categoria_28,9,2,Turno_A,18,0,18,8,9,7,0.4444444444444444,0.5164407407407408,9.0,75.6
Categoria_61,10,3,Turno_C,4,0,4,3,3,14,0.75,0.7635333333333334,3.0,72.2
Categoria_14,10,3,Turno_A,26,0,26,26,26,14,1.0,1.0,25.0,89.5
Categoria_59,13,3,Turno_C,3,0,3,0,1,35,0.0,0.3968,1.0,93.3
Categoria_16,13,3,Turno_A,20,0,20,0,8,35,0.0,0.3815,7.0,95.2
Categoria_61,11,3,Turno_A,22,0,22,0,12,21,0.0,0.5453,12.0,93.8
Categoria_65,9,2,Turno_A,113,0,113,94,95,7,0.831858407079646,0.8386581120943952,87.0,98.0
Categoria_67,10,3,Turno_B,22,0,22,2,9,14,0.0909090909090909,0.4199515151515151,8.0,82.0
Categoria_54,10,3,Turno_A,15,0,15,3,7,14,0.2,0.4734666666666666,6.0,93.4
Categoria_36,9,2,Turno_A,17,17,0,0,0,7,0.0,0.2020666666666666,0.0,0.0
Categoria_64,11,3,Turno_B,36,16,20,0,11,21,0.0,0.5292,11.0,80.1
Categoria_Desconocida,10,3,Turno_B,15,8,7,0,4,14,0.0,0.6400000000000001,5.0,72.3
Categoria_Desconocida,13,3,Turno_B,21,0,21,6,15,35,0.2857142857142857,0.6971428571428573,14.0,94.1
Categoria_51,13,3,Turno_A,18,0,18,1,11,35,0.0555555555555555,0.6109666666666667,11.0,71.3
Categoria_34,11,3,Turno_A,42,0,42,1,24,21,0.0238095238095238,0.5622428571428572,20.0,88.5
Categoria_14,9,2,Turno_B,4,0,4,0,1,7,0.0,0.1514333333333333,2.0,35.3
Categoria_40,12,3,Turno_A,19,0,19,0,9,28,0.0,0.4514999999999999,7.0,74.9
Categoria_61,12,3,Turno_A,12,0,12,0,7,28,0.0,0.5453,6.0,97.3
Categoria_65,10,3,Turno_A,21,0,21,2,10,14,0.0952380952380952,0.4525936507936506,9.0,86.1
Categoria_50,11,3,Turno_B,6,0,6,0,4,21,0.0,0.7208000000000001,1.0,0.0
Categoria_16,10,3,Turno_A,14,0,14,0,4,14,0.0,0.2543333333333333,4.0,95.6
Categoria_42,14,3,Turno_A,18,0,18,16,16,42,0.8888888888888888,0.8888888888888888,16.0,95.9
Categoria_66,13,3,Turno_A,33,0,33,0,19,35,0.0,0.5795999999999999,16.0,90.8
Categoria_40,13,3,Turno_B,8,0,8,0,4,35,0.0,0.4514999999999999,4.0,81.0
Categoria_45,12,3,Turno_B,10,0,10,4,7,28,0.4,0.6512,5.0,85.8
Categoria_Desconocida,10,3,Turno_A,14,0,14,2,9,14,0.1428571428571428,0.6685714285714287,8.0,95.1
Categoria_07,11,3,Turno_B,6,0,6,0,2,21,0.0,0.3857,2.0,88.3
Categoria_52,12,3,Turno_B,38,0,38,0,28,28,0.0,0.7320000000000001,24.0,86.1
Categoria_69,11,3,Turno_B,24,15,9,0,4,21,0.0,0.4606,3.0,0.0
Categoria_28,13,3,Turno_B,15,0,15,2,9,35,0.1333333333333333,0.5671,9.0,92.7
Categoria_40,9,2,Turno_A,19,11,8,3,4,7,0.375,0.438,4.0,98.5
Categoria_61,9,2,Turno_C,4,0,4,3,3,7,0.75,0.7567666666666667,3.0,82.5
Categoria_17,12,3,Turno_A,8,0,8,0,3,28,0.0,0.3752,3.0,69.8
Categoria_36,11,3,Turno_A,27,0,27,3,17,21,0.1111111111111111,0.6395333333333333,14.0,98.2
Categoria_38,12,3,Turno_A,3,0,3,1,2,28,0.3333333333333333,0.618,2.0,88.4
Categoria_64,13,3,Turno_B,16,0,16,0,8,35,0.0,0.5292,8.0,83.1
Categoria_21,10,3,Turno_A,15,0,15,15,15,14,1.0,1.0,13.0,98.2
Categoria_21,11,3,Turno_A,12,0,12,12,12,21,1.0,1.0,12.0,85.0
Categoria_07,11,3,Turno_A,8,0,8,2,4,21,0.25,0.4607,4.0,87.4
Categoria_16,14,3,Turno_A,20,0,20,0,8,42,0.0,0.3815,7.0,95.2
Categoria_56,9,2,Turno_A,9,9,0,0,0,7,0.0,0.1931999999999999,0.0,0.0
Categoria_38,9,2,Turno_B,9,9,0,0,0,7,0.0,0.1726666666666666,0.0,0.0
Categoria_66,10,3,Turno_B,16,16,0,0,0,14,0.0,0.3863999999999999,0.0,0.0
Categoria_34,9,2,Turno_B,24,24,0,0,0,7,0.0,0.1850333333333333,0.0,0.0
Categoria_43,12,3,Turno_B,8,0,8,2,5,28,0.25,0.6651,7.0,74.8
Categoria_66,11,3,Turno_A,21,0,21,4,13,21,0.1904761904761904,0.636742857142857,11.0,83.9
Categoria_Desconocida,9,2,Turno_C,3,0,3,0,1,7,0.0,0.32,1.0,83.9
Categoria_01,9,2,Turno_A,10,0,10,10,10,7,1.0,1.0,9.0,97.6
Categoria_05,12,3,Turno_A,16,0,16,0,7,28,0.0,0.4641,7.0,88.1
Categoria_10,14,3,Turno_B,4,0,4,0,2,42,0.0,0.3801,2.0,96.4
Categoria_08,11,3,Turno_B,2,0,2,2,2,21,1.0,1.0,3.0,91.4
Categoria_06,9,2,Turno_A,12,0,12,12,12,7,1.0,1.0,10.0,93.6
Categoria_36,13,3,Turno_B,18,0,18,0,11,35,0.0,0.6062,11.0,67.9
Categoria_67,11,3,Turno_A,32,16,16,0,9,21,0.0,0.5572,8.0,88.4
Categoria_62,9,2,Turno_A,18,18,0,0,0,7,0.0,0.1852666666666666,0.0,0.0
Categoria_63,12,3,Turno_A,24,0,24,1,15,28,0.0416666666666666,0.6207999999999999,16.0,73.4
Categoria_44,12,3,Turno_B,27,0,27,3,20,28,0.1111111111111111,0.7350222222222224,18.0,94.9
Categoria_07,12,3,Turno_A,6,0,6,1,3,28,0.1666666666666666,0.4357,2.0,85.4
Categoria_51,14,3,Turno_A,18,0,18,0,11,42,0.0,0.5942999999999999,11.0,71.2
Categoria_32,11,3,Turno_A,6,0,6,0,2,21,0.0,0.3954999999999999,2.0,96.2
Categoria_56,11,3,Turno_B,8,0,8,8,8,21,1.0,1.0,7.0,83.3
Categoria_47,14,3,Turno_A,23,1,22,0,12,42,0.0,0.5313,11.0,84.7
Categoria_38,12,3,Turno_B,9,0,9,1,5,28,0.1111111111111111,0.5513333333333333,4.0,96.1
Categoria_63,9,2,Turno_B,9,9,0,0,0,7,0.0,0.2027666666666666,0.0,0.0
Categoria_03,14,3,Turno_B,6,0,6,0,1,42,0.0,0.2239999999999999,1.0,85.4
Categoria_34,12,3,Turno_A,15,0,15,0,8,28,0.0,0.5551,8.0,92.5
Categoria_34,12,3,Turno_B,13,0,13,0,7,28,0.0,0.5551,6.0,97.0
Categoria_15,9,2,Turno_B,18,18,0,0,0,7,0.0,0.1453666666666666,0.0,0.0
Categoria_21,11,3,Turno_A,15,0,15,15,15,21,1.0,1.0,13.0,98.0
Categoria_58,13,3,Turno_A,17,0,17,17,17,35,1.0,1.0,18.0,96.6
Categoria_66,12,3,Turno_A,16,0,16,0,9,28,0.0,0.5795999999999999,9.0,87.0
Categoria_25,10,3,Turno_A,15,0,15,15,15,14,1.0,1.0,14.0,91.3
Categoria_51,9,2,Turno_A,18,15,3,3,3,7,1.0,1.0,4.0,97.7
Categoria_56,14,3,Turno_A,12,0,12,1,7,42,0.0833333333333333,0.6045999999999999,6.0,98.3
Categoria_44,11,3,Turno_A,35,0,35,13,28,21,0.3714285714285714,0.7870857142857144,26.0,96.3
Categoria_33,13,3,Turno_C,1,0,1,0,0,35,0.0,0.1176,0.0,88.6
Categoria_56,12,3,Turno_B,9,0,9,9,9,28,1.0,1.0,7.0,83.2
Categoria_42,9,2,Turno_B,26,0,26,26,26,7,1.0,1.0,24.0,96.9
Categoria_06,13,3,Turno_B,14,0,14,0,8,35,0.0,0.5383,6.0,97.2
Categoria_17,9,2,Turno_A,8,0,8,3,3,7,0.375,0.4125666666666667,3.0,69.3
Categoria_54,10,3,Turno_B,10,10,0,0,0,14,0.0,0.3667999999999999,0.0,0.0
Categoria_28,12,3,Turno_A,18,0,18,0,9,28,0.0,0.5271,9.0,76.4
Categoria_56,9,2,Turno_B,9,9,0,0,0,7,0.0,0.1931999999999999,0.0,0.0
Categoria_06,9,2,Turno_B,6,0,6,6,6,7,1.0,1.0,6.0,81.0
Categoria_55,10,3,Turno_A,9,0,9,8,8,14,0.8888888888888888,0.8888888888888888,6.0,92.2
Categoria_42,12,3,Turno_A,24,0,24,24,24,28,1.0,1.0,22.0,98.2
Categoria_48,11,3,Turno_A,20,0,20,20,20,21,1.0,1.0,20.0,96.4
Categoria_04,10,3,Turno_A,11,0,11,0,2,14,0.0,0.1600666666666666,2.0,79.4
Categoria_43,14,3,Turno_B,8,0,8,0,5,42,0.0,0.5901,7.0,71.3
Categoria_04,11,3,Turno_C,2,0,2,0,0,21,0.0,0.2401,0.0,96.1
Categoria_25,10,3,Turno_B,12,0,12,12,12,14,1.0,1.0,10.0,86.4
Categoria_14,11,3,Turno_B,15,0,15,16,15,21,1.0,1.0,14.0,95.0
Categoria_10,12,3,Turno_A,6,0,6,0,2,28,0.0,0.3801,2.0,96.2
Categoria_17,12,3,Turno_B,4,0,4,0,2,28,0.0,0.3752,2.0,68.9
Categoria_32,9,2,Turno_B,5,5,0,0,0,7,0.0,0.1318333333333333,0.0,0.0
Categoria_28,10,3,Turno_B,15,0,15,15,15,14,1.0,1.0,14.0,97.6
Categoria_06,12,3,Turno_A,12,0,12,10,10,28,0.8333333333333334,0.8333333333333334,9.0,91.3
Categoria_66,13,3,Turno_B,12,0,12,0,7,35,0.0,0.5795999999999999,6.0,97.2
Categoria_62,14,3,Turno_B,21,0,21,0,12,42,0.0,0.5558,10.0,84.8
Categoria_20,9,2,Turno_A,20,20,0,0,0,7,0.0,0.2060333333333333,0.0,0.0
Categoria_53,11,3,Turno_B,18,0,18,9,15,21,0.5,0.8096,17.0,88.8
Categoria_17,13,3,Turno_B,10,0,10,1,4,35,0.1,0.4052,4.0,87.6
Categoria_12,13,3,Turno_C,8,0,8,0,4,35,0.0,0.5168,4.0,87.8
Categoria_68,13,3,Turno_C,8,0,8,0,5,35,0.0,0.6592,5.0,89.9
Categoria_03,13,3,Turno_B,5,0,5,0,1,35,0.0,0.2239999999999999,1.0,94.2
Categoria_07,13,3,Turno_A,5,0,5,0,2,35,0.0,0.3857,2.0,67.8
Categoria_69,10,3,Turno_A,17,0,17,0,5,14,0.0,0.3070666666666666,5.0,96.4
Categoria_02,9,2,Turno_A,15,0,15,15,15,7,1.0,1.0,15.0,98.6
Categoria_67,9,2,Turno_A,16,0,16,3,5,7,0.1875,0.3294833333333333,5.0,94.8
Categoria_14,14,3,Turno_C,8,0,8,8,8,42,1.0,1.0,10.0,90.3
Categoria_60,13,3,Turno_B,24,0,24,0,11,35,0.0,0.4697,8.0,76.8
Categoria_04,13,3,Turno_A,3,0,3,0,1,35,0.0,0.2401,1.0,96.2
Categoria_20,11,3,Turno_A,20,0,20,20,20,21,1.0,1.0,19.0,96.3
Categoria_34,9,2,Turno_A,15,0,15,10,10,7,0.6666666666666666,0.6961444444444443,9.0,96.8
Categoria_64,11,3,Turno_B,18,0,18,0,10,21,0.0,0.5292,9.0,85.3
Categoria_46,11,3,Turno_A,15,0,15,15,15,21,1.0,1.0,12.0,88.8
Categoria_17,11,3,Turno_C,8,0,8,0,3,21,0.0,0.3752,3.0,70.5
Categoria_42,9,2,Turno_A,17,0,17,17,17,7,1.0,1.0,15.0,96.7
Categoria_58,12,3,Turno_A,6,0,6,6,6,28,1.0,1.0,6.0,85.8
Categoria_28,13,3,Turno_A,18,0,18,0,9,35,0.0,0.5271,9.0,76.2
Categoria_04,10,3,Turno_B,4,0,4,0,1,14,0.0,0.1600666666666666,1.0,95.8
Categoria_25,13,3,Turno_A,14,0,14,14,14,35,1.0,1.0,14.0,95.6
Categoria_20,13,3,Turno_B,24,24,0,0,0,35,0.0,0.6181,0.0,0.0
Categoria_20,12,3,Turno_A,20,20,0,0,0,28,0.0,0.6181,0.0,0.0
Categoria_07,13,3,Turno_A,6,0,6,0,2,35,0.0,0.3857,1.0,53.8
Categoria_48,9,2,Turno_B,1,0,1,1,1,7,1.0,1.0,1.0,69.8
Categoria_21,12,3,Turno_A,12,0,12,12,12,28,1.0,1.0,12.0,86.2
Categoria_33,11,3,Turno_A,9,0,9,0,1,21,0.0,0.1176,1.0,72.7
Categoria_Desconocida,11,3,Turno_A,23,0,23,0,15,21,0.0,0.6400000000000001,13.0,92.6
Categoria_43,10,3,Turno_A,6,0,6,0,2,14,0.0,0.3933999999999999,4.0,28.3
Categoria_57,12,3,Turno_A,6,0,6,0,4,28,0.0,0.7128000000000001,3.0,80.5
Categoria_45,11,3,Turno_B,11,0,11,3,7,21,0.2727272727272727,0.6257454545454546,5.0,96.3
Categoria_51,10,3,Turno_A,16,0,16,15,15,14,0.9375,0.9375,15.0,92.8
Categoria_59,9,2,Turno_C,3,0,3,1,1,7,0.3333333333333333,0.3984,1.0,69.6
Categoria_15,10,3,Turno_B,12,12,0,0,0,14,0.0,0.2907333333333333,0.0,0.0
Categoria_21,9,2,Turno_A,12,12,0,0,0,7,0.0,0.2062666666666666,0.0,0.0
Categoria_52,13,3,Turno_A,139,0,139,1,102,35,0.0071942446043165,0.7334388489208634,83.0,98.4
Categoria_68,12,3,Turno_B,53,0,53,1,35,28,0.0188679245283018,0.6629735849056604,34.0,96.6
Categoria_09,13,3,Turno_A,71,0,71,3,40,35,0.0422535211267605,0.5660507042253521,39.0,88.4
Categoria_08,9,2,Turno_A,71,33,38,37,37,7,0.9736842105263158,0.9736842105263158,40.0,91.0
Categoria_68,10,3,Turno_A,54,0,54,20,40,14,0.3703703703703703,0.7332740740740741,37.0,97.3
Categoria_26,14,3,Turno_B,131,0,131,1,90,42,0.0076335877862595,0.6839267175572519,78.0,95.1
Categoria_09,10,3,Turno_B,95,42,53,16,33,14,0.3018867924528302,0.617977358490566,32.0,90.8
Categoria_52,10,3,Turno_A,189,0,189,9,140,14,0.0476190476190476,0.7415238095238096,121.0,97.5
Categoria_26,12,3,Turno_A,166,18,148,3,102,28,0.0202702702702702,0.686454054054054,94.0,94.4
Categoria_16,11,3,Turno_C,6,0,6,0,2,21,0.0,0.3815,2.0,89.1
Categoria_52,14,3,Turno_A,185,0,185,0,135,42,0.0,0.7320000000000001,120.0,97.5
Categoria_67,12,3,Turno_B,14,0,14,0,8,28,0.0,0.5572,7.0,83.0
Categoria_12,12,3,Turno_B,36,0,36,1,19,28,0.0277777777777777,0.5223555555555556,17.0,79.7
Categoria_09,10,3,Turno_A,120,86,34,1,19,14,0.0294117647058823,0.5634823529411764,32.0,84.8
Categoria_51,14,3,Turno_A,18,0,18,0,11,42,0.0,0.5942999999999999,11.0,70.1
Categoria_26,13,3,Turno_A,258,61,197,33,141,35,0.1675126903553299,0.715902538071066,144.0,87.2
Categoria_26,12,3,Turno_B,132,0,132,13,93,28,0.0984848484848484,0.7020969696969697,78.0,95.4
Categoria_60,11,3,Turno_A,76,0,76,2,36,21,0.0263157894736842,0.4775947368421053,33.0,92.1
Categoria_44,10,3,Turno_B,40,0,40,30,35,14,0.75,0.8628000000000001,33.0,93.3
Categoria_60,11,3,Turno_B,24,0,24,1,12,21,0.0416666666666666,0.4822,11.0,76.7
Categoria_44,11,3,Turno_A,49,0,49,20,39,21,0.4081632653061224,0.7944326530612246,34.0,96.5
Categoria_22,10,3,Turno_B,8,0,8,8,8,14,1.0,1.0,7.0,97.5
Categoria_23,10,3,Turno_A,32,32,0,0,0,14,0.0,0.112,0.0,0.0
Categoria_35,9,2,Turno_A,211,61,150,24,130,7,0.16,0.8683,118.0,94.7
Categoria_41,9,2,Turno_B,48,0,48,48,48,7,1.0,1.0,43.0,95.8
Categoria_35,9,2,Turno_B,226,74,152,25,132,7,0.1644736842105263,0.8687473684210526,115.0,95.8
Categoria_35,10,3,Turno_A,205,22,183,1,156,14,0.0054644808743169,0.8528464480874316,140.0,93.7
Categoria_59,11,3,Turno_A,23,0,23,4,10,21,0.1739130434782608,0.4315826086956522,7.0,97.7
Categoria_35,14,3,Turno_A,224,2,222,0,189,42,0.0,0.8523,165.0,96.6
Categoria_10,11,3,Turno_A,8,0,8,0,3,21,0.0,0.3801,3.0,61.7
Categoria_65,13,3,Turno_A,85,0,85,0,51,35,0.0,0.6026999999999999,54.0,93.8
Categoria_09,9,2,Turno_A,27,0,27,13,15,7,0.4814814814814814,0.5676888888888889,12.0,84.3
Categoria_35,10,3,Turno_B,100,2,98,1,84,14,0.010204081632653,0.8533204081632653,80.0,96.2
Categoria_62,10,3,Turno_A,28,15,13,1,5,14,0.0769230769230769,0.4115589743589743,4.0,11.5
Categoria_08,11,3,Turno_A,40,0,40,21,34,21,0.525,0.8442000000000001,37.0,90.1
Categoria_09,13,3,Turno_B,107,12,95,3,54,35,0.031578947368421,0.5639157894736841,54.0,98.5
Categoria_25,13,3,Turno_B,34,0,34,34,34,35,1.0,1.0,30.0,95.6
Categoria_26,10,3,Turno_B,197,72,125,26,90,14,0.208,0.724,87.0,86.0
Categoria_25,11,3,Turno_B,58,15,43,43,43,21,1.0,1.0,45.0,98.4
Categoria_61,9,2,Turno_B,122,24,98,60,64,7,0.6122448979591837,0.6511544217687075,60.0,84.0
Categoria_52,12,3,Turno_A,151,0,151,2,111,28,0.0132450331125827,0.7346490066225166,91.0,98.5
Categoria_04,14,3,Turno_A,11,0,11,0,3,42,0.0,0.2401,3.0,78.9
Categoria_49,10,3,Turno_A,44,0,44,18,36,14,0.4090909090909091,0.8098181818181819,34.0,92.4
Categoria_09,11,3,Turno_A,82,0,82,35,53,21,0.4268292682926829,0.6429658536585365,56.0,96.1
Categoria_68,9,2,Turno_A,67,22,45,18,26,7,0.4,0.5696,25.0,93.1
Categoria_56,11,3,Turno_B,7,0,7,7,7,21,1.0,1.0,6.0,85.5
Categoria_41,13,3,Turno_A,48,0,48,1,37,35,0.0208333333333333,0.7625666666666666,33.0,93.1
Categoria_53,10,3,Turno_A,17,0,17,15,15,14,0.8823529411764706,0.8860705882352942,15.0,85.8
Categoria_60,13,3,Turno_A,65,0,65,0,31,35,0.0,0.4697,28.0,78.3
Categoria_62,14,3,Turno_A,18,0,18,0,10,42,0.0,0.5558,9.0,91.2
Categoria_64,12,3,Turno_A,93,0,93,5,51,28,0.053763440860215,0.5453290322580645,52.0,90.2
Categoria_42,13,3,Turno_A,24,0,24,24,24,35,1.0,1.0,23.0,98.3
Categoria_62,11,3,Turno_B,21,0,21,1,12,21,0.0476190476190476,0.5700857142857142,10.0,86.0
Categoria_10,13,3,Turno_B,6,0,6,0,2,35,0.0,0.3801,2.0,96.7
Categoria_48,10,3,Turno_B,49,0,49,49,49,14,1.0,1.0,48.0,96.9
Categoria_12,11,3,Turno_A,78,0,78,5,41,21,0.0641025641025641,0.5296205128205128,49.0,95.7
Categoria_54,12,3,Turno_B,10,0,10,10,10,28,1.0,1.0,8.0,88.4
Categoria_40,13,3,Turno_B,14,0,14,0,6,35,0.0,0.4514999999999999,5.0,90.9
Categoria_12,9,2,Turno_A,115,43,72,39,42,7,0.5416666666666666,0.5833999999999999,49.0,84.9
Categoria_20,13,3,Turno_A,20,20,0,0,0,35,0.0,0.6181,0.0,0.0
Categoria_59,14,3,Turno_A,14,0,14,1,6,42,0.0714285714285714,0.4110857142857143,6.0,97.3
Categoria_49,9,2,Turno_B,34,17,17,17,17,7,1.0,1.0,16.0,98.0
Categoria_24,10,3,Turno_B,10,0,10,5,5,14,0.5,0.532,4.0,92.2
Categoria_24,10,3,Turno_B,10,0,10,3,5,14,0.3,0.492,4.0,97.6
Categoria_59,9,2,Turno_B,26,0,26,12,12,7,0.4615384615384615,0.4753230769230769,9.0,89.1
Categoria_59,12,3,Turno_B,26,0,26,1,11,28,0.0384615384615384,0.4044923076923077,8.0,94.8
Categoria_35,13,3,Turno_A,246,2,244,0,208,35,0.0,0.8523,173.0,97.8
Categoria_25,14,3,Turno_B,34,0,34,34,34,42,1.0,1.0,30.0,95.6
Categoria_26,9,2,Turno_A,144,28,116,85,91,7,0.7327586206896551,0.7808551724137931,76.0,96.1
Categoria_52,11,3,Turno_A,154,3,151,9,112,21,0.0596026490066225,0.7439205298013246,104.0,95.8
Categoria_14,14,3,Turno_A,34,0,34,34,34,42,1.0,1.0,32.0,91.2
Categoria_14,12,3,Turno_B,16,0,16,16,16,28,1.0,1.0,15.0,97.8
Categoria_35,14,3,Turno_B,157,2,155,0,132,42,0.0,0.8523,118.0,90.5
Categoria_29,13,3,Turno_B,6,0,6,1,3,35,0.1666666666666666,0.4909999999999999,2.0,91.4
Categoria_Desconocida,10,3,Turno_A,23,0,23,2,15,14,0.0869565217391304,0.6573913043478262,13.0,92.3
Categoria_17,11,3,Turno_B,10,0,10,0,4,21,0.0,0.3752,4.0,88.4
Categoria_08,14,3,Turno_A,58,18,40,0,30,42,0.0,0.7392000000000001,40.0,88.8
Categoria_49,14,3,Turno_A,81,0,81,0,59,42,0.0,0.7280000000000001,55.0,88.7
Categoria_04,13,3,Turno_A,11,0,11,0,3,35,0.0,0.2401,3.0,78.6
Categoria_40,9,2,Turno_A,39,0,39,27,27,7,0.6923076923076923,0.6923076923076923,25.0,98.5
Categoria_66,9,2,Turno_A,39,18,21,21,21,7,1.0,1.0,19.0,96.2
Categoria_49,9,2,Turno_A,82,0,82,82,82,7,1.0,1.0,81.0,93.4
Categoria_09,12,3,Turno_A,102,0,102,32,63,28,0.3137254901960784,0.6203450980392157,61.0,94.4
Categoria_41,13,3,Turno_B,62,0,62,0,47,35,0.0,0.7584,43.0,95.6
Categoria_68,12,3,Turno_A,108,0,108,0,71,28,0.0,0.6592,61.0,94.8
Categoria_09,9,2,Turno_A,102,36,66,53,53,7,0.803030303030303,0.803030303030303,47.0,93.3
Categoria_56,13,3,Turno_B,9,0,9,1,6,35,0.1111111111111111,0.6129333333333332,5.0,88.8
Categoria_26,11,3,Turno_B,153,17,136,22,97,21,0.1617647058823529,0.7147529411764706,91.0,98.2
Categoria_68,14,3,Turno_A,53,0,53,0,35,42,0.0,0.6592,34.0,94.8
Categoria_67,10,3,Turno_A,32,0,32,17,21,14,0.53125,0.6548,17.0,94.8
Categoria_36,11,3,Turno_B,18,0,18,1,11,21,0.0555555555555555,0.6228666666666667,11.0,68.1
Categoria_08,9,2,Turno_A,66,26,40,40,40,7,1.0,1.0,42.0,92.1
Categoria_52,13,3,Turno_B,103,0,103,1,76,35,0.0097087378640776,0.7339417475728156,69.0,87.9
Categoria_62,9,2,Turno_A,39,0,39,21,23,7,0.5384615384615384,0.5980871794871795,21.0,84.2
Categoria_34,11,3,Turno_B,36,0,36,0,20,21,0.0,0.5551,16.0,93.6
Categoria_43,13,3,Turno_A,8,0,8,0,5,35,0.0,0.5901,7.0,78.9
Categoria_63,9,2,Turno_A,71,25,46,46,46,7,1.0,1.0,46.0,83.1
Categoria_65,13,3,Turno_A,113,0,113,1,68,35,0.0088495575221238,0.6053548672566371,63.0,92.5
Categoria_26,13,3,Turno_A,151,18,133,16,94,35,0.1203007518796992,0.7064601503759399,81.0,97.3
Categoria_20,11,3,Turno_B,32,14,18,18,18,21,1.0,1.0,17.0,92.8
Categoria_45,11,3,Turno_B,13,0,13,3,8,21,0.2307692307692307,0.6173538461538461,6.0,96.8
Categoria_44,9,2,Turno_B,23,0,23,23,23,7,1.0,1.0,20.0,87.1
Categoria_62,9,2,Turno_B,11,0,11,6,7,7,0.5454545454545454,0.6034484848484848,5.0,95.2
Categoria_59,10,3,Turno_A,26,0,26,3,11,14,0.1153846153846153,0.4198769230769231,8.0,97.6
Categoria_35,9,2,Turno_B,111,33,78,12,68,7,0.1538461538461538,0.8676846153846154,58.0,96.9
Categoria_35,12,3,Turno_B,217,32,185,2,158,28,0.0108108108108108,0.853381081081081,141.0,97.3
Categoria_65,12,3,Turno_A,66,0,66,1,40,28,0.0151515151515151,0.6072454545454544,37.0,92.0
Categoria_52,9,2,Turno_A,172,46,126,21,59,7,0.1666666666666666,0.466,84.0,85.0
Categoria_09,12,3,Turno_B,56,0,56,4,32,28,0.0714285714285714,0.5718857142857142,31.0,85.2
Categoria_37,12,3,Turno_B,19,0,19,5,13,28,0.2631578947368421,0.6984473684210526,10.0,96.9
Categoria_04,9,2,Turno_A,11,0,11,0,1,7,0.0,0.0800333333333333,1.0,71.0
Categoria_26,11,3,Turno_A,191,53,138,22,99,21,0.1594202898550724,0.7142840579710145,94.0,97.1
Categoria_65,11,3,Turno_A,99,40,59,8,38,21,0.135593220338983,0.6433779661016948,42.0,97.4
Categoria_44,12,3,Turno_A,35,0,35,10,27,28,0.2857142857142857,0.7699428571428573,23.0,97.7
Categoria_66,12,3,Turno_A,39,0,39,2,23,28,0.0512820512820512,0.5949846153846153,21.0,91.3
Categoria_41,10,3,Turno_A,73,0,73,40,63,14,0.547945205479452,0.8679890410958904,58.0,97.8
Categoria_68,13,3,Turno_A,53,0,53,0,35,35,0.0,0.6592,34.0,94.7
Categoria_41,11,3,Turno_A,45,0,45,24,39,21,0.5333333333333333,0.8650666666666667,39.0,90.0
Categoria_41,12,3,Turno_B,48,0,48,1,37,28,0.0208333333333333,0.7625666666666666,34.0,89.6
Categoria_68,11,3,Turno_A,55,0,55,3,37,21,0.0545454545454545,0.6701090909090909,35.0,91.6
Categoria_68,10,3,Turno_B,72,0,72,3,48,14,0.0416666666666666,0.6675333333333333,46.0,96.4
Categoria_49,11,3,Turno_B,52,17,35,12,28,21,0.3428571428571428,0.7965714285714287,28.0,95.1
Categoria_08,12,3,Turno_A,71,0,71,44,61,28,0.6197183098591549,0.8631436619718311,61.0,86.8
Categoria_64,9,2,Turno_A,74,19,55,31,33,7,0.5636363636363636,0.6085212121212121,29.0,84.0
Categoria_49,13,3,Turno_A,81,0,81,0,59,35,0.0,0.7280000000000001,60.0,94.8
Categoria_53,14,3,Turno_A,28,0,28,2,20,42,0.0714285714285714,0.7238857142857142,20.0,95.9
Categoria_45,9,2,Turno_B,39,0,39,39,39,7,1.0,1.0,34.0,96.6
Categoria_04,12,3,Turno_A,2,0,2,0,0,28,0.0,0.2401,0.0,87.5
Categoria_63,11,3,Turno_A,78,0,78,24,55,21,0.3076923076923077,0.7006076923076923,60.0,88.3
Categoria_63,12,3,Turno_B,43,0,43,1,26,28,0.0232558139534883,0.6152767441860465,26.0,73.3
Categoria_54,13,3,Turno_B,21,0,21,9,14,35,0.4285714285714285,0.6787714285714286,11.0,98.6
Categoria_48,10,3,Turno_A,20,0,20,20,20,14,1.0,1.0,20.0,96.3
Categoria_41,11,3,Turno_B,43,0,43,12,35,21,0.2790697674418604,0.8142139534883721,33.0,87.5
Categoria_35,10,3,Turno_A,136,0,136,7,117,14,0.0514705882352941,0.8574470588235293,96.0,98.1
Categoria_35,9,2,Turno_A,206,51,155,51,137,7,0.3290322580645161,0.8852032258064516,121.0,97.9
Categoria_59,9,2,Turno_A,11,0,11,1,3,7,0.0909090909090909,0.2529454545454546,3.0,97.6
Categoria_48,12,3,Turno_A,49,0,49,49,49,28,1.0,1.0,47.0,91.6
Categoria_34,12,3,Turno_A,32,0,32,1,18,28,0.03125,0.5644750000000001,13.0,82.8
Categoria_26,10,3,Turno_A,172,7,165,53,123,14,0.3212121212121212,0.7466424242424242,112.0,91.9
Categoria_21,10,3,Turno_A,12,0,12,12,12,14,1.0,1.0,12.0,86.7
Categoria_36,9,2,Turno_A,37,14,23,19,19,7,0.8260869565217391,0.8354,19.0,97.2
Categoria_07,9,2,Turno_A,10,10,0,0,0,7,0.0,0.1285666666666666,0.0,0.0
Categoria_07,10,3,Turno_B,6,6,0,0,0,14,0.0,0.2571333333333333,0.0,0.0
Categoria_62,13,3,Turno_B,32,0,32,0,18,35,0.0,0.5558,13.0,80.5
Categoria_52,12,3,Turno_B,41,0,41,0,30,28,0.0,0.7320000000000001,26.0,95.8
Categoria_49,13,3,Turno_A,81,0,81,1,59,35,0.0123456790123456,0.7304691358024692,55.0,88.8
Categoria_26,9,2,Turno_A,194,88,106,52,67,7,0.490566037735849,0.6355396226415094,75.0,75.3
Categoria_11,9,2,Turno_B,12,0,12,12,12,7,1.0,1.0,16.0,93.7
Categoria_52,12,3,Turno_A,60,0,60,0,44,28,0.0,0.7320000000000001,39.0,90.3
Categoria_56,14,3,Turno_B,9,0,9,1,6,42,0.1111111111111111,0.6129333333333332,5.0,95.9
Categoria_06,14,3,Turno_B,6,0,6,2,4,42,0.3333333333333333,0.6383,4.0,91.7
Categoria_53,11,3,Turno_B,18,0,18,7,14,21,0.3888888888888889,0.7873777777777777,17.0,91.8
Categoria_53,12,3,Turno_A,20,0,20,9,16,28,0.45,0.7996,19.0,98.3
Categoria_66,10,3,Turno_A,21,0,21,10,13,14,0.4761904761904761,0.6403682539682539,11.0,83.8
Categoria_56,11,3,Turno_A,12,0,12,12,12,21,1.0,1.0,11.0,98.2
Categoria_19,10,3,Turno_A,4,0,4,0,0,14,0.0,0.1180666666666666,0.0,90.5
Categoria_59,12,3,Turno_A,14,0,14,0,6,28,0.0,0.3968,5.0,97.6
Categoria_23,11,3,Turno_A,32,32,0,0,0,21,0.0,0.112,0.0,0.0
Categoria_26,13,3,Turno_B,116,0,116,21,83,35,0.1810344827586207,0.7186068965517242,70.0,94.0
Categoria_59,13,3,Turno_B,26,0,26,1,11,35,0.0384615384615384,0.4044923076923077,8.0,92.9
Categoria_48,12,3,Turno_B,61,3,58,54,54,28,0.9310344827586208,0.9310344827586208,51.0,97.0
Categoria_31,10,3,Turno_B,5,0,5,3,4,14,0.6,0.8352,4.0,93.7
Categoria_09,14,3,Turno_A,44,0,44,1,25,42,0.0227272727272727,0.5621454545454545,23.0,92.2
Categoria_09,11,3,Turno_B,92,0,92,9,53,21,0.0978260869565217,0.5771652173913043,55.0,93.5
Categoria_06,13,3,Turno_B,6,0,6,2,4,35,0.3333333333333333,0.6383,4.0,91.1
Categoria_62,11,3,Turno_A,21,0,21,1,12,21,0.0476190476190476,0.5700857142857142,10.0,88.4
Categoria_46,10,3,Turno_A,15,0,15,15,15,14,1.0,1.0,12.0,91.6
Categoria_51,10,3,Turno_B,41,24,17,17,17,14,1.0,1.0,18.0,92.7
Categoria_62,13,3,Turno_A,46,0,46,2,26,35,0.0434782608695652,0.5688434782608696,21.0,83.4
Categoria_04,11,3,Turno_A,3,0,3,0,1,21,0.0,0.2401,1.0,95.4
Categoria_20,13,3,Turno_A,18,18,0,0,0,35,0.0,0.6181,0.0,0.0
Categoria_40,9,2,Turno_A,26,11,15,13,13,7,0.8666666666666667,0.8666666666666667,13.0,90.1
Categoria_34,9,2,Turno_A,32,0,32,4,9,7,0.125,0.2808666666666666,7.0,84.1
Categoria_24,10,3,Turno_A,21,0,21,7,10,14,0.3333333333333333,0.4986666666666667,9.0,83.8
Categoria_51,12,3,Turno_B,46,0,46,2,28,28,0.0434782608695652,0.6073434782608695,27.0,91.6
Categoria_35,12,3,Turno_A,211,2,209,0,178,28,0.0,0.8523,159.0,97.8
Categoria_59,13,3,Turno_B,20,0,20,3,9,35,0.15,0.4268,7.0,95.4
Categoria_48,10,3,Turno_A,65,11,54,54,54,14,1.0,1.0,53.0,95.8
Categoria_09,14,3,Turno_B,107,0,107,2,60,42,0.0186915887850467,0.5613383177570094,60.0,97.6
Categoria_52,9,2,Turno_B,44,12,32,4,14,7,0.125,0.441,12.0,53.9
Categoria_14,10,3,Turno_B,15,0,15,15,15,14,1.0,1.0,14.0,93.6
Categoria_26,12,3,Turno_A,132,0,132,45,99,28,0.3409090909090909,0.7505818181818182,79.0,95.3
Categoria_11,12,3,Turno_B,34,0,34,12,24,28,0.3529411764705882,0.6917823529411765,23.0,87.6
Categoria_69,11,3,Turno_B,24,6,18,4,9,21,0.2222222222222222,0.5272666666666667,12.0,97.3
Categoria_49,11,3,Turno_A,65,0,65,14,50,21,0.2153846153846154,0.7710769230769232,46.0,92.0
Categoria_64,10,3,Turno_A,58,0,58,5,23,14,0.0862068965517241,0.3987770114942528,24.0,96.0
Categoria_58,9,2,Turno_A,31,0,31,31,31,7,1.0,1.0,31.0,97.8
Categoria_41,9,2,Turno_A,58,16,42,42,42,7,1.0,1.0,38.0,96.1
Categoria_41,9,2,Turno_A,46,16,30,30,30,7,1.0,1.0,27.0,98.2
Categoria_12,13,3,Turno_A,94,0,94,1,49,35,0.0106382978723404,0.5189276595744681,48.0,93.5
Categoria_56,9,2,Turno_A,9,9,0,0,0,7,0.0,0.1931999999999999,0.0,0.0
Categoria_44,10,3,Turno_B,25,0,25,19,22,14,0.76,0.8648000000000001,20.0,92.1
Categoria_23,9,2,Turno_B,24,24,0,0,0,7,0.0,0.056,0.0,0.0
Categoria_40,10,3,Turno_A,21,0,21,0,6,14,0.0,0.3009999999999999,6.0,79.2
Categoria_35,12,3,Turno_A,206,2,204,0,174,28,0.0,0.8523,153.0,92.7
Categoria_24,12,3,Turno_B,10,0,10,2,5,28,0.2,0.4720000000000001,4.0,94.1
Categoria_24,10,3,Turno_A,12,0,12,5,6,14,0.4166666666666667,0.5153333333333334,5.0,84.6
Categoria_24,12,3,Turno_A,12,0,12,6,6,28,0.5,0.532,5.0,93.1
Categoria_59,10,3,Turno_B,20,0,20,5,9,14,0.25,0.4468,7.0,96.1
Categoria_59,11,3,Turno_B,20,0,20,8,10,21,0.4,0.4768,9.0,82.2
Categoria_35,12,3,Turno_B,121,12,109,1,93,28,0.0091743119266055,0.8532174311926605,82.0,93.0
Categoria_35,11,3,Turno_A,258,0,258,1,220,21,0.003875968992248,0.8526875968992248,190.0,94.4
Categoria_14,11,3,Turno_B,38,0,38,38,38,21,1.0,1.0,35.0,89.3
Categoria_68,13,3,Turno_A,54,0,54,0,36,35,0.0,0.6592,34.0,98.1
Categoria_65,14,3,Turno_B,35,0,35,0,21,42,0.0,0.6026999999999999,19.0,94.0
Categoria_68,9,2,Turno_A,108,26,82,16,37,7,0.1951219512195122,0.4466731707317073,43.0,88.1
Categoria_52,10,3,Turno_B,39,0,39,7,30,14,0.1794871794871795,0.767897435897436,25.0,87.4
Categoria_41,12,3,Turno_A,58,0,58,0,44,28,0.0,0.7584,41.0,97.0
Categoria_47,11,3,Turno_A,21,0,21,0,11,21,0.0,0.5313,10.0,87.9
Categoria_14,9,2,Turno_A,26,15,11,11,11,7,1.0,1.0,12.0,89.2
Categoria_08,12,3,Turno_B,31,0,31,11,25,28,0.3548387096774194,0.8101677419354839,27.0,71.8
Categoria_09,13,3,Turno_A,44,0,44,2,25,35,0.0454545454545454,0.566690909090909,23.0,92.2
Categoria_55,9,2,Turno_A,9,9,0,0,0,7,0.0,0.1049999999999999,0.0,0.0
Categoria_53,12,3,Turno_A,35,0,35,15,28,28,0.4285714285714285,0.7953142857142858,28.0,80.0
Categoria_61,13,3,Turno_B,67,12,55,0,30,35,0.0,0.5453,31.0,91.0
Categoria_45,10,3,Turno_B,21,0,21,21,21,14,1.0,1.0,17.0,87.6
Categoria_59,13,3,Turno_A,14,0,14,0,6,35,0.0,0.3968,6.0,97.3
Categoria_24,11,3,Turno_A,12,0,12,2,6,21,0.1666666666666666,0.4653333333333334,5.0,96.4
Categoria_12,11,3,Turno_B,59,0,59,2,31,21,0.0338983050847457,0.5235796610169492,31.0,96.6
Categoria_34,13,3,Turno_B,13,0,13,0,7,35,0.0,0.5551,6.0,98.1
Categoria_14,9,2,Turno_B,16,0,16,16,16,7,1.0,1.0,14.0,94.7
Categoria_42,9,2,Turno_B,16,0,16,16,16,7,1.0,1.0,15.0,93.9
Categoria_26,9,2,Turno_B,120,32,88,43,56,7,0.4886363636363636,0.6343818181818182,55.0,79.7
Categoria_09,9,2,Turno_B,56,26,30,23,23,7,0.7666666666666667,0.7666666666666667,22.0,88.2
Categoria_08,11,3,Turno_B,20,0,20,6,16,21,0.3,0.7992000000000001,17.0,75.9
Categoria_40,12,3,Turno_A,26,0,26,1,12,28,0.0384615384615384,0.4630384615384615,10.0,80.9
Categoria_56,13,3,Turno_B,9,0,9,3,6,35,0.3333333333333333,0.6795999999999999,5.0,95.9
Categoria_54,10,3,Turno_A,14,0,14,11,11,14,0.7857142857142857,0.7858476190476191,9.0,87.5
Categoria_14,10,3,Turno_A,15,0,15,11,11,14,0.7333333333333333,0.7333333333333333,15.0,98.6
Categoria_41,14,3,Turno_A,48,0,48,0,36,42,0.0,0.7584,33.0,93.8
Categoria_42,14,3,Turno_B,27,0,27,27,27,42,1.0,1.0,25.0,96.8
Categoria_67,13,3,Turno_B,30,0,30,0,17,35,0.0,0.5572,14.0,97.9
Categoria_67,9,2,Turno_B,14,0,14,7,8,7,0.5,0.5690666666666666,6.0,78.0
Categoria_37,11,3,Turno_B,18,0,18,18,18,21,1.0,1.0,17.0,96.0
Categoria_34,9,2,Turno_B,41,16,25,5,8,7,0.2,0.3383666666666666,11.0,62.3
Categoria_49,10,3,Turno_B,61,0,61,24,49,14,0.3934426229508196,0.806688524590164,45.0,92.2
Categoria_45,11,3,Turno_A,6,0,6,1,4,21,0.1666666666666666,0.6045333333333334,3.0,46.7
Categoria_24,13,3,Turno_B,25,0,25,3,11,35,0.12,0.456,8.0,98.4
Categoria_24,9,2,Turno_B,10,10,0,0,0,7,0.0,0.216,0.0,0.0
Categoria_35,11,3,Turno_B,176,10,166,5,142,21,0.0301204819277108,0.8553120481927711,117.0,93.5
Categoria_Desconocida,9,2,Turno_A,14,0,14,0,4,7,0.0,0.32,3.0,87.7
Categoria_65,10,3,Turno_B,68,0,68,23,40,14,0.3382352941176471,0.5821921568627451,38.0,90.2
Categoria_08,9,2,Turno_B,33,9,24,24,24,7,1.0,1.0,24.0,92.9
Categoria_32,13,3,Turno_B,5,0,5,0,2,35,0.0,0.3954999999999999,2.0,91.0
Categoria_58,12,3,Turno_A,31,15,16,8,13,28,0.5,0.8216,13.0,83.7
Categoria_28,13,3,Turno_A,18,0,18,0,9,35,0.0,0.5271,9.0,76.2
Categoria_52,13,3,Turno_A,185,0,185,6,137,35,0.0324324324324324,0.7384864864864866,121.0,97.4
Categoria_34,12,3,Turno_B,41,0,41,0,23,28,0.0,0.5551,18.0,91.5
Categoria_68,12,3,Turno_A,67,0,67,2,45,28,0.0298507462686567,0.6651701492537313,42.0,90.4
Categoria_49,13,3,Turno_B,31,13,18,0,13,35,0.0,0.7280000000000001,11.0,95.2
Categoria_51,13,3,Turno_A,40,0,40,3,25,35,0.075,0.6167999999999999,25.0,83.4
Categoria_44,13,3,Turno_A,62,0,62,5,45,35,0.0806451612903225,0.7289290322580646,39.0,94.1
Categoria_45,12,3,Turno_B,30,0,30,2,18,28,0.0666666666666666,0.5845333333333333,15.0,93.3
Categoria_60,9,2,Turno_B,20,0,20,2,5,7,0.1,0.2332333333333333,5.0,83.5
Categoria_51,9,2,Turno_B,46,10,36,36,36,7,1.0,1.0,34.0,93.0
Categoria_34,11,3,Turno_A,67,0,67,0,37,21,0.0,0.5551,33.0,80.7
Categoria_59,14,3,Turno_B,26,0,26,1,11,42,0.0384615384615384,0.4044923076923077,8.0,93.0
Categoria_65,9,2,Turno_A,21,0,21,16,16,7,0.7619047619047619,0.7850269841269841,14.0,91.1
Categoria_36,11,3,Turno_A,31,0,31,1,19,21,0.032258064516129,0.6158774193548386,15.0,93.2
Categoria_69,12,3,Turno_A,17,0,17,0,8,28,0.0,0.4606,7.0,83.5
Categoria_60,10,3,Turno_A,46,0,46,8,19,14,0.1739130434782608,0.405886956521739,15.0,72.3
Categoria_26,13,3,Turno_B,131,0,131,0,89,35,0.0,0.6824,78.0,95.0
Categoria_11,12,3,Turno_B,14,0,14,0,8,28,0.0,0.5859,7.0,71.5
Categoria_33,13,3,Turno_A,7,0,7,0,1,35,0.0,0.1176,1.0,85.5
Categoria_69,10,3,Turno_B,24,0,24,10,13,14,0.4166666666666667,0.5292888888888889,11.0,88.8
Categoria_64,10,3,Turno_A,16,0,16,4,8,14,0.25,0.4861333333333333,8.0,79.0
Categoria_64,13,3,Turno_A,36,0,36,0,19,35,0.0,0.5292,17.0,83.9
Categoria_61,12,3,Turno_B,118,32,86,1,47,28,0.0116279069767441,0.5487883720930232,49.0,83.3
Categoria_39,11,3,Turno_B,11,0,11,3,5,21,0.2727272727272727,0.4647181818181818,4.0,91.5
Categoria_54,10,3,Turno_B,19,0,19,17,17,14,0.8947368421052632,0.8947368421052632,14.0,97.5
Categoria_53,13,3,Turno_B,21,0,21,1,15,35,0.0476190476190476,0.7191238095238095,16.0,93.5
Categoria_38,10,3,Turno_A,6,0,6,6,6,14,1.0,1.0,6.0,96.8
Categoria_61,10,3,Turno_B,66,0,66,32,41,14,0.4848484848484848,0.622119191919192,42.0,97.7
Categoria_20,9,2,Turno_A,24,0,24,24,24,7,1.0,1.0,24.0,95.7
Categoria_63,12,3,Turno_A,15,0,15,1,9,28,0.0666666666666666,0.6283,9.0,82.9
Categoria_48,9,2,Turno_A,38,0,38,38,38,7,1.0,1.0,35.0,92.8
Categoria_05,10,3,Turno_B,3,0,3,0,1,14,0.0,0.3093999999999999,1.0,71.3
Categoria_12,10,3,Turno_B,43,0,43,6,23,14,0.1395348837209302,0.5447069767441861,20.0,80.5
Categoria_12,10,3,Turno_B,68,0,68,35,42,14,0.5147058823529411,0.6197411764705882,43.0,98.5
Categoria_08,13,3,Turno_A,58,18,40,0,30,35,0.0,0.7392000000000001,40.0,88.8
Categoria_61,10,3,Turno_B,92,0,92,4,36,14,0.0434782608695652,0.3867217391304347,44.0,79.8
Categoria_30,10,3,Turno_B,6,0,6,3,3,14,0.5,0.5,2.0,90.1
Categoria_26,14,3,Turno_A,258,0,258,15,179,42,0.0581395348837209,0.6940279069767442,174.0,90.8
Categoria_12,12,3,Turno_A,106,0,106,1,55,28,0.0094339622641509,0.5186867924528302,54.0,97.7
Categoria_36,9,2,Turno_B,18,18,0,0,0,7,0.0,0.2020666666666666,0.0,0.0
Categoria_12,10,3,Turno_A,76,24,52,27,32,14,0.5192307692307693,0.6206461538461538,29.0,90.3
Categoria_09,13,3,Turno_B,101,0,101,17,60,35,0.1683168316831683,0.5912633663366337,64.0,94.6
Categoria_57,13,3,Turno_A,6,0,6,0,4,35,0.0,0.7128000000000001,3.0,94.9
Categoria_33,13,3,Turno_B,2,0,2,0,0,35,0.0,0.1176,0.0,83.6
Categoria_20,11,3,Turno_A,38,0,38,38,38,21,1.0,1.0,33.0,89.4
Categoria_53,9,2,Turno_B,15,10,5,5,5,7,1.0,1.0,7.0,69.5
Categoria_34,10,3,Turno_A,42,0,42,0,16,14,0.0,0.3700666666666666,14.0,89.2
Categoria_07,10,3,Turno_A,8,0,8,6,6,14,0.75,0.75,5.0,92.7
Categoria_69,11,3,Turno_A,28,0,28,0,13,21,0.0,0.4606,12.0,59.0
Categoria_48,13,3,Turno_A,33,0,33,19,26,35,0.5757575757575758,0.7894272727272726,24.0,86.5
Categoria_41,13,3,Turno_A,51,0,51,14,41,35,0.2745098039215686,0.8133019607843137,36.0,90.1
Categoria_14,12,3,Turno_A,26,0,26,26,26,28,1.0,1.0,25.0,88.3
Categoria_40,14,3,Turno_A,19,0,19,1,9,42,0.0526315789473684,0.4672894736842105,7.0,74.5
Categoria_06,13,3,Turno_B,35,0,35,7,21,35,0.2,0.5983,19.0,94.9
Categoria_08,9,2,Turno_B,35,6,29,29,29,7,1.0,1.0,32.0,91.7
Categoria_66,11,3,Turno_A,33,0,33,1,19,21,0.0303030303030303,0.5886909090909089,16.0,91.3
Categoria_53,9,2,Turno_A,35,15,20,20,20,7,1.0,1.0,20.0,92.6
Categoria_56,12,3,Turno_A,19,0,19,18,18,28,0.9473684210526316,0.9473684210526316,16.0,97.4
Categoria_08,12,3,Turno_B,27,0,27,6,21,28,0.2222222222222222,0.7836444444444445,23.0,78.1
Categoria_33,9,2,Turno_A,8,0,8,0,0,7,0.0,0.0588,0.0,85.2
Categoria_10,13,3,Turno_A,6,0,6,0,2,35,0.0,0.3801,2.0,96.2
Categoria_65,14,3,Turno_A,113,0,113,0,68,42,0.0,0.6026999999999999,63.0,92.5
Categoria_54,13,3,Turno_A,19,0,19,1,11,35,0.0526315789473684,0.5659894736842106,9.0,95.2
Categoria_65,13,3,Turno_B,35,0,35,0,21,35,0.0,0.6026999999999999,19.0,94.0
Categoria_68,9,2,Turno_B,53,24,29,14,18,7,0.4827586206896552,0.6192551724137931,20.0,95.8
Categoria_62,13,3,Turno_A,18,0,18,0,10,35,0.0,0.5558,9.0,91.2
Categoria_68,13,3,Turno_B,58,0,58,0,38,35,0.0,0.6592,36.0,97.4
Categoria_53,13,3,Turno_A,28,0,28,9,22,35,0.3214285714285714,0.7738857142857143,22.0,96.0
Categoria_60,12,3,Turno_B,20,0,20,0,9,28,0.0,0.4697,7.0,97.6
Categoria_44,12,3,Turno_B,23,0,23,4,17,28,0.1739130434782608,0.7475826086956523,15.0,94.4
Categoria_62,12,3,Turno_A,37,0,37,2,21,28,0.054054054054054,0.5720162162162162,18.0,87.3
Categoria_51,13,3,Turno_B,50,0,50,2,30,35,0.04,0.6063,29.0,89.0
Categoria_Desconocida,14,3,Turno_B,18,0,18,0,12,42,0.0,0.6400000000000001,10.0,91.2
Categoria_49,12,3,Turno_B,34,0,34,5,26,28,0.1470588235294117,0.7574117647058825,22.0,81.8
Categoria_36,11,3,Turno_B,30,0,30,2,19,21,0.0666666666666666,0.6262,16.0,91.7
Categoria_41,12,3,Turno_A,46,0,46,5,36,28,0.108695652173913,0.7801391304347826,29.0,94.6
Categoria_44,10,3,Turno_A,35,0,35,15,28,14,0.4285714285714285,0.7985142857142858,26.0,96.2
Categoria_67,12,3,Turno_A,73,0,73,2,41,28,0.0273972602739726,0.5654191780821918,38.0,92.8
Categoria_04,9,2,Turno_A,2,0,2,0,0,7,0.0,0.0800333333333333,0.0,89.4
Categoria_44,13,3,Turno_B,27,0,27,1,19,35,0.037037037037037,0.7202074074074075,17.0,92.6
Categoria_62,12,3,Turno_B,14,0,14,0,8,28,0.0,0.5558,6.0,79.6
Categoria_33,10,3,Turno_B,2,0,2,0,0,14,0.0,0.1176,0.0,77.5
Categoria_40,11,3,Turno_B,8,0,8,1,4,21,0.125,0.489,4.0,81.7
Categoria_Desconocida,12,3,Turno_A,14,0,14,0,9,28,0.0,0.6400000000000001,8.0,94.9
Categoria_05,11,3,Turno_B,16,0,16,2,8,21,0.125,0.5016,8.0,92.7
Categoria_51,12,3,Turno_A,45,0,45,2,27,28,0.0444444444444444,0.6076333333333332,25.0,93.5
Categoria_50,10,3,Turno_B,6,0,6,0,4,14,0.0,0.7208000000000001,2.0,8.6
Categoria_68,11,3,Turno_B,64,16,48,1,32,21,0.0208333333333333,0.6633666666666667,29.0,95.1
Categoria_08,14,3,Turno_B,22,0,22,0,16,42,0.0,0.7392000000000001,17.0,65.5
Categoria_52,13,3,Turno_B,38,0,38,0,28,35,0.0,0.7320000000000001,24.0,84.3
Categoria_17,13,3,Turno_B,4,0,4,0,2,35,0.0,0.3752,2.0,69.1
Categoria_28,9,2,Turno_A,18,0,18,15,15,7,0.8333333333333334,0.8333333333333334,14.0,90.0
Categoria_54,10,3,Turno_A,17,0,17,2,7,14,0.1176470588235294,0.4295450980392156,6.0,71.0
Categoria_41,10,3,Turno_B,49,0,49,21,41,14,0.4285714285714285,0.8441142857142857,38.0,96.1
Categoria_54,12,3,Turno_A,15,0,15,0,8,28,0.0,0.5502,8.0,91.8
Categoria_38,9,2,Turno_A,3,3,0,0,0,7,0.0,0.1726666666666666,0.0,0.0
Categoria_06,11,3,Turno_B,14,0,14,14,14,21,1.0,1.0,12.0,96.8
Categoria_37,9,2,Turno_B,19,6,13,13,13,7,1.0,1.0,11.0,85.7
Categoria_53,9,2,Turno_A,20,10,10,10,10,7,1.0,1.0,11.0,92.9
Categoria_20,11,3,Turno_A,42,0,42,42,42,21,1.0,1.0,42.0,98.1
Categoria_40,13,3,Turno_A,19,0,19,0,9,35,0.0,0.4514999999999999,7.0,74.5
Categoria_23,9,2,Turno_A,8,8,0,0,0,7,0.0,0.056,0.0,0.0
Categoria_35,13,3,Turno_B,173,2,171,0,146,35,0.0,0.8523,127.0,96.7
Categoria_65,12,3,Turno_A,21,0,21,0,13,28,0.0,0.6026999999999999,11.0,86.1
Categoria_07,13,3,Turno_A,6,0,6,0,2,35,0.0,0.3857,1.0,69.1
Categoria_12,11,3,Turno_C,8,0,8,0,4,21,0.0,0.5168,4.0,87.2
Categoria_51,14,3,Turno_B,36,0,36,0,21,42,0.0,0.5942999999999999,21.0,86.4
Categoria_41,14,3,Turno_B,62,0,62,1,47,42,0.0161290322580645,0.7616258064516128,43.0,95.5
Categoria_36,12,3,Turno_A,28,0,28,1,17,28,0.0357142857142857,0.6169142857142856,15.0,85.3
Categoria_62,9,2,Turno_A,15,0,15,15,15,7,1.0,1.0,13.0,98.4
Categoria_60,11,3,Turno_A,56,0,56,1,27,21,0.0178571428571428,0.4750571428571428,25.0,91.0
Categoria_66,13,3,Turno_A,80,0,80,0,46,35,0.0,0.5795999999999999,51.0,93.0
Categoria_56,12,3,Turno_A,9,0,9,9,9,28,1.0,1.0,7.0,86.2
Categoria_64,9,2,Turno_B,34,0,34,23,24,7,0.6764705882352942,0.6950274509803922,20.0,90.3
Categoria_44,11,3,Turno_A,44,15,29,15,24,21,0.5172413793103449,0.816248275862069,24.0,96.4
Categoria_20,13,3,Turno_B,38,24,14,10,12,35,0.7142857142857143,0.8323857142857143,12.0,97.7
Categoria_23,12,3,Turno_A,8,0,8,0,1,28,0.0,0.112,1.0,62.0
Categoria_24,9,2,Turno_A,12,12,0,0,0,7,0.0,0.216,0.0,0.0
Categoria_59,12,3,Turno_A,11,0,11,0,4,28,0.0,0.3968,4.0,92.3
Categoria_65,9,2,Turno_A,66,44,22,5,8,7,0.2272727272727272,0.3751424242424241,9.0,0.0
Categoria_Desconocida,12,3,Turno_A,23,0,23,1,15,28,0.0434782608695652,0.6486956521739131,13.0,91.4
Categoria_36,10,3,Turno_A,27,0,27,6,14,14,0.2222222222222222,0.5226518518518518,12.0,93.2
Categoria_37,9,2,Turno_A,12,0,12,12,12,7,1.0,1.0,11.0,89.9
Categoria_18,10,3,Turno_A,8,0,8,0,0,14,0.0,0.0432,0.0,80.4
Categoria_56,13,3,Turno_A,9,0,9,0,5,35,0.0,0.5795999999999999,4.0,90.9
Categoria_41,13,3,Turno_B,41,0,41,13,34,35,0.3170731707317073,0.8218146341463415,34.0,94.8
Categoria_68,14,3,Turno_B,79,0,79,2,52,42,0.0253164556962025,0.6642632911392405,54.0,88.8
Categoria_53,10,3,Turno_B,18,0,18,16,16,14,0.8888888888888888,0.8888888888888888,18.0,96.8
Categoria_47,10,3,Turno_A,25,0,25,9,14,14,0.36,0.5461999999999999,12.0,90.1
Categoria_57,13,3,Turno_A,6,0,6,0,4,35,0.0,0.7128000000000001,3.0,80.4
Categoria_03,11,3,Turno_B,6,0,6,1,2,21,0.1666666666666666,0.2739999999999999,1.0,86.2
Categoria_53,12,3,Turno_B,15,0,15,5,12,28,0.3333333333333333,0.7762666666666667,14.0,72.6
Categoria_33,11,3,Turno_A,1,0,1,0,0,21,0.0,0.1176,0.0,90.3
Categoria_34,9,2,Turno_A,24,0,24,2,6,7,0.0833333333333333,0.2489222222222221,6.0,95.3
Categoria_33,10,3,Turno_A,9,0,9,0,1,14,0.0,0.1176,1.0,71.6
Categoria_14,11,3,Turno_C,8,0,8,8,8,21,1.0,1.0,10.0,91.1
Categoria_68,13,3,Turno_B,79,0,79,1,52,35,0.0126582278481012,0.6617316455696203,54.0,88.8
Categoria_53,11,3,Turno_A,30,0,30,19,25,21,0.6333333333333333,0.8362666666666667,23.0,93.1
Categoria_24,11,3,Turno_B,10,0,10,3,5,21,0.3,0.492,4.0,93.6
Categoria_24,13,3,Turno_A,12,0,12,1,5,35,0.0833333333333333,0.4486666666666667,4.0,97.3
Categoria_Desconocida,11,3,Turno_A,56,0,56,0,36,21,0.0,0.6400000000000001,35.0,97.6
Categoria_Desconocida,14,3,Turno_A,47,0,47,0,30,42,0.0,0.6400000000000001,30.0,96.3
Categoria_34,13,3,Turno_A,15,0,15,0,8,35,0.0,0.5551,8.0,91.9
Categoria_36,11,3,Turno_A,31,0,31,2,19,21,0.064516129032258,0.6255548387096774,15.0,91.5
Categoria_15,13,3,Turno_B,18,0,18,0,8,35,0.0,0.4361,7.0,87.7
Categoria_21,9,2,Turno_A,15,15,0,0,0,7,0.0,0.2062666666666666,0.0,0.0
Categoria_05,9,2,Turno_A,16,0,16,16,16,7,1.0,1.0,15.0,92.7
Categoria_22,9,2,Turno_A,7,0,7,7,7,7,1.0,1.0,6.0,94.7
Categoria_49,12,3,Turno_A,82,0,82,0,60,28,0.0,0.7280000000000001,60.0,95.1
Categoria_67,12,3,Turno_A,28,0,28,0,16,28,0.0,0.5572,14.0,93.9
Categoria_65,13,3,Turno_B,41,0,41,0,25,35,0.0,0.6026999999999999,23.0,91.6
Categoria_58,13,3,Turno_A,6,0,6,6,6,35,1.0,1.0,6.0,85.8
Categoria_38,10,3,Turno_A,6,0,6,6,6,14,1.0,1.0,6.0,90.2
Categoria_12,13,3,Turno_B,37,0,37,1,19,35,0.027027027027027,0.5222054054054055,17.0,76.1
Categoria_63,9,2,Turno_B,43,0,43,44,43,7,1.0,1.0,45.0,96.4
Categoria_34,14,3,Turno_B,13,0,13,0,7,42,0.0,0.5551,6.0,98.1
Categoria_45,11,3,Turno_B,8,0,8,1,5,21,0.125,0.5962000000000001,4.0,87.2
Categoria_59,13,3,Turno_A,11,0,11,0,4,35,0.0,0.3968,4.0,94.0
Categoria_15,9,2,Turno_B,12,12,0,0,0,7,0.0,0.1453666666666666,0.0,0.0
Categoria_16,9,2,Turno_A,14,0,14,5,6,7,0.3571428571428571,0.4009761904761905,5.0,96.1
Categoria_37,10,3,Turno_A,15,0,15,15,15,14,1.0,1.0,14.0,93.3
Categoria_32,10,3,Turno_A,6,0,6,1,2,14,0.1666666666666666,0.3525555555555555,2.0,96.4
Categoria_48,11,3,Turno_A,51,0,51,51,51,21,1.0,1.0,48.0,98.0
Categoria_67,9,2,Turno_A,73,32,41,36,36,7,0.8780487804878049,0.8780487804878049,33.0,95.6
Categoria_67,9,2,Turno_B,22,0,22,14,15,7,0.6363636363636364,0.6736121212121212,14.0,86.4
Categoria_54,11,3,Turno_B,8,0,8,6,6,21,0.75,0.7752000000000001,5.0,98.3
Categoria_38,12,3,Turno_A,3,0,3,1,2,28,0.3333333333333333,0.618,2.0,85.3
Categoria_08,12,3,Turno_A,66,0,66,26,54,28,0.3939393939393939,0.8179878787878789,56.0,81.2
Categoria_52,14,3,Turno_B,38,0,38,0,28,42,0.0,0.7320000000000001,24.0,84.3
Categoria_43,13,3,Turno_B,8,0,8,0,5,35,0.0,0.5901,7.0,74.7
Categoria_54,9,2,Turno_B,10,10,0,0,0,7,0.0,0.1833999999999999,0.0,0.0
Categoria_23,12,3,Turno_B,24,0,24,8,8,28,0.3333333333333333,0.3333333333333333,7.0,89.8
Categoria_33,11,3,Turno_C,1,0,1,0,0,21,0.0,0.1176,0.0,96.7
Categoria_12,10,3,Turno_A,84,0,84,40,51,14,0.4761904761904761,0.6120380952380953,53.0,92.5
Categoria_15,10,3,Turno_B,10,0,10,0,3,14,0.0,0.2907333333333333,2.0,95.0
Categoria_69,9,2,Turno_A,17,0,17,16,16,7,0.9411764705882352,0.9411764705882352,15.0,97.6
Categoria_05,13,3,Turno_A,16,0,16,0,7,35,0.0,0.4641,7.0,87.6
Categoria_61,10,3,Turno_A,22,0,22,4,10,14,0.1818181818181818,0.4605030303030302,9.0,85.9
Categoria_56,14,3,Turno_A,9,0,9,0,5,42,0.0,0.5795999999999999,4.0,91.6
Categoria_49,12,3,Turno_A,16,0,16,16,16,28,1.0,1.0,16.0,93.8
Categoria_64,11,3,Turno_B,16,0,16,0,8,21,0.0,0.5292,8.0,83.4
Categoria_43,12,3,Turno_A,6,0,6,0,4,28,0.0,0.5901,8.0,94.1
Categoria_17,13,3,Turno_A,8,0,8,0,3,35,0.0,0.3752,3.0,70.4
Categoria_63,9,2,Turno_A,15,15,0,0,0,7,0.0,0.2027666666666666,0.0,0.0
Categoria_Desconocida,9,2,Turno_B,6,0,6,0,2,7,0.0,0.32,2.0,78.4
Categoria_52,11,3,Turno_B,82,12,70,5,52,21,0.0714285714285714,0.7462857142857143,47.0,86.1
Categoria_37,13,3,Turno_B,24,0,24,2,15,35,0.0833333333333333,0.6445,13.0,91.4
Categoria_28,11,3,Turno_A,18,0,18,1,10,21,0.0555555555555555,0.5437666666666667,10.0,82.0
Categoria_54,9,2,Turno_A,15,0,15,13,13,7,0.8666666666666667,0.8666666666666667,10.0,96.9
Categoria_42,13,3,Turno_B,26,0,26,26,26,35,1.0,1.0,24.0,97.8
Categoria_51,13,3,Turno_B,36,0,36,0,21,35,0.0,0.5942999999999999,21.0,86.3
Categoria_51,9,2,Turno_A,45,27,18,18,18,7,1.0,1.0,16.0,92.7
Categoria_48,9,2,Turno_B,58,0,58,58,58,7,1.0,1.0,55.0,96.5
Categoria_12,9,2,Turno_B,36,14,22,5,9,7,0.2272727272727272,0.3947636363636363,9.0,86.8
Categoria_42,12,3,Turno_B,6,0,6,6,6,28,1.0,1.0,6.0,97.1
Categoria_08,10,3,Turno_A,13,0,13,13,13,14,1.0,1.0,16.0,94.6
Categoria_08,13,3,Turno_B,22,0,22,8,18,35,0.3636363636363636,0.8119272727272728,18.0,71.0
Categoria_41,11,3,Turno_C,5,0,5,5,5,21,1.0,1.0,5.0,96.5
Categoria_40,12,3,Turno_B,17,8,9,0,4,28,0.0,0.4514999999999999,3.0,11.3
Categoria_56,12,3,Turno_B,11,0,11,10,10,28,0.9090909090909092,0.9090909090909092,8.0,91.9
Categoria_44,9,2,Turno_A,35,21,14,14,14,7,1.0,1.0,12.0,86.2
Categoria_62,10,3,Turno_B,34,0,34,1,13,14,0.0294117647058823,0.3862196078431372,12.0,95.2
Categoria_29,11,3,Turno_A,6,0,6,1,3,21,0.1666666666666666,0.4909999999999999,3.0,85.9
Categoria_11,9,2,Turno_B,14,0,14,14,14,7,1.0,1.0,16.0,92.4
Categoria_17,10,3,Turno_B,3,0,3,0,1,14,0.0,0.2501333333333333,1.0,85.4
Categoria_40,12,3,Turno_A,39,0,39,2,18,28,0.0512820512820512,0.4668846153846153,17.0,75.5
Categoria_53,13,3,Turno_A,27,0,27,6,20,35,0.2222222222222222,0.7540444444444444,19.0,95.1
Categoria_22,14,3,Turno_B,10,0,10,10,10,42,1.0,1.0,9.0,89.4
Categoria_60,11,3,Turno_B,40,0,40,0,19,21,0.0,0.4697,15.0,93.8
Categoria_52,9,2,Turno_A,88,0,88,13,40,7,0.1477272727272727,0.4546363636363636,42.0,77.4
Categoria_21,10,3,Turno_A,15,0,15,15,15,14,1.0,1.0,12.0,96.9
Categoria_54,11,3,Turno_A,8,0,8,0,4,21,0.0,0.5502,4.0,81.1
Categoria_14,13,3,Turno_B,4,0,4,0,2,35,0.0,0.4543,3.0,40.5
Categoria_49,14,3,Turno_B,31,0,31,5,24,42,0.1612903225806451,0.7602580645161291,22.0,98.0
Categoria_38,11,3,Turno_A,6,0,6,4,4,21,0.6666666666666666,0.718,4.0,92.9
Categoria_46,12,3,Turno_A,15,0,15,9,11,28,0.6,0.7316,9.0,94.8
Categoria_42,11,3,Turno_A,18,0,18,18,18,21,1.0,1.0,18.0,92.1
Categoria_33,12,3,Turno_A,8,0,8,0,1,28,0.0,0.1176,1.0,79.2
Categoria_59,9,2,Turno_A,14,0,14,3,5,7,0.2142857142857142,0.3269714285714286,4.0,90.2
Categoria_04,14,3,Turno_B,4,0,4,0,1,42,0.0,0.2401,1.0,91.9
Categoria_51,11,3,Turno_B,40,0,40,4,25,21,0.1,0.6243,25.0,78.9
Categoria_Desconocida,12,3,Turno_B,15,0,15,0,10,28,0.0,0.6400000000000001,9.0,94.3
Categoria_34,14,3,Turno_A,15,0,15,0,8,42,0.0,0.5551,8.0,91.8
Categoria_01,13,3,Turno_A,10,0,10,10,10,35,1.0,1.0,9.0,94.6
Categoria_64,10,3,Turno_B,18,0,18,0,6,14,0.0,0.3527999999999999,6.0,90.3
Categoria_36,13,3,Turno_A,17,0,17,0,10,35,0.0,0.6062,10.0,63.7
Categoria_37,14,3,Turno_B,24,0,24,2,15,42,0.0833333333333333,0.6445,13.0,91.1
Categoria_64,10,3,Turno_B,36,16,20,2,8,14,0.1,0.4061333333333333,10.0,98.3
Categoria_63,12,3,Turno_A,71,0,71,4,44,28,0.056338028169014,0.6252014084507042,49.0,74.1
Categoria_43,14,3,Turno_B,8,0,8,0,5,42,0.0,0.5901,7.0,74.9
Categoria_67,14,3,Turno_B,30,0,30,0,17,42,0.0,0.5572,14.0,97.7
Categoria_Desconocida,9,2,Turno_B,15,0,15,0,5,7,0.0,0.32,6.0,91.7
Categoria_59,13,3,Turno_C,3,0,3,0,1,35,0.0,0.3968,1.0,75.5
Categoria_07,10,3,Turno_B,13,0,13,8,8,14,0.6153846153846154,0.6153846153846154,6.0,92.9
Categoria_42,12,3,Turno_A,24,0,24,24,24,28,1.0,1.0,22.0,97.1
Categoria_25,9,2,Turno_B,12,0,12,12,12,7,1.0,1.0,11.0,93.8
Categoria_27,11,3,Turno_B,6,0,6,1,3,21,0.1666666666666666,0.4364,3.0,89.8
Categoria_64,12,3,Turno_B,34,0,34,1,18,28,0.0294117647058823,0.5380235294117647,16.0,93.1
Categoria_58,11,3,Turno_A,21,0,21,21,21,21,1.0,1.0,20.0,86.4
Categoria_58,11,3,Turno_A,17,0,17,17,17,21,1.0,1.0,18.0,95.8
Categoria_44,10,3,Turno_A,36,0,36,19,29,14,0.5277777777777778,0.8183555555555557,26.0,96.2
Categoria_14,13,3,Turno_A,34,0,34,34,34,35,1.0,1.0,32.0,91.1
Categoria_25,12,3,Turno_A,15,0,15,15,15,28,1.0,1.0,14.0,90.3
Categoria_61,11,3,Turno_A,22,22,0,0,0,21,0.0,0.5453,0.0,0.0
Categoria_51,9,2,Turno_A,28,0,28,28,28,7,1.0,1.0,25.0,92.6
Categoria_20,11,3,Turno_B,26,0,26,26,26,21,1.0,1.0,24.0,94.4
Categoria_23,11,3,Turno_A,32,0,32,0,4,21,0.0,0.112,3.0,84.3
Categoria_33,11,3,Turno_C,1,0,1,0,0,21,0.0,0.1176,0.0,91.7
Categoria_58,10,3,Turno_A,31,0,31,31,31,14,1.0,1.0,30.0,96.3
Categoria_64,11,3,Turno_A,44,0,44,5,25,21,0.1136363636363636,0.5632909090909091,22.0,97.0
Categoria_43,11,3,Turno_A,6,0,6,2,4,21,0.3333333333333333,0.6900999999999999,7.0,98.5
Categoria_49,13,3,Turno_B,33,0,33,0,24,35,0.0,0.7280000000000001,21.0,94.2
Categoria_48,11,3,Turno_B,12,0,12,12,12,21,1.0,1.0,10.0,89.3
Categoria_Desconocida,11,3,Turno_B,21,6,15,0,10,21,0.0,0.6400000000000001,9.0,91.8
Categoria_07,11,3,Turno_A,5,0,5,0,2,21,0.0,0.3857,2.0,67.8
Categoria_21,13,3,Turno_A,12,0,12,12,12,35,1.0,1.0,12.0,85.6
Categoria_34,13,3,Turno_A,54,0,54,0,30,35,0.0,0.5551,25.0,81.2
Categoria_37,12,3,Turno_A,12,0,12,5,9,28,0.4166666666666667,0.7444999999999999,8.0,86.6
Categoria_12,11,3,Turno_A,16,0,16,0,8,21,0.0,0.5168,8.0,75.8
Categoria_67,9,2,Turno_A,28,0,28,7,11,7,0.25,0.3773999999999999,8.0,92.6
Categoria_47,9,2,Turno_A,28,8,20,20,20,7,1.0,1.0,19.0,93.9
Categoria_55,12,3,Turno_A,9,0,9,0,3,28,0.0,0.315,2.0,53.6
Categoria_63,14,3,Turno_B,9,0,9,0,5,42,0.0,0.6083,5.0,65.0
Categoria_43,9,2,Turno_A,9,0,9,9,9,7,1.0,1.0,8.0,82.0
Categoria_05,10,3,Turno_A,9,0,9,9,9,14,1.0,1.0,8.0,92.7
Categoria_21,11,3,Turno_A,12,0,12,12,12,21,1.0,1.0,11.0,76.6
Categoria_36,13,3,Turno_A,50,0,50,0,30,35,0.0,0.6062,28.0,94.3
Categoria_02,13,3,Turno_A,15,0,15,2,9,35,0.1333333333333333,0.6286999999999999,9.0,86.5
Categoria_04,10,3,Turno_A,9,0,9,0,1,14,0.0,0.1600666666666666,1.0,76.8
Categoria_28,9,2,Turno_B,15,15,0,0,0,7,0.0,0.1756999999999999,0.0,0.0
Categoria_66,9,2,Turno_B,16,16,0,0,0,7,0.0,0.1931999999999999,0.0,0.0
Categoria_43,11,3,Turno_B,8,0,8,0,5,21,0.0,0.5901,7.0,70.9
Categoria_16,11,3,Turno_A,20,0,20,1,8,21,0.05,0.3965,7.0,94.9
Categoria_67,12,3,Turno_B,22,0,22,0,12,28,0.0,0.5572,12.0,88.7
Categoria_38,13,3,Turno_B,9,0,9,0,5,35,0.0,0.518,4.0,96.5
Categoria_63,14,3,Turno_A,24,0,24,0,15,42,0.0,0.6083,16.0,72.6
Categoria_34,10,3,Turno_B,36,0,36,0,13,14,0.0,0.3700666666666666,13.0,92.0
Categoria_Desconocida,9,2,Turno_C,3,0,3,0,1,7,0.0,0.32,1.0,75.0
Categoria_05,12,3,Turno_A,16,0,16,2,8,28,0.125,0.5016,8.0,83.1
Categoria_17,10,3,Turno_C,8,0,8,5,5,14,0.625,0.625,5.0,92.2
Categoria_56,9,2,Turno_A,19,19,0,0,0,7,0.0,0.1931999999999999,0.0,0.0
Categoria_40,9,2,Turno_B,23,9,14,11,11,7,0.7857142857142857,0.7857142857142857,10.0,87.1
Categoria_47,12,3,Turno_A,25,0,25,1,14,28,0.04,0.5433,12.0,82.4
Categoria_36,13,3,Turno_B,26,0,26,0,16,35,0.0,0.6062,14.0,92.1
Categoria_66,11,3,Turno_B,12,0,12,2,8,21,0.1666666666666666,0.6295999999999999,7.0,88.5
Categoria_34,13,3,Turno_B,24,0,24,0,13,35,0.0,0.5551,12.0,73.5
Categoria_25,9,2,Turno_A,15,15,0,0,0,7,0.0,0.2043999999999999,0.0,0.0
Categoria_67,10,3,Turno_A,28,0,28,24,24,14,0.8571428571428571,0.8571428571428571,21.0,98.5
Categoria_57,14,3,Turno_A,6,0,6,0,4,42,0.0,0.7128000000000001,3.0,95.4
Categoria_61,10,3,Turno_A,22,22,0,0,0,14,0.0,0.3635333333333332,0.0,0.0
Categoria_20,10,3,Turno_A,20,0,20,20,20,14,1.0,1.0,19.0,97.2
Categoria_25,13,3,Turno_B,21,12,9,8,8,35,0.8888888888888888,0.8888888888888888,7.0,90.9
Categoria_21,12,3,Turno_B,6,0,6,6,6,28,1.0,1.0,6.0,82.4
Categoria_22,12,3,Turno_A,7,0,7,7,7,28,1.0,1.0,6.0,97.1
Categoria_40,14,3,Turno_B,14,0,14,0,6,42,0.0,0.4514999999999999,5.0,90.9
Categoria_04,9,2,Turno_B,4,0,4,0,0,7,0.0,0.0800333333333333,0.0,94.0
Categoria_38,13,3,Turno_A,3,0,3,0,2,35,0.0,0.518,2.0,87.5
Categoria_60,13,3,Turno_A,20,20,0,0,0,35,0.0,0.4697,0.0,0.0
Categoria_43,12,3,Turno_A,9,0,9,1,6,28,0.1111111111111111,0.6234333333333333,7.0,90.9
Categoria_51,12,3,Turno_A,16,0,16,2,10,28,0.125,0.6317999999999999,9.0,88.0
Categoria_Desconocida,10,3,Turno_A,15,0,15,0,10,14,0.0,0.6400000000000001,9.0,95.7
Categoria_65,10,3,Turno_A,39,0,39,22,27,14,0.5641025641025641,0.7026547008547008,25.0,94.5
Categoria_60,9,2,Turno_A,13,0,13,3,4,7,0.2307692307692307,0.3334897435897436,3.0,78.7
Categoria_66,11,3,Turno_A,17,0,17,2,10,21,0.1176470588235294,0.6148941176470587,9.0,93.4
Categoria_45,11,3,Turno_A,12,0,12,1,7,21,0.0833333333333333,0.5878666666666668,6.0,96.6
Categoria_63,13,3,Turno_B,9,0,9,0,5,35,0.0,0.6083,5.0,64.3
Categoria_04,13,3,Turno_B,4,0,4,0,1,35,0.0,0.2401,1.0,91.9
Categoria_Desconocida,13,3,Turno_B,18,0,18,0,12,35,0.0,0.6400000000000001,10.0,91.4
Categoria_48,10,3,Turno_B,15,0,15,15,15,14,1.0,1.0,14.0,93.9
Categoria_60,10,3,Turno_B,16,0,16,1,6,14,0.0625,0.3464666666666666,5.0,69.3
Categoria_16,12,3,Turno_A,14,0,14,0,5,28,0.0,0.3815,5.0,95.7
Categoria_61,12,3,Turno_A,17,0,17,0,9,28,0.0,0.5453,9.0,87.2
Categoria_25,10,3,Turno_B,19,0,19,19,19,14,1.0,1.0,17.0,92.9
Categoria_08,10,3,Turno_B,2,0,2,2,2,14,1.0,1.0,3.0,96.2
Categoria_40,11,3,Turno_A,12,0,12,0,5,21,0.0,0.4514999999999999,4.0,93.3
Categoria_42,9,2,Turno_A,24,0,24,24,24,7,1.0,1.0,22.0,97.6
Categoria_61,13,3,Turno_A,12,0,12,0,7,35,0.0,0.5453,6.0,96.6
Categoria_63,11,3,Turno_B,12,0,12,0,7,21,0.0,0.6083,7.0,80.4
Categoria_03,10,3,Turno_B,5,0,5,0,1,14,0.0,0.1493333333333333,0.0,91.4
Categoria_04,9,2,Turno_B,4,0,4,0,0,7,0.0,0.0800333333333333,0.0,90.2
Categoria_04,12,3,Turno_B,4,0,4,0,1,28,0.0,0.2401,1.0,94.9
Categoria_28,12,3,Turno_A,18,0,18,1,10,28,0.0555555555555555,0.5437666666666667,10.0,87.1
Categoria_06,13,3,Turno_A,12,0,12,4,8,35,0.3333333333333333,0.6383,7.0,97.9
Categoria_47,11,3,Turno_A,23,1,22,2,12,21,0.0909090909090909,0.5585727272727272,10.0,83.4
Categoria_42,13,3,Turno_B,27,0,27,27,27,35,1.0,1.0,25.0,96.5
Categoria_14,13,3,Turno_A,28,0,28,28,28,35,1.0,1.0,26.0,78.4
Categoria_42,10,3,Turno_B,12,0,12,12,12,14,1.0,1.0,12.0,97.0
Categoria_34,12,3,Turno_A,24,0,24,0,13,28,0.0,0.5551,11.0,89.4
Categoria_04,12,3,Turno_B,4,0,4,0,1,28,0.0,0.2401,1.0,95.4
Categoria_37,11,3,Turno_A,12,0,12,12,12,21,1.0,1.0,12.0,92.5
Categoria_11,12,3,Turno_A,6,0,6,6,6,28,1.0,1.0,8.0,54.9
Categoria_42,11,3,Turno_B,14,0,14,14,14,21,1.0,1.0,13.0,94.9
Categoria_57,9,2,Turno_B,6,0,6,6,6,7,1.0,1.0,4.0,92.3
Categoria_45,9,2,Turno_A,6,0,6,6,6,7,1.0,1.0,3.0,90.7
Categoria_59,11,3,Turno_C,3,0,3,0,1,21,0.0,0.3968,1.0,93.9
Categoria_24,11,3,Turno_A,11,0,11,1,5,21,0.0909090909090909,0.4501818181818182,4.0,79.5
Categoria_54,10,3,Turno_B,5,0,5,2,3,14,0.4,0.5801333333333334,3.0,93.1
Categoria_36,12,3,Turno_B,18,0,18,0,11,28,0.0,0.6062,11.0,70.6
Categoria_49,9,2,Turno_A,16,16,0,0,0,7,0.0,0.364,0.0,0.0
Categoria_43,10,3,Turno_B,8,0,8,4,5,14,0.5,0.6600666666666666,7.0,68.0
Categoria_68,11,3,Turno_C,8,0,8,0,5,21,0.0,0.6592,5.0,90.3
Categoria_Desconocida,13,3,Turno_A,47,0,47,0,30,35,0.0,0.6400000000000001,30.0,96.3
Categoria_51,11,3,Turno_A,18,0,18,4,12,21,0.2222222222222222,0.6609666666666666,11.0,77.5
Categoria_04,12,3,Turno_A,11,0,11,0,3,28,0.0,0.2401,3.0,81.5
Categoria_27,12,3,Turno_B,6,0,6,0,2,28,0.0,0.3864,2.0,89.0
Categoria_66,13,3,Turno_A,16,0,16,0,9,35,0.0,0.5795999999999999,9.0,86.7
Categoria_04,10,3,Turno_C,2,0,2,0,0,14,0.0,0.1600666666666666,0.0,97.9
Categoria_22,10,3,Turno_A,4,0,4,4,4,14,1.0,1.0,3.0,88.5
Categoria_03,11,3,Turno_B,5,0,5,0,1,21,0.0,0.2239999999999999,1.0,82.8
Categoria_Desconocida,9,2,Turno_A,23,0,23,23,23,7,1.0,1.0,21.0,96.4
Categoria_07,12,3,Turno_A,10,0,10,1,4,28,0.1,0.4157,4.0,93.9
Categoria_05,11,3,Turno_A,25,0,25,11,15,21,0.44,0.5961000000000001,12.0,98.3
Categoria_28,12,3,Turno_B,15,0,15,4,9,28,0.2666666666666666,0.6071,9.0,95.8
Categoria_14,11,3,Turno_A,4,0,4,0,2,21,0.0,0.4543,4.0,18.8
Categoria_61,9,2,Turno_A,17,0,17,16,16,7,0.9411764705882352,0.9411764705882352,15.0,89.5
Categoria_28,11,3,Turno_B,15,0,15,8,10,21,0.5333333333333333,0.6871,9.0,93.3
Categoria_07,11,3,Turno_A,6,0,6,0,2,21,0.0,0.3857,1.0,55.3
Categoria_15,12,3,Turno_B,12,0,12,0,5,28,0.0,0.4361,4.0,93.0
Categoria_27,9,2,Turno_B,6,0,6,5,5,7,0.8333333333333334,0.8333333333333334,5.0,95.6
Categoria_50,10,3,Turno_B,6,0,6,1,5,14,0.1666666666666666,0.7541333333333334,3.0,15.2
Categoria_28,11,3,Turno_B,15,0,15,15,15,21,1.0,1.0,14.0,96.6
Categoria_14,14,3,Turno_B,4,0,4,0,2,42,0.0,0.4543,3.0,42.5
Categoria_66,12,3,Turno_B,16,0,16,0,9,28,0.0,0.5795999999999999,9.0,88.4
Categoria_63,13,3,Turno_A,24,0,24,0,15,35,0.0,0.6083,16.0,72.2
Categoria_46,9,2,Turno_A,15,15,0,0,0,7,0.0,0.1838666666666666,0.0,0.0
Categoria_51,13,3,Turno_A,18,0,18,0,11,35,0.0,0.5942999999999999,11.0,70.2
Categoria_22,13,3,Turno_B,10,0,10,10,10,35,1.0,1.0,9.0,89.3
Categoria_09,12,3,Turno_A,12,0,12,0,7,28,0.0,0.5576,5.0,81.9
Categoria_25,12,3,Turno_B,12,0,12,12,12,28,1.0,1.0,10.0,84.8
Categoria_25,11,3,Turno_A,14,0,14,14,14,21,1.0,1.0,14.0,95.2
Categoria_10,11,3,Turno_B,4,0,4,4,4,21,1.0,1.0,5.0,96.3
Categoria_57,9,2,Turno_A,6,0,6,6,6,7,1.0,1.0,4.0,92.4
Categoria_56,9,2,Turno_B,11,11,0,0,0,7,0.0,0.1931999999999999,0.0,0.0
Categoria_21,12,3,Turno_A,15,0,15,15,15,28,1.0,1.0,13.0,96.4
