Especialidad,Jornada_Horaria,Mes,Semana_Iso,Dia_Sem_Iso,Oferta_programada,Bloqueo,Oferta_disponible,Citas_asignadas,Sobrecupos,Cupos_Vendidos,Ticket_Integral_Especialidad
Categoria_25,Turno_B,3,12,3,19,0,19,19,0,0,988732
Categoria_64,Turno_A,3,13,2,93,0,93,0,0,0,386896
Categoria_49,Turno_A,3,13,5,82,0,82,3,0,0,58984
Categoria_17,Turno_B,3,11,5,4,0,4,0,0,0,312918
Categoria_58,Turno_A,3,10,4,21,0,21,21,0,0,274712
Categoria_54,Turno_A,3,12,4,17,0,17,1,0,0,130151
Categoria_54,Turno_A,3,11,3,19,0,19,3,0,0,130151
Categoria_54,Turno_A,2,9,1,14,0,14,13,0,0,130151
Categoria_54,Turno_B,3,11,3,21,11,10,4,0,0,130151
Categoria_41,Turno_A,3,11,4,51,0,51,14,0,0,465808
Categoria_68,Turno_B,3,13,5,53,0,53,0,0,0,995067
Categoria_52,Turno_A,3,12,3,189,12,177,3,0,0,143767
Categoria_14,Turno_A,3,11,4,28,0,28,28,0,0,658663
Categoria_67,Turno_B,3,11,2,30,0,30,2,0,0,713550
Categoria_49,Turno_A,3,11,1,81,0,81,15,0,0,58984
Categoria_67,Turno_A,2,9,5,28,28,0,0,0,0,713550
Categoria_66,Turno_A,3,10,4,33,0,33,3,0,0,146330
Categoria_26,Turno_B,3,13,5,132,0,132,14,0,0,490754
Categoria_48,Turno_B,3,13,2,58,0,58,45,0,0,311648
Categoria_68,Turno_B,3,12,3,72,0,72,0,0,0,995067
Categoria_44,Turno_A,3,12,4,35,0,35,6,0,0,698519
Categoria_24,Turno_A,3,12,4,33,0,33,5,0,0,23986
Categoria_24,Turno_B,3,12,1,10,0,10,2,0,0,23986
Categoria_24,Turno_A,2,9,4,21,0,21,8,0,0,23986
Categoria_59,Turno_B,3,10,2,20,0,20,7,0,0,596146
Categoria_35,Turno_B,3,11,2,173,2,171,0,0,0,139312
Categoria_09,Turno_B,2,9,3,95,0,95,56,0,0,22666
Categoria_08,Turno_A,3,13,1,66,0,66,17,0,0,310804
Categoria_08,Turno_A,3,14,1,66,0,66,14,0,0,310804
Categoria_68,Turno_B,3,10,2,64,44,20,0,0,0,995067
Categoria_26,Turno_A,2,9,3,186,41,145,88,0,0,490754
Categoria_68,Turno_A,3,10,2,55,0,55,12,0,0,995067
Categoria_26,Turno_B,3,11,1,142,11,131,32,0,0,490754
Categoria_61,Turno_B,3,14,2,118,0,118,0,0,0,144633
Categoria_04,Turno_A,3,13,1,11,0,11,0,0,0,298998
Categoria_26,Turno_B,3,12,3,197,10,187,22,0,0,490754
Categoria_26,Turno_A,3,12,3,170,7,163,27,0,0,490754
Categoria_68,Turno_A,3,13,6,67,0,67,0,0,0,995067
Categoria_09,Turno_A,3,12,3,120,0,120,10,0,0,22666
Categoria_26,Turno_A,3,13,5,166,0,166,9,0,0,490754
Categoria_68,Turno_A,3,11,1,53,0,53,1,0,0,995067
Categoria_53,Turno_A,3,10,2,30,0,30,30,0,0,860937
Categoria_38,Turno_A,3,10,5,6,0,6,6,0,0,638776
Categoria_06,Turno_B,3,11,4,35,0,35,28,0,0,717611
Categoria_37,Turno_B,3,10,3,18,0,18,18,0,0,294806
Categoria_52,Turno_B,3,12,3,39,0,39,2,0,0,143767
Categoria_48,Turno_A,3,10,5,51,0,51,51,0,0,311648
Categoria_26,Turno_A,3,10,2,195,25,170,65,0,0,490754
Categoria_20,Turno_B,3,10,4,26,0,26,26,0,0,804824
Categoria_60,Turno_A,3,11,6,20,20,0,0,0,0,40535
Categoria_19,Turno_A,3,12,6,4,0,4,0,0,0,385713
Categoria_35,Turno_A,2,9,6,136,50,86,13,0,0,139312
Categoria_35,Turno_A,3,13,1,206,2,204,1,0,0,139312
Categoria_35,Turno_A,3,10,3,236,0,236,0,0,0,139312
Categoria_35,Turno_B,3,14,1,193,32,161,0,0,0,139312
Categoria_59,Turno_A,2,9,3,26,0,26,6,0,0,596146
Categoria_49,Turno_B,2,9,3,61,0,61,61,0,0,58984
Categoria_26,Turno_B,2,9,3,187,22,165,82,0,0,490754
Categoria_52,Turno_A,2,9,3,189,16,173,31,0,0,143767
Categoria_41,Turno_A,3,13,6,46,0,46,4,0,0,465808
Categoria_52,Turno_A,3,11,4,139,0,139,7,0,0,143767
Categoria_08,Turno_A,3,10,3,40,0,40,40,0,0,310804
Categoria_61,Turno_B,3,12,1,66,0,66,0,0,0,144633
Categoria_09,Turno_A,3,11,1,44,0,44,20,0,0,22666
Categoria_12,Turno_A,3,12,1,84,0,84,0,0,0,848688
Categoria_69,Turno_B,3,10,4,24,0,24,9,0,0,361279
Categoria_49,Turno_A,3,10,2,65,0,65,31,0,0,58984
Categoria_11,Turno_B,3,13,4,34,0,34,10,0,0,923910
Categoria_68,Turno_B,3,11,1,79,0,79,7,0,0,995067
Categoria_47,Turno_A,3,10,1,23,1,22,19,0,0,831654
Categoria_62,Turno_A,3,11,4,46,0,46,0,0,0,611661
Categoria_66,Turno_A,3,11,6,16,0,16,0,0,0,146330
Categoria_09,Turno_B,3,12,3,95,0,95,20,0,0,22666
Categoria_64,Turno_A,3,10,5,44,0,44,8,0,0,386896
Categoria_68,Turno_A,2,9,3,76,37,39,22,0,0,995067
Categoria_49,Turno_A,3,11,4,81,0,81,11,0,0,58984
Categoria_61,Turno_B,3,13,2,118,0,118,2,0,0,144633
Categoria_68,Turno_B,3,11,4,58,0,58,1,0,0,995067
Categoria_48,Turno_A,2,9,4,65,0,65,65,0,0,311648
Categoria_64,Turno_B,3,13,2,34,0,34,0,0,0,386896
Categoria_26,Turno_C,3,10,1,7,0,7,0,0,0,490754
Categoria_44,Turno_B,3,11,3,27,12,15,5,0,0,698519
Categoria_51,Turno_B,3,10,2,40,0,40,40,0,0,657972
Categoria_35,Turno_A,3,12,5,205,2,203,1,0,0,139312
Categoria_24,Turno_B,3,13,2,10,0,10,1,0,0,23986
Categoria_44,Turno_A,3,10,6,44,15,29,28,0,0,698519
Categoria_48,Turno_A,3,12,1,20,0,20,20,0,0,311648
Categoria_59,Turno_B,3,13,5,26,0,26,1,0,0,596146
Categoria_35,Turno_A,2,9,5,233,46,187,14,0,0,139312
Categoria_35,Turno_A,3,14,1,190,2,188,0,0,0,139312
Categoria_35,Turno_B,3,13,4,115,12,103,0,0,0,139312
Categoria_09,Turno_A,2,9,3,120,27,93,42,0,0,22666
Categoria_25,Turno_B,3,11,1,34,0,34,34,0,0,988732
Categoria_52,Turno_A,3,13,6,60,0,60,0,0,0,143767
Categoria_36,Turno_A,3,11,5,50,0,50,0,0,0,499570
Categoria_09,Turno_B,3,13,5,56,0,56,4,0,0,22666
Categoria_21,Turno_A,3,14,2,15,0,15,15,0,0,466551
Categoria_33,Turno_A,3,12,3,9,0,9,0,0,0,298998
Categoria_68,Turno_A,3,11,4,54,0,54,0,0,0,995067
Categoria_68,Turno_A,3,12,3,54,0,54,0,0,0,995067
Categoria_12,Turno_B,3,14,2,36,0,36,0,0,0,848688
Categoria_18,Turno_A,3,12,4,8,0,8,0,0,0,298998
Categoria_41,Turno_C,3,10,1,5,0,5,5,0,0,465808
Categoria_56,Turno_B,3,11,1,9,0,9,9,0,0,283109
Categoria_41,Turno_A,3,10,2,45,0,45,41,0,0,465808
Categoria_54,Turno_A,3,10,5,8,0,8,0,0,0,130151
Categoria_41,Turno_A,2,9,3,73,20,53,52,0,0,465808
Categoria_14,Turno_C,3,10,1,8,0,8,8,0,0,658663
Categoria_36,Turno_B,3,10,4,18,0,18,1,0,0,499570
Categoria_08,Turno_B,3,14,1,27,0,27,1,0,0,310804
Categoria_12,Turno_B,3,12,4,43,0,43,0,0,0,848688
Categoria_60,Turno_A,3,11,5,65,0,65,0,0,0,40535
Categoria_52,Turno_A,3,11,1,185,0,185,7,0,0,143767
Categoria_63,Turno_B,3,13,4,43,0,43,1,0,0,34538
Categoria_64,Turno_A,3,12,4,58,0,58,0,0,0,386896
Categoria_51,Turno_B,3,11,4,50,0,50,4,0,0,657972
Categoria_34,Turno_B,3,13,5,41,0,41,0,0,0,904498
Categoria_45,Turno_B,3,13,3,30,0,30,0,0,0,211664
Categoria_45,Turno_A,3,10,1,12,0,12,11,0,0,211664
Categoria_44,Turno_A,3,11,3,62,15,47,15,0,0,698519
Categoria_20,Turno_A,3,11,6,20,20,0,0,0,0,804824
Categoria_24,Turno_B,2,9,1,10,10,0,0,0,0,23986
Categoria_33,Turno_A,3,10,2,1,0,1,0,0,0,298998
Categoria_41,Turno_B,3,13,5,48,0,48,0,0,0,465808
Categoria_25,Turno_B,3,10,2,58,15,43,43,0,0,988732
Categoria_65,Turno_A,3,11,4,85,0,85,1,0,0,501234
Categoria_36,Turno_A,3,10,1,31,14,17,2,0,0,499570
Categoria_09,Turno_A,3,11,4,71,0,71,28,0,0,22666
Categoria_41,Turno_B,3,12,3,49,0,49,4,0,0,465808
Categoria_25,Turno_B,3,13,5,12,0,12,12,0,0,988732
Categoria_04,Turno_A,3,14,1,11,0,11,0,0,0,298998
Categoria_10,Turno_A,3,11,4,6,0,6,1,0,0,909684
Categoria_26,Turno_A,3,11,1,258,75,183,30,0,0,490754
Categoria_11,Turno_A,3,13,4,6,0,6,4,0,0,923910
Categoria_44,Turno_A,3,13,2,35,0,35,2,0,0,698519
Categoria_52,Turno_B,3,11,4,103,0,103,5,0,0,143767
Categoria_09,Turno_B,3,10,2,92,17,75,29,0,0,22666
Categoria_35,Turno_A,3,13,4,211,2,209,0,0,0,139312
Categoria_35,Turno_A,3,11,2,246,2,244,3,0,0,139312
Categoria_40,Turno_B,3,14,1,17,0,17,0,0,0,149182
Categoria_64,Turno_A,3,14,2,93,11,82,0,0,0,386896
Categoria_12,Turno_B,3,11,3,37,0,37,7,0,0,848688
Categoria_40,Turno_A,3,10,3,12,0,12,0,0,0,149182
Categoria_51,Turno_C,3,10,1,4,0,4,4,0,0,657972
Categoria_66,Turno_A,3,11,5,80,0,80,5,0,0,146330
Categoria_45,Turno_B,3,10,1,13,0,13,7,0,0,211664
Categoria_45,Turno_B,3,10,4,8,0,8,5,0,0,211664
Categoria_44,Turno_B,2,9,1,25,0,25,23,0,0,698519
Categoria_26,Turno_B,3,11,4,116,0,116,40,0,0,490754
Categoria_59,Turno_B,3,11,1,26,0,26,8,0,0,596146
Categoria_35,Turno_B,3,13,1,217,32,185,0,0,0,139312
Categoria_48,Turno_A,3,14,2,49,0,49,39,0,0,311648
Categoria_52,Turno_B,3,10,2,82,12,70,20,0,0,143767
Categoria_Desconocida,Turno_B,3,10,3,21,0,21,6,0,0,298998
Categoria_15,Turno_B,2,9,4,10,10,0,0,0,0,482525
Categoria_05,Turno_A,3,10,1,25,0,25,25,0,0,168338
Categoria_08,Turno_A,3,11,2,58,18,40,16,0,0,310804
Categoria_09,Turno_B,3,11,1,115,12,103,31,0,0,22666
Categoria_25,Turno_B,3,11,4,21,0,21,21,0,0,988732
Categoria_61,Turno_A,3,14,2,17,0,17,0,0,0,144633
Categoria_08,Turno_B,3,10,3,20,0,20,20,0,0,310804
Categoria_61,Turno_B,2,9,4,106,40,66,17,0,0,144633
Categoria_24,Turno_A,3,10,6,11,0,11,5,0,0,23986
Categoria_40,Turno_A,3,13,4,39,0,39,0,0,0,149182
Categoria_41,Turno_A,3,13,5,58,0,58,1,0,0,465808
Categoria_65,Turno_B,3,11,4,41,0,41,3,0,0,501234
Categoria_09,Turno_B,3,11,4,101,0,101,42,0,0,22666
Categoria_52,Turno_A,3,10,2,154,3,151,16,0,0,143767
Categoria_06,Turno_B,3,10,2,14,0,14,14,0,0,717611
Categoria_65,Turno_B,3,11,1,35,0,35,8,0,0,501234
Categoria_51,Turno_B,3,11,1,36,0,36,10,0,0,657972
Categoria_34,Turno_B,2,9,3,36,24,12,1,0,0,904498
Categoria_62,Turno_A,2,9,3,27,12,15,15,0,0,611661
Categoria_24,Turno_B,3,14,2,10,0,10,0,0,0,23986
Categoria_24,Turno_A,3,14,2,12,0,12,0,0,0,23986
Categoria_65,Turno_B,2,9,3,68,20,48,16,0,0,501234
Categoria_60,Turno_B,2,9,2,16,0,16,7,0,0,40535
Categoria_41,Turno_B,3,10,2,43,0,43,37,0,0,465808
Categoria_36,Turno_B,3,10,1,30,12,18,1,0,0,499570
Categoria_27,Turno_B,3,10,3,6,0,6,0,0,0,194064
Categoria_64,Turno_B,2,9,4,18,0,18,5,0,0,386896
Categoria_66,Turno_A,3,10,1,38,0,38,20,0,0,146330
Categoria_49,Turno_B,3,12,3,61,0,61,4,0,0,58984
Categoria_09,Turno_A,3,13,5,102,0,102,13,0,0,22666
Categoria_41,Turno_A,3,12,3,73,0,73,3,0,0,465808
Categoria_12,Turno_A,2,9,1,84,45,39,30,0,0,848688
Categoria_47,Turno_A,3,13,3,25,0,25,0,0,0,831654
Categoria_51,Turno_A,3,11,1,18,0,18,7,0,0,657972
Categoria_52,Turno_B,2,9,3,39,0,39,7,0,0,143767
Categoria_53,Turno_A,3,13,5,35,0,35,7,0,0,860937
Categoria_04,Turno_A,3,13,4,2,0,2,0,0,0,298998
Categoria_03,Turno_B,3,10,1,6,0,6,0,0,0,298998
Categoria_34,Turno_A,3,10,2,67,0,67,0,0,0,904498
Categoria_24,Turno_A,3,12,1,27,0,27,3,0,0,23986
Categoria_35,Turno_B,3,10,3,156,10,146,1,0,0,139312
Categoria_Desconocida,Turno_A,2,9,6,15,0,15,0,0,0,298998
Categoria_49,Turno_A,2,9,3,44,8,36,36,0,0,58984
Categoria_36,Turno_A,3,10,4,31,17,14,2,0,0,499570
Categoria_Desconocida,Turno_A,2,9,5,23,0,23,23,0,0,298998
Categoria_Desconocida,Turno_A,3,12,5,23,0,23,0,0,0,298998
Categoria_26,Turno_A,3,13,6,132,21,111,43,0,0,490754
Categoria_32,Turno_A,2,9,4,6,0,6,3,0,0,224020
Categoria_64,Turno_A,3,12,1,16,0,16,0,0,0,386896
Categoria_44,Turno_A,3,14,2,35,0,35,0,0,0,698519
Categoria_49,Turno_B,3,10,2,52,0,52,38,0,0,58984
Categoria_28,Turno_B,3,10,4,15,0,15,15,0,0,633094
Categoria_54,Turno_B,2,9,4,10,0,10,7,0,0,130151
Categoria_67,Turno_A,3,14,1,73,0,73,0,0,0,713550
Categoria_26,Turno_B,3,10,2,153,26,127,76,0,0,490754
Categoria_58,Turno_A,2,9,2,31,0,31,31,0,0,274712
Categoria_54,Turno_B,3,10,5,8,0,8,6,0,0,130151
Categoria_42,Turno_B,3,11,1,27,0,27,27,0,0,934414
Categoria_14,Turno_A,3,11,1,34,0,34,34,0,0,658663
Categoria_09,Turno_A,3,10,2,82,33,49,32,0,0,22666
Categoria_12,Turno_B,2,9,1,68,40,28,13,0,0,848688
Categoria_68,Turno_B,2,9,3,72,0,72,24,0,0,995067
Categoria_63,Turno_A,3,14,1,71,0,71,0,0,0,34538
Categoria_12,Turno_A,3,10,5,78,19,59,13,0,0,848688
Categoria_61,Turno_A,3,10,5,22,22,0,0,0,0,144633
Categoria_20,Turno_A,3,12,2,20,0,20,20,0,0,804824
Categoria_20,Turno_B,3,11,5,38,38,0,0,0,0,804824
Categoria_59,Turno_A,3,10,2,23,0,23,4,0,0,596146
Categoria_24,Turno_A,3,10,5,12,0,12,4,0,0,23986
Categoria_24,Turno_B,2,9,4,10,0,10,7,0,0,23986
Categoria_48,Turno_B,3,14,2,58,0,58,28,0,0,311648
Categoria_59,Turno_B,3,12,3,20,0,20,2,0,0,596146
Categoria_69,Turno_A,3,13,3,17,0,17,0,0,0,361279
Categoria_34,Turno_A,3,12,3,42,0,42,0,0,0,904498
Categoria_14,Turno_B,3,12,3,15,0,15,15,0,0,658663
Categoria_12,Turno_A,2,9,4,76,62,14,2,0,0,848688
Categoria_58,Turno_A,3,13,3,31,0,31,14,0,0,274712
Categoria_41,Turno_A,3,11,1,48,0,48,10,0,0,465808
Categoria_41,Turno_B,3,11,4,41,0,41,14,0,0,465808
Categoria_53,Turno_B,3,12,3,18,0,18,5,0,0,860937
Categoria_67,Turno_A,3,12,6,32,0,32,0,0,0,713550
Categoria_12,Turno_B,3,13,2,36,0,36,2,0,0,848688
Categoria_53,Turno_A,3,11,4,27,0,27,21,0,0,860937
Categoria_68,Turno_A,3,13,5,108,0,108,0,0,0,995067
Categoria_22,Turno_B,2,9,3,8,8,0,0,0,0,907421
Categoria_40,Turno_A,3,14,1,26,0,26,0,0,0,149182
Categoria_33,Turno_B,3,12,3,2,0,2,0,0,0,298998
Categoria_51,Turno_B,3,12,3,41,21,20,1,0,0,657972
Categoria_51,Turno_B,2,9,3,41,0,41,41,0,0,657972
Categoria_24,Turno_B,3,11,3,25,0,25,13,0,0,23986
Categoria_24,Turno_B,3,10,5,10,0,10,3,0,0,23986
Categoria_35,Turno_A,3,12,6,158,0,158,0,0,0,139312
Categoria_Desconocida,Turno_B,2,9,5,6,0,6,0,0,0,298998
Categoria_08,Turno_A,3,13,4,71,0,71,34,0,0,310804
Categoria_21,Turno_A,3,13,2,15,0,15,15,0,0,466551
Categoria_21,Turno_B,3,13,2,6,0,6,6,0,0,466551
Categoria_21,Turno_A,3,10,5,12,0,12,12,0,0,466551
Categoria_12,Turno_B,3,10,5,59,8,51,5,0,0,848688
Categoria_12,Turno_A,3,12,4,76,0,76,4,0,0,848688
Categoria_28,Turno_A,3,13,3,18,0,18,0,0,0,633094
Categoria_65,Turno_A,3,12,3,39,0,39,0,0,0,501234
Categoria_54,Turno_A,3,12,1,14,0,14,1,0,0,130151
Categoria_60,Turno_A,3,10,1,76,16,60,29,0,0,40535
Categoria_46,Turno_A,2,9,2,15,15,0,0,0,0,625270
Categoria_12,Turno_A,3,11,3,94,0,94,4,0,0,848688
Categoria_53,Turno_A,3,11,1,28,0,28,16,0,0,860937
Categoria_44,Turno_A,3,10,5,49,0,49,31,0,0,698519
Categoria_45,Turno_B,3,12,2,11,0,11,1,0,0,211664
Categoria_44,Turno_A,2,9,4,35,0,35,32,0,0,698519
Categoria_12,Turno_A,3,14,2,106,0,106,1,0,0,848688
Categoria_12,Turno_A,3,13,2,106,0,106,0,0,0,848688
Categoria_23,Turno_A,2,9,2,32,32,0,0,0,0,298998
Categoria_63,Turno_A,3,10,3,78,6,72,32,0,0,34538
Categoria_41,Turno_B,3,11,1,62,0,62,4,0,0,465808
Categoria_48,Turno_A,3,11,3,33,0,33,33,0,0,311648
Categoria_48,Turno_A,2,9,1,20,0,20,20,0,0,311648
Categoria_62,Turno_B,2,9,3,34,14,20,12,0,0,611661
Categoria_05,Turno_A,3,13,3,16,0,16,2,0,0,168338
Categoria_26,Turno_A,3,11,4,151,16,135,5,0,0,490754
Categoria_37,Turno_A,3,14,1,12,0,12,2,0,0,294806
Categoria_28,Turno_B,3,13,3,15,0,15,1,0,0,633094
Categoria_61,Turno_B,3,12,4,92,20,72,1,0,0,144633
Categoria_38,Turno_A,2,9,1,6,6,0,0,0,0,638776
Categoria_38,Turno_A,2,9,4,6,6,0,0,0,0,638776
Categoria_36,Turno_A,3,12,2,27,0,27,0,0,0,499570
Categoria_34,Turno_B,3,10,2,36,0,36,4,0,0,904498
Categoria_48,Turno_B,3,12,4,49,0,49,49,0,0,311648
Categoria_44,Turno_B,3,13,2,23,0,23,4,0,0,698519
Categoria_53,Turno_B,2,9,3,19,0,19,19,0,0,860937
Categoria_24,Turno_B,3,12,4,10,0,10,1,0,0,23986
Categoria_21,Turno_A,3,12,4,15,0,15,15,0,0,466551
Categoria_02,Turno_A,3,11,5,15,0,15,14,0,0,655914
Categoria_69,Turno_B,2,9,2,24,0,24,20,0,0,361279
Categoria_25,Turno_B,2,9,3,19,13,6,6,0,0,988732
Categoria_60,Turno_A,2,9,2,46,31,15,10,0,0,40535
Categoria_49,Turno_A,3,13,6,16,0,16,14,0,0,58984
Categoria_63,Turno_A,3,11,2,24,0,24,2,0,0,34538
Categoria_43,Turno_A,3,10,2,6,0,6,6,0,0,129176
Categoria_43,Turno_A,3,13,5,6,0,6,0,0,0,129176
Categoria_43,Turno_B,3,11,1,8,0,8,4,0,0,129176
Categoria_46,Turno_A,3,13,3,15,0,15,1,0,0,625270
Categoria_49,Turno_B,3,11,4,33,0,33,9,0,0,58984
Categoria_48,Turno_B,3,10,5,12,0,12,12,0,0,311648
Categoria_20,Turno_A,2,9,2,44,0,44,44,0,0,804824
Categoria_20,Turno_B,3,10,1,32,14,18,18,0,0,804824
Categoria_62,Turno_B,3,13,5,14,0,14,0,0,0,611661
Categoria_59,Turno_A,3,11,1,14,0,14,1,0,0,596146
Categoria_59,Turno_A,3,12,3,26,0,26,3,0,0,596146
Categoria_23,Turno_A,3,10,1,32,32,0,0,0,0,298998
Categoria_23,Turno_A,3,13,3,8,0,8,0,0,0,298998
Categoria_24,Turno_A,3,13,2,12,0,12,1,0,0,23986
Categoria_07,Turno_B,2,9,1,13,9,4,4,0,0,927710
Categoria_52,Turno_B,3,11,1,38,0,38,0,0,0,143767
Categoria_35,Turno_B,3,12,5,116,2,114,0,0,0,139312
Categoria_14,Turno_B,3,10,2,38,0,38,38,0,0,658663
Categoria_08,Turno_A,3,12,5,13,0,13,6,0,0,310804
Categoria_56,Turno_B,3,12,3,8,0,8,4,0,0,283109
Categoria_14,Turno_B,3,11,1,4,0,4,0,0,0,658663
Categoria_58,Turno_A,3,10,1,17,0,17,17,0,0,274712
Categoria_14,Turno_A,3,13,5,26,26,0,0,0,0,658663
Categoria_44,Turno_B,2,9,4,40,12,28,28,0,0,698519
Categoria_66,Turno_A,3,13,3,39,0,39,0,0,0,146330
Categoria_54,Turno_B,3,13,2,10,0,10,5,0,0,130151
Categoria_44,Turno_B,3,14,2,23,0,23,1,0,0,698519
Categoria_44,Turno_A,2,9,1,36,0,36,36,0,0,698519
Categoria_40,Turno_A,3,13,1,26,0,26,1,0,0,149182
Categoria_62,Turno_A,3,12,3,28,15,13,0,0,0,611661
Categoria_51,Turno_B,3,13,5,46,0,46,0,0,0,657972
Categoria_63,Turno_A,3,13,4,15,0,15,0,0,0,34538
Categoria_59,Turno_B,3,11,4,20,0,20,7,0,0,596146
Categoria_65,Turno_A,3,13,6,21,0,21,0,0,0,501234
Categoria_48,Turno_A,3,13,2,49,0,49,38,0,0,311648
Categoria_07,Turno_A,3,10,5,5,0,5,1,0,0,927710
Categoria_21,Turno_A,3,11,3,12,0,12,12,0,0,466551
Categoria_04,Turno_B,3,14,1,4,0,4,0,0,0,298998
Categoria_49,Turno_A,3,12,3,44,0,44,1,0,0,58984
Categoria_08,Turno_B,2,9,5,2,2,0,0,0,0,310804
Categoria_61,Turno_A,2,9,1,22,22,0,0,0,0,144633
Categoria_20,Turno_A,3,10,4,42,0,42,42,0,0,804824
Categoria_59,Turno_A,3,13,5,14,0,14,1,0,0,596146
Categoria_23,Turno_A,3,12,2,32,0,32,0,0,0,298998
Categoria_53,Turno_A,2,9,3,17,6,11,11,0,0,860937
Categoria_48,Turno_B,2,9,4,49,0,49,49,0,0,311648
Categoria_60,Turno_B,3,10,1,40,0,40,2,0,0,40535
Categoria_65,Turno_A,3,10,2,99,21,78,9,0,0,501234
Categoria_60,Turno_A,3,12,2,46,0,46,1,0,0,40535
Categoria_37,Turno_B,3,13,4,19,0,19,1,0,0,294806
Categoria_34,Turno_A,2,9,3,42,0,42,3,0,0,904498
Categoria_14,Turno_B,2,9,3,15,0,15,15,0,0,658663
Categoria_37,Turno_A,3,10,3,12,0,12,12,0,0,294806
Categoria_08,Turno_B,3,11,2,22,0,22,11,0,0,310804
Categoria_28,Turno_A,3,11,5,18,0,18,2,0,0,633094
Categoria_56,Turno_A,3,10,2,12,0,12,12,0,0,283109
Categoria_60,Turno_B,3,13,3,20,0,20,0,0,0,40535
Categoria_49,Turno_B,3,13,5,34,0,34,4,0,0,58984
Categoria_52,Turno_A,3,13,5,151,0,151,1,0,0,143767
Categoria_05,Turno_B,3,10,4,16,0,16,15,0,0,168338
Categoria_34,Turno_A,3,11,4,54,0,54,0,0,0,904498
Categoria_61,Turno_B,2,9,1,72,33,39,39,0,0,144633
Categoria_49,Turno_B,3,11,1,31,0,31,13,0,0,58984
Categoria_38,Turno_A,3,11,3,3,0,3,3,0,0,638776
Categoria_67,Turno_A,2,9,6,52,0,52,26,0,0,713550
Categoria_37,Turno_B,3,11,2,24,0,24,24,0,0,294806
Categoria_61,Turno_B,3,11,3,67,0,67,5,0,0,144633
Categoria_22,Turno_B,3,11,1,10,0,10,10,0,0,907421
Categoria_62,Turno_A,3,13,5,37,0,37,1,0,0,611661
Categoria_59,Turno_A,3,11,4,11,0,11,2,0,0,596146
Categoria_Desconocida,Turno_A,3,11,2,47,0,47,1,0,0,298998
Categoria_10,Turno_A,3,10,2,8,0,8,7,0,0,909684
Categoria_05,Turno_A,3,12,2,9,0,9,0,0,0,168338
Categoria_11,Turno_B,2,9,5,14,0,14,14,0,0,923910
Categoria_04,Turno_A,2,9,5,9,0,9,0,0,0,298998
Categoria_32,Turno_B,3,11,3,5,0,5,2,0,0,224020
Categoria_28,Turno_B,3,10,1,15,0,15,15,0,0,633094
Categoria_30,Turno_B,3,12,4,6,0,6,0,0,0,298998
Categoria_50,Turno_A,2,9,1,16,0,16,16,0,0,228126
Categoria_56,Turno_A,3,11,1,9,0,9,9,0,0,283109
Categoria_54,Turno_B,3,12,1,19,0,19,1,0,0,130151
Categoria_38,Turno_A,3,12,1,6,0,6,1,0,0,638776
Categoria_62,Turno_B,3,10,2,21,0,21,1,0,0,611661
Categoria_10,Turno_B,3,11,4,6,0,6,0,0,0,909684
Categoria_68,Turno_C,3,10,4,8,0,8,0,0,0,995067
Categoria_51,Turno_A,3,13,6,16,0,16,1,0,0,657972
Categoria_59,Turno_B,2,9,3,20,0,20,8,0,0,596146
Categoria_65,Turno_A,3,11,1,113,0,113,1,0,0,501234
Categoria_11,Turno_B,3,13,1,14,0,14,0,0,0,923910
Categoria_52,Turno_B,3,13,5,41,0,41,0,0,0,143767
Categoria_69,Turno_B,3,12,2,24,15,9,1,0,0,361279
Categoria_04,Turno_A,3,12,5,9,0,9,0,0,0,298998
Categoria_58,Turno_A,3,12,2,31,15,16,7,0,0,274712
Categoria_47,Turno_A,3,12,2,25,0,25,1,0,0,831654
Categoria_20,Turno_A,3,10,1,38,0,38,38,0,0,804824
Categoria_40,Turno_A,3,12,5,27,0,27,0,0,0,149182
Categoria_05,Turno_B,2,9,2,3,3,0,0,0,0,168338
Categoria_07,Turno_A,3,14,2,10,0,10,0,0,0,927710
Categoria_50,Turno_B,2,9,1,6,0,6,1,0,0,228126
Categoria_04,Turno_B,3,13,1,4,0,4,0,0,0,298998
Categoria_08,Turno_B,3,13,4,31,0,31,9,0,0,310804
Categoria_41,Turno_B,2,9,3,49,17,32,32,0,0,465808
Categoria_12,Turno_B,2,9,4,43,0,43,15,0,0,848688
Categoria_35,Turno_B,2,9,5,110,24,86,7,0,0,139312
Categoria_15,Turno_B,3,11,3,18,0,18,1,0,0,482525
Categoria_60,Turno_B,3,10,4,32,0,32,0,0,0,40535
Categoria_29,Turno_B,3,11,3,6,0,6,5,0,0,228969
Categoria_50,Turno_B,3,12,1,6,0,6,0,0,0,228126
Categoria_04,Turno_B,3,13,4,4,0,4,0,0,0,298998
Categoria_67,Turno_A,3,13,4,28,0,28,0,0,0,713550
Categoria_38,Turno_A,3,12,4,6,0,6,1,0,0,638776
Categoria_34,Turno_B,3,11,4,24,0,24,0,0,0,904498
Categoria_64,Turno_A,2,9,4,58,46,12,9,0,0,386896
Categoria_64,Turno_B,3,10,5,16,0,16,1,0,0,386896
Categoria_04,Turno_C,3,12,3,2,0,2,0,0,0,298998
Categoria_08,Turno_A,2,9,5,13,5,8,8,0,0,310804
Categoria_33,Turno_A,3,13,6,8,0,8,0,0,0,298998
Categoria_43,Turno_A,3,13,6,9,0,9,0,0,0,129176
Categoria_33,Turno_C,3,10,1,1,0,1,0,0,0,298998
Categoria_48,Turno_A,3,12,4,54,0,54,50,0,0,311648
Categoria_42,Turno_B,3,13,5,6,6,0,0,0,0,934414
Categoria_17,Turno_B,2,9,2,3,0,3,2,0,0,312918
Categoria_17,Turno_C,2,9,4,8,8,0,0,0,0,312918
Categoria_36,Turno_B,3,11,5,26,0,26,0,0,0,499570
Categoria_62,Turno_A,3,11,1,18,0,18,0,0,0,611661
Categoria_63,Turno_A,3,13,1,71,0,71,2,0,0,34538
Categoria_66,Turno_A,2,9,2,21,0,21,21,0,0,146330
Categoria_44,Turno_B,3,12,4,40,0,40,10,0,0,698519
Categoria_45,Turno_B,2,9,2,11,11,0,0,0,0,211664
Categoria_03,Turno_B,3,10,4,5,0,5,0,0,0,298998
Categoria_10,Turno_B,3,10,2,4,0,4,4,0,0,909684
Categoria_54,Turno_A,2,9,4,17,0,17,14,0,0,130151
Categoria_53,Turno_A,3,12,3,17,0,17,7,0,0,860937
Categoria_40,Turno_A,3,11,2,19,0,19,0,0,0,149182
Categoria_66,Turno_B,3,10,1,12,12,0,0,0,0,146330
Categoria_04,Turno_C,2,9,3,2,0,2,0,0,0,298998
Categoria_66,Turno_A,3,12,2,21,0,21,0,0,0,146330
Categoria_56,Turno_A,3,13,6,19,0,19,6,0,0,283109
Categoria_22,Turno_B,3,12,3,8,0,8,8,0,0,907421
Categoria_44,Turno_A,3,12,1,36,0,36,4,0,0,698519
Categoria_24,Turno_A,3,11,3,12,0,12,1,0,0,23986
Categoria_24,Turno_A,2,9,1,12,12,0,0,0,0,23986
Categoria_62,Turno_B,3,12,3,34,0,34,0,0,0,611661
Categoria_62,Turno_B,3,11,4,32,0,32,1,0,0,611661
Categoria_05,Turno_A,3,11,5,16,0,16,2,0,0,168338
Categoria_31,Turno_B,2,9,2,5,0,5,5,0,0,132409
Categoria_25,Turno_A,3,10,2,14,0,14,14,0,0,988732
Categoria_18,Turno_A,2,9,4,8,0,8,0,0,0,298998
Categoria_42,Turno_B,2,9,3,25,0,25,25,0,0,934414
Categoria_36,Turno_A,3,13,3,28,0,28,0,0,0,499570
Categoria_67,Turno_B,3,13,4,14,0,14,0,0,0,713550
Categoria_42,Turno_A,3,13,5,24,6,18,18,0,0,934414
Categoria_51,Turno_A,3,11,4,40,0,40,4,0,0,657972
Categoria_44,Turno_B,3,12,1,25,0,25,10,0,0,698519
Categoria_03,Turno_B,3,12,2,5,0,5,0,0,0,298998
Categoria_33,Turno_B,2,9,3,2,0,2,0,0,0,298998
Categoria_33,Turno_C,3,10,4,1,0,1,0,0,0,298998
Categoria_59,Turno_A,3,13,6,11,0,11,0,0,0,596146
Categoria_09,Turno_A,3,13,6,12,0,12,0,0,0,22666
Categoria_31,Turno_B,3,12,2,5,0,5,2,0,0,132409
Categoria_61,Turno_A,2,9,4,22,22,0,0,0,0,144633
Categoria_64,Turno_B,3,12,1,36,16,20,0,0,0,386896
Categoria_42,Turno_B,3,12,3,12,0,12,12,0,0,934414
Categoria_67,Turno_A,3,13,1,73,0,73,0,0,0,713550
Categoria_23,Turno_B,3,13,3,24,0,24,4,0,0,298998
Categoria_53,Turno_A,3,13,6,20,0,20,2,0,0,860937
Categoria_65,Turno_A,2,9,3,39,19,20,20,0,0,501234
Categoria_48,Turno_B,3,12,1,15,0,15,15,0,0,311648
Categoria_15,Turno_B,3,13,2,12,0,12,0,0,0,482525
Categoria_01,Turno_A,3,11,3,10,0,10,10,0,0,557707
Categoria_32,Turno_A,3,12,4,6,0,6,0,0,0,224020
Categoria_08,Turno_B,3,13,1,27,0,27,1,0,0,310804
Categoria_40,Turno_B,3,13,1,17,0,17,0,0,0,149182
Categoria_36,Turno_A,2,9,2,15,15,0,0,0,0,499570
Categoria_40,Turno_B,3,10,3,8,0,8,0,0,0,149182
Categoria_05,Turno_A,2,9,2,9,9,0,0,0,0,168338
Categoria_29,Turno_A,3,10,5,6,0,6,5,0,0,228969
Categoria_51,Turno_A,3,13,5,45,0,45,0,0,0,657972
Categoria_07,Turno_A,3,12,4,8,0,8,2,0,0,927710
Categoria_61,Turno_A,3,13,2,17,0,17,0,0,0,144633
Categoria_37,Turno_A,3,12,5,15,0,15,5,0,0,294806
Categoria_64,Turno_B,3,12,4,18,0,18,0,0,0,386896
Categoria_17,Turno_B,3,12,2,3,0,3,0,0,0,312918
Categoria_53,Turno_B,3,10,2,18,0,18,18,0,0,860937
Categoria_47,Turno_A,3,10,4,21,0,21,2,0,0,831654
Categoria_43,Turno_B,3,12,3,8,0,8,0,0,0,129176
Categoria_05,Turno_B,3,12,2,3,0,3,0,0,0,168338
Categoria_33,Turno_A,2,9,3,9,0,9,0,0,0,298998
Categoria_17,Turno_C,3,12,4,8,0,8,0,0,0,312918
Categoria_14,Turno_A,2,9,3,15,0,15,11,0,0,658663
Categoria_12,Turno_B,3,12,1,68,0,68,4,0,0,848688
Categoria_60,Turno_A,3,10,4,56,0,56,0,0,0,40535
Categoria_57,Turno_A,3,11,4,6,0,6,0,0,0,978140
Categoria_56,Turno_A,3,13,5,9,0,9,3,0,0,283109
Categoria_04,Turno_A,3,10,3,3,0,3,0,0,0,298998
Categoria_65,Turno_A,3,13,5,66,0,66,1,0,0,501234
Categoria_36,Turno_B,3,13,3,18,0,18,0,0,0,499570
Categoria_62,Turno_A,3,10,2,21,0,21,3,0,0,611661
Categoria_34,Turno_B,3,12,3,36,0,36,0,0,0,904498
Categoria_07,Turno_B,3,12,1,13,4,9,0,0,0,927710
Categoria_21,Turno_A,2,9,4,15,15,0,0,0,0,466551
Categoria_34,Turno_A,3,13,6,24,0,24,1,0,0,904498
Categoria_40,Turno_A,2,9,5,21,0,21,4,0,0,149182
Categoria_43,Turno_B,2,9,3,8,0,8,8,0,0,129176
Categoria_61,Turno_A,3,12,1,22,0,22,5,0,0,144633
Categoria_20,Turno_A,3,11,5,18,18,0,0,0,0,804824
Categoria_54,Turno_B,3,14,2,10,0,10,3,0,0,130151
Categoria_07,Turno_A,2,9,4,8,0,8,8,0,0,927710
Categoria_65,Turno_B,3,12,3,68,0,68,0,0,0,501234
Categoria_64,Turno_B,2,9,1,36,16,20,7,0,0,386896
Categoria_64,Turno_B,3,14,2,34,0,34,0,0,0,386896
Categoria_30,Turno_B,2,9,4,6,0,6,2,0,0,298998
Categoria_67,Turno_B,3,14,1,22,0,22,0,0,0,713550
Categoria_06,Turno_B,3,11,1,6,0,6,6,0,0,717611
Categoria_42,Turno_B,3,11,4,26,0,26,26,0,0,934414
Categoria_61,Turno_A,3,10,6,10,0,10,0,0,0,144633
Categoria_34,Turno_B,3,11,1,13,0,13,1,0,0,904498
Categoria_67,Turno_A,3,12,5,28,0,28,0,0,0,713550
Categoria_60,Turno_B,3,12,2,16,0,16,0,0,0,40535
Categoria_53,Turno_B,3,13,5,15,0,15,2,0,0,860937
Categoria_07,Turno_A,3,10,6,6,0,6,3,0,0,927710
Categoria_16,Turno_A,3,13,5,14,0,14,0,0,0,263618
Categoria_16,Turno_A,3,10,2,20,0,20,1,0,0,263618
Categoria_61,Turno_A,3,12,4,22,0,22,0,0,0,144633
Categoria_37,Turno_A,2,9,5,15,0,15,15,0,0,294806
Categoria_64,Turno_A,2,9,1,16,0,16,14,0,0,386896
Categoria_54,Turno_B,3,12,4,5,0,5,1,0,0,130151
Categoria_36,Turno_A,3,11,6,17,0,17,1,0,0,499570
Categoria_42,Turno_A,3,10,2,18,0,18,18,0,0,934414
Categoria_15,Turno_B,3,14,2,12,0,12,0,0,0,482525
Categoria_07,Turno_B,2,9,4,6,6,0,0,0,0,927710
Categoria_11,Turno_B,3,14,1,14,0,14,2,0,0,923910
Categoria_64,Turno_A,3,11,3,36,0,36,0,0,0,386896
Categoria_67,Turno_B,3,13,1,22,0,22,0,0,0,713550
Categoria_14,Turno_A,3,10,2,4,0,4,0,0,0,658663
Categoria_17,Turno_A,3,11,5,8,0,8,1,0,0,312918
Categoria_61,Turno_A,3,11,3,12,0,12,5,0,0,144633
Categoria_22,Turno_A,2,9,3,4,4,0,0,0,0,907421
Categoria_07,Turno_A,3,13,2,10,0,10,0,0,0,927710
Categoria_04,Turno_A,3,11,2,11,0,11,0,0,0,298998
Categoria_66,Turno_B,3,13,3,16,0,16,0,0,0,146330
Categoria_55,Turno_A,3,13,6,9,0,9,0,0,0,779598
Categoria_Desconocida,Turno_B,3,13,4,15,0,15,0,0,0,298998
Categoria_07,Turno_B,3,12,4,6,0,6,0,0,0,927710
Categoria_33,Turno_A,3,11,4,7,0,7,0,0,0,298998
Categoria_35,Turno_C,2,9,3,2,0,2,1,0,0,139312
Categoria_37,Turno_A,3,13,1,12,0,12,0,0,0,294806
Categoria_12,Turno_A,3,10,6,16,0,16,3,0,0,848688
Categoria_14,Turno_A,3,12,3,15,0,15,11,0,0,658663
Categoria_08,Turno_B,3,12,5,2,0,2,0,0,0,310804
Categoria_57,Turno_A,3,11,1,6,0,6,0,0,0,978140
Categoria_22,Turno_A,3,12,3,4,0,4,4,0,0,907421
Categoria_63,Turno_B,2,9,5,12,0,12,12,0,0,34538
Categoria_Desconocida,Turno_A,3,13,4,14,0,14,0,0,0,298998
Categoria_48,Turno_B,2,9,1,15,0,15,15,0,0,311648
Categoria_17,Turno_B,3,10,1,10,0,10,3,0,0,312918
Categoria_27,Turno_B,3,14,1,6,0,6,0,0,0,194064
Categoria_54,Turno_A,3,13,2,15,0,15,0,0,0,130151
Categoria_34,Turno_A,3,13,5,32,0,32,0,0,0,904498
Categoria_51,Turno_A,3,10,2,18,0,18,18,0,0,657972
Categoria_38,Turno_A,3,14,2,3,0,3,0,0,0,638776
Categoria_40,Turno_B,3,11,2,14,0,14,2,0,0,149182
Categoria_Desconocida,Turno_B,3,11,2,18,0,18,0,0,0,298998
Categoria_07,Turno_A,3,11,3,6,0,6,0,0,0,927710
Categoria_63,Turno_B,3,11,2,9,0,9,3,0,0,34538
Categoria_33,Turno_B,3,11,4,2,0,2,0,0,0,298998
Categoria_Desconocida,Turno_A,3,12,6,15,0,15,0,0,0,298998
Categoria_59,Turno_C,3,10,1,3,0,3,0,0,0,596146
Categoria_28,Turno_A,3,10,4,18,0,18,2,0,0,633094
Categoria_47,Turno_A,2,9,2,28,8,20,20,0,0,831654
Categoria_38,Turno_B,3,11,3,9,0,9,9,0,0,638776
Categoria_19,Turno_A,2,9,6,4,0,4,0,0,0,385713
Categoria_12,Turno_C,3,10,3,8,0,8,0,0,0,848688
Categoria_27,Turno_B,3,13,1,6,0,6,0,0,0,194064
Categoria_06,Turno_A,3,11,4,12,0,12,12,0,0,717611
Categoria_53,Turno_B,3,11,4,21,0,21,12,0,0,860937
Categoria_63,Turno_B,3,10,3,12,0,12,4,0,0,34538
Categoria_23,Turno_A,3,10,4,32,32,0,0,0,0,298998
Categoria_Desconocida,Turno_A,3,14,1,23,0,23,0,0,0,298998
Categoria_66,Turno_B,2,9,2,18,0,18,13,0,0,146330
Categoria_39,Turno_B,3,10,3,11,0,11,1,0,0,60015
Categoria_54,Turno_A,3,14,2,15,0,15,0,0,0,130151
Categoria_58,Turno_A,3,11,5,6,0,6,6,0,0,274712
Categoria_42,Turno_B,3,10,2,24,0,24,24,0,0,934414
Categoria_25,Turno_A,3,13,5,15,0,15,15,0,0,988732
Categoria_46,Turno_A,3,12,2,15,0,15,15,0,0,625270
Categoria_03,Turno_B,2,9,2,5,0,5,0,0,0,298998
Categoria_14,Turno_B,3,13,5,16,0,16,16,0,0,658663
Categoria_21,Turno_B,3,14,2,6,0,6,6,0,0,466551
Categoria_21,Turno_A,3,12,1,12,0,12,12,0,0,466551
Categoria_22,Turno_A,3,13,6,7,1,6,6,0,0,907421
Categoria_56,Turno_B,3,11,4,9,0,9,9,0,0,283109
Categoria_43,Turno_A,3,11,4,8,0,8,1,0,0,129176
Categoria_59,Turno_C,3,11,5,3,0,3,0,0,0,596146
Categoria_04,Turno_B,3,11,2,4,0,4,0,0,0,298998
Categoria_54,Turno_B,2,9,1,19,0,19,19,0,0,130151
Categoria_38,Turno_A,3,13,2,3,0,3,0,0,0,638776
Categoria_50,Turno_B,2,9,4,6,0,6,0,0,0,228126
Categoria_50,Turno_B,3,12,4,6,0,6,0,0,0,228126
Categoria_56,Turno_B,3,10,2,7,7,0,0,0,0,283109
Categoria_43,Turno_B,3,10,2,8,0,8,6,0,0,129176
Categoria_42,Turno_A,3,11,4,24,0,24,24,0,0,934414
Categoria_34,Turno_A,3,11,1,15,0,15,0,0,0,904498
Categoria_Desconocida,Turno_A,3,13,1,23,0,23,0,0,0,298998
Categoria_16,Turno_C,3,10,1,6,0,6,4,0,0,263618
Categoria_Desconocida,Turno_A,3,10,3,23,0,23,3,0,0,298998
Categoria_56,Turno_B,3,13,5,11,0,11,2,0,0,283109
Categoria_15,Turno_B,3,12,4,10,0,10,0,0,0,482525
Categoria_21,Turno_A,2,9,1,12,12,0,0,0,0,466551
Categoria_52,Turno_A,2,9,2,154,13,141,48,0,0,143767
Categoria_52,Turno_B,3,10,1,38,0,38,0,0,0,143767
Categoria_12,Turno_C,2,9,3,8,0,8,6,0,0,848688
Categoria_49,Turno_A,3,12,2,65,0,65,2,0,0,58984
Categoria_35,Turno_B,3,13,5,116,2,114,0,0,0,139312
Categoria_68,Turno_B,3,10,1,79,12,67,10,0,0,995067
Categoria_53,Turno_A,3,13,3,17,0,17,3,0,0,860937
Categoria_44,Turno_A,3,14,1,36,0,36,0,0,0,698519
Categoria_08,Turno_A,3,11,1,66,0,66,63,0,0,310804
Categoria_64,Turno_A,3,11,2,93,39,54,1,0,0,386896
Categoria_46,Turno_A,3,14,2,15,0,15,0,0,0,625270
Categoria_61,Turno_B,3,10,3,67,0,67,9,0,0,144633
Categoria_62,Turno_B,2,9,2,21,0,21,21,0,0,611661
Categoria_48,Turno_B,2,9,5,12,0,12,12,0,0,311648
Categoria_45,Turno_B,3,12,4,8,8,0,0,0,0,211664
Categoria_20,Turno_A,3,10,5,18,18,0,0,0,0,804824
Categoria_43,Turno_A,3,11,6,9,0,9,1,0,0,129176
Categoria_12,Turno_A,2,9,6,28,16,12,3,0,0,848688
Categoria_59,Turno_A,3,13,3,26,0,26,2,0,0,596146
Categoria_24,Turno_B,3,14,1,10,0,10,0,0,0,23986
Categoria_35,Turno_A,3,10,2,246,24,222,6,0,0,139312
Categoria_35,Turno_A,2,9,3,251,29,222,21,0,0,139312
Categoria_35,Turno_A,3,11,4,211,2,209,0,0,0,139312
Categoria_12,Turno_B,2,9,5,59,0,59,11,0,0,848688
Categoria_48,Turno_A,3,14,1,20,0,20,20,0,0,311648
Categoria_07,Turno_A,3,10,3,6,0,6,0,0,0,927710
Categoria_05,Turno_A,3,13,2,9,0,9,0,0,0,168338
Categoria_09,Turno_B,3,12,2,92,0,92,6,0,0,22666
Categoria_41,Turno_A,3,13,3,73,0,73,2,0,0,465808
Categoria_07,Turno_A,3,11,2,10,0,10,2,0,0,927710
Categoria_05,Turno_A,3,12,1,25,0,25,1,0,0,168338
Categoria_26,Turno_A,3,10,4,173,38,135,34,0,0,490754
Categoria_65,Turno_B,3,13,3,68,0,68,0,0,0,501234
Categoria_08,Turno_B,3,12,3,20,0,20,0,0,0,310804
Categoria_49,Turno_A,3,10,1,81,0,81,57,0,0,58984
Categoria_52,Turno_B,3,10,4,103,0,103,12,0,0,143767
Categoria_17,Turno_C,3,13,4,8,0,8,0,0,0,312918
Categoria_26,Turno_A,3,12,2,191,53,138,14,0,0,490754
Categoria_41,Turno_A,3,10,1,48,0,48,48,0,0,465808
Categoria_68,Turno_B,2,9,2,64,13,51,49,0,0,995067
Categoria_53,Turno_A,2,9,2,30,13,17,17,0,0,860937
Categoria_53,Turno_B,3,12,2,18,0,18,7,0,0,860937
Categoria_53,Turno_A,3,12,2,30,0,30,15,0,0,860937
Categoria_08,Turno_A,3,10,2,58,18,40,39,0,0,310804
Categoria_43,Turno_A,3,10,4,8,0,8,4,0,0,129176
Categoria_09,Turno_B,3,10,4,101,13,88,61,0,0,22666
Categoria_63,Turno_B,2,9,3,26,0,26,26,0,0,34538
Categoria_48,Turno_B,3,12,5,12,0,12,12,0,0,311648
Categoria_26,Turno_A,2,9,2,203,67,136,104,0,0,490754
Categoria_59,Turno_A,3,11,5,14,0,14,1,0,0,596146
Categoria_33,Turno_B,3,13,3,2,0,2,0,0,0,298998
Categoria_26,Turno_B,3,10,4,123,19,104,49,0,0,490754
Categoria_24,Turno_A,3,10,3,12,0,12,3,0,0,23986
Categoria_24,Turno_B,3,10,3,10,0,10,5,0,0,23986
Categoria_24,Turno_B,3,13,4,10,0,10,1,0,0,23986
Categoria_35,Turno_B,2,9,3,168,43,125,9,0,0,139312
Categoria_59,Turno_B,3,12,2,20,0,20,6,0,0,596146
Categoria_65,Turno_A,2,9,2,99,0,99,50,0,0,501234
Categoria_25,Turno_B,3,10,4,21,0,21,21,0,0,988732
Categoria_52,Turno_B,3,11,5,41,0,41,0,0,0,143767
Categoria_41,Turno_B,3,13,3,49,0,49,0,0,0,465808
Categoria_50,Turno_B,3,13,4,6,0,6,0,0,0,228126
Categoria_50,Turno_B,3,14,1,6,0,6,0,0,0,228126
Categoria_69,Turno_B,2,9,4,24,0,24,22,0,0,361279
Categoria_26,Turno_B,3,13,3,197,30,167,18,0,0,490754
Categoria_26,Turno_B,2,9,2,153,47,106,74,0,0,490754
Categoria_30,Turno_B,3,13,4,6,0,6,0,0,0,298998
Categoria_54,Turno_B,3,13,4,5,0,5,0,0,0,130151
Categoria_54,Turno_A,3,11,2,15,0,15,0,0,0,130151
Categoria_68,Turno_A,3,12,2,55,0,55,1,0,0,995067
Categoria_37,Turno_B,2,9,3,18,18,0,0,0,0,294806
Categoria_38,Turno_A,3,14,1,6,0,6,1,0,0,638776
Categoria_40,Turno_A,3,11,4,39,0,39,2,0,0,149182
Categoria_12,Turno_B,3,14,1,68,0,68,0,0,0,848688
Categoria_51,Turno_C,2,9,1,4,0,4,4,0,0,657972
Categoria_34,Turno_B,3,13,3,36,0,36,0,0,0,904498
Categoria_67,Turno_A,3,13,5,28,0,28,0,0,0,713550
Categoria_53,Turno_B,3,10,4,21,0,21,16,0,0,860937
Categoria_60,Turno_B,3,12,1,40,0,40,0,0,0,40535
Categoria_56,Turno_A,2,9,2,12,12,0,0,0,0,283109
Categoria_12,Turno_A,2,9,5,78,57,21,8,0,0,848688
Categoria_54,Turno_B,3,10,3,21,11,10,7,0,0,130151
Categoria_33,Turno_C,3,12,1,1,0,1,0,0,0,298998
Categoria_51,Turno_B,3,12,2,40,0,40,3,0,0,657972
Categoria_49,Turno_B,3,10,4,33,0,33,7,0,0,58984
Categoria_24,Turno_B,2,9,5,10,0,10,3,0,0,23986
Categoria_35,Turno_A,3,11,1,206,2,204,5,0,0,139312
Categoria_59,Turno_B,3,13,3,20,0,20,0,0,0,596146
Categoria_34,Turno_B,3,10,1,13,0,13,0,0,0,904498
Categoria_07,Turno_A,2,9,5,5,5,0,0,0,0,927710
Categoria_15,Turno_B,3,11,2,12,0,12,2,0,0,482525
Categoria_51,Turno_A,2,9,2,18,0,18,18,0,0,657972
Categoria_21,Turno_A,3,13,4,15,0,15,15,0,0,466551
Categoria_51,Turno_B,3,10,4,54,20,34,24,0,0,657972
Categoria_52,Turno_A,3,13,3,189,0,189,0,0,0,143767
Categoria_08,Turno_B,3,11,4,31,0,31,16,0,0,310804
Categoria_58,Turno_A,3,12,4,21,5,16,8,0,0,274712
Categoria_09,Turno_A,3,10,4,71,47,24,18,0,0,22666
Categoria_09,Turno_A,2,9,2,82,-1,83,68,0,0,22666
Categoria_28,Turno_B,3,12,4,15,0,15,1,0,0,633094
Categoria_41,Turno_C,2,9,1,5,0,5,5,0,0,465808
Categoria_41,Turno_A,2,9,2,45,0,45,45,0,0,465808
Categoria_41,Turno_A,3,12,2,45,0,45,16,0,0,465808
Categoria_40,Turno_B,3,11,1,23,6,17,4,0,0,149182
Categoria_44,Turno_A,3,13,1,36,0,36,6,0,0,698519
Categoria_08,Turno_B,3,11,1,27,0,27,24,0,0,310804
Categoria_56,Turno_B,3,11,5,11,0,11,11,0,0,283109
Categoria_60,Turno_A,2,9,1,76,72,4,4,0,0,40535
Categoria_23,Turno_B,3,11,3,24,0,24,8,0,0,298998
Categoria_23,Turno_A,3,12,4,32,0,32,4,0,0,298998
Categoria_34,Turno_A,3,12,2,67,0,67,1,0,0,904498
Categoria_24,Turno_B,3,11,2,10,0,10,4,0,0,23986
Categoria_35,Turno_B,3,10,2,173,18,155,4,0,0,139312
Categoria_35,Turno_A,3,12,3,258,0,258,0,0,0,139312
Categoria_12,Turno_B,3,12,5,59,0,59,0,0,0,848688
Categoria_Desconocida,Turno_A,3,12,3,56,0,56,0,0,0,298998
Categoria_36,Turno_A,2,9,1,31,0,31,17,0,0,499570
Categoria_52,Turno_A,3,11,5,151,0,151,5,0,0,143767
Categoria_36,Turno_A,3,10,5,50,14,36,1,0,0,499570
Categoria_51,Turno_A,3,12,2,18,0,18,1,0,0,657972
Categoria_25,Turno_B,2,9,2,58,10,48,48,0,0,988732
Categoria_34,Turno_A,3,11,6,24,0,24,0,0,0,904498
Categoria_34,Turno_A,3,13,3,42,0,42,0,0,0,904498
Categoria_31,Turno_B,3,14,2,5,0,5,0,0,0,132409
Categoria_37,Turno_A,3,11,1,12,0,12,12,0,0,294806
Categoria_26,Turno_A,3,11,6,132,20,112,35,0,0,490754
Categoria_52,Turno_B,3,12,2,82,12,70,3,0,0,143767
Categoria_49,Turno_B,2,9,2,52,34,18,18,0,0,58984
Categoria_04,Turno_A,3,13,5,9,0,9,0,0,0,298998
Categoria_04,Turno_A,3,10,2,11,0,11,0,0,0,298998
Categoria_09,Turno_A,3,12,2,82,0,82,31,0,0,22666
Categoria_56,Turno_B,3,12,2,7,0,7,6,0,0,283109
Categoria_26,Turno_B,3,12,2,136,28,108,3,0,0,490754
Categoria_54,Turno_A,3,13,1,14,0,14,1,0,0,130151
Categoria_54,Turno_A,3,14,1,14,0,14,0,0,0,130151
Categoria_25,Turno_B,3,13,3,19,0,19,19,0,0,988732
Categoria_41,Turno_B,2,9,2,42,0,42,42,0,0,465808
Categoria_61,Turno_B,3,13,4,92,0,92,0,0,0,144633
Categoria_42,Turno_B,3,10,4,26,0,26,26,0,0,934414
Categoria_14,Turno_A,3,11,5,26,0,26,26,0,0,658663
Categoria_36,Turno_A,3,10,6,17,0,17,9,0,0,499570
Categoria_52,Turno_A,3,10,4,139,0,139,9,0,0,143767
Categoria_60,Turno_A,3,10,5,65,0,65,1,0,0,40535
Categoria_12,Turno_A,3,13,4,76,0,76,1,0,0,848688
Categoria_22,Turno_B,3,10,1,10,10,0,0,0,0,907421
Categoria_45,Turno_B,3,14,2,11,0,11,0,0,0,211664
Categoria_20,Turno_A,3,12,4,42,18,24,24,0,0,804824
Categoria_24,Turno_A,3,13,4,33,0,33,3,0,0,23986
Categoria_12,Turno_A,3,10,3,94,42,52,15,0,0,848688
Categoria_48,Turno_B,3,13,4,49,0,49,35,0,0,311648
Categoria_59,Turno_B,3,10,4,20,0,20,7,0,0,596146
Categoria_59,Turno_B,3,11,5,26,0,26,3,0,0,596146
Categoria_34,Turno_A,3,10,1,15,0,15,1,0,0,904498
Categoria_07,Turno_A,3,13,4,8,0,8,0,0,0,927710
Categoria_36,Turno_B,2,9,1,27,0,27,13,0,0,499570
Categoria_26,Turno_A,3,10,1,258,119,139,37,0,0,490754
Categoria_68,Turno_A,3,10,4,54,0,54,6,0,0,995067
Categoria_44,Turno_A,3,10,3,62,0,62,36,0,0,698519
Categoria_08,Turno_B,3,10,2,22,0,22,23,0,0,310804
Categoria_26,Turno_A,3,11,5,166,36,130,6,0,0,490754
Categoria_26,Turno_A,3,13,3,170,16,154,33,0,0,490754
Categoria_41,Turno_A,3,11,6,46,0,46,8,0,0,465808
Categoria_41,Turno_B,3,11,5,48,0,48,4,0,0,465808
Categoria_14,Turno_A,3,13,3,15,0,15,11,0,0,658663
Categoria_41,Turno_B,3,10,4,41,0,41,21,0,0,465808
Categoria_41,Turno_A,3,10,4,51,0,51,22,0,0,465808
Categoria_52,Turno_A,3,12,2,154,15,139,2,0,0,143767
Categoria_51,Turno_A,3,11,6,34,0,34,4,0,0,657972
Categoria_53,Turno_A,3,10,4,27,0,27,26,0,0,860937
Categoria_44,Turno_B,3,11,2,23,0,23,7,0,0,698519
Categoria_03,Turno_B,3,13,2,5,0,5,0,0,0,298998
Categoria_59,Turno_A,3,12,2,23,0,23,2,0,0,596146
Categoria_63,Turno_A,3,12,3,78,0,78,20,0,0,34538
Categoria_15,Turno_B,3,10,3,18,0,18,13,0,0,482525
Categoria_12,Turno_B,3,13,1,68,0,68,0,0,0,848688
Categoria_27,Turno_B,3,11,1,6,0,6,0,0,0,194064
Categoria_17,Turno_B,3,14,2,3,0,3,0,0,0,312918
Categoria_58,Turno_A,3,13,2,31,0,31,22,0,0,274712
Categoria_48,Turno_B,3,11,2,61,3,58,58,0,0,311648
Categoria_41,Turno_A,3,11,5,58,0,58,4,0,0,465808
Categoria_47,Turno_A,3,13,2,25,0,25,0,0,0,831654
Categoria_38,Turno_A,3,13,4,6,0,6,1,0,0,638776
Categoria_25,Turno_A,3,11,5,15,0,15,15,0,0,988732
Categoria_42,Turno_A,3,12,2,18,0,18,18,0,0,934414
Categoria_60,Turno_B,2,9,1,40,0,40,31,0,0,40535
Categoria_68,Turno_C,2,9,4,8,0,8,2,0,0,995067
Categoria_12,Turno_A,3,14,1,84,0,84,0,0,0,848688
Categoria_61,Turno_A,3,12,5,22,0,22,0,0,0,144633
Categoria_04,Turno_A,2,9,3,3,0,3,0,0,0,298998
Categoria_44,Turno_A,3,12,5,49,0,49,10,0,0,698519
Categoria_24,Turno_A,3,13,1,27,0,27,3,0,0,23986
Categoria_24,Turno_A,3,11,2,12,0,12,7,0,0,23986
Categoria_24,Turno_B,3,13,1,10,0,10,1,0,0,23986
Categoria_33,Turno_A,3,12,2,1,0,1,0,0,0,298998
Categoria_35,Turno_B,3,11,1,217,32,185,5,0,0,139312
Categoria_65,Turno_A,3,10,4,85,19,66,28,0,0,501234
Categoria_12,Turno_B,3,13,4,43,0,43,0,0,0,848688
Categoria_42,Turno_A,3,11,5,24,0,24,24,0,0,934414
Categoria_36,Turno_A,3,13,2,27,0,27,1,0,0,499570
Categoria_65,Turno_B,3,10,4,41,0,41,12,0,0,501234
Categoria_44,Turno_A,3,11,2,35,0,35,18,0,0,698519
Categoria_10,Turno_B,3,12,2,4,0,4,1,0,0,909684
Categoria_49,Turno_B,3,13,3,61,0,61,1,0,0,58984
Categoria_53,Turno_B,3,13,3,18,0,18,1,0,0,860937
Categoria_40,Turno_A,3,12,3,12,0,12,1,0,0,149182
Categoria_08,Turno_A,3,13,5,13,0,13,5,0,0,310804
Categoria_66,Turno_A,2,9,4,33,0,33,22,0,0,146330
Categoria_66,Turno_A,3,12,4,33,0,33,2,0,0,146330
Categoria_66,Turno_A,3,13,2,21,0,21,0,0,0,146330
Categoria_60,Turno_B,2,9,4,32,0,32,3,0,0,40535
Categoria_04,Turno_A,3,12,3,3,0,3,0,0,0,298998
Categoria_44,Turno_B,3,14,1,25,0,25,6,0,0,698519
Categoria_68,Turno_A,3,11,5,108,0,108,1,0,0,995067
Categoria_03,Turno_B,3,12,1,6,0,6,0,0,0,298998
Categoria_59,Turno_A,3,10,1,14,0,14,2,0,0,596146
Categoria_23,Turno_A,3,14,2,32,0,32,0,0,0,298998
Categoria_23,Turno_A,2,9,1,32,32,0,0,0,0,298998
Categoria_34,Turno_A,3,10,4,54,0,54,0,0,0,904498
Categoria_35,Turno_A,3,13,5,205,2,203,0,0,0,139312
Categoria_Desconocida,Turno_B,3,12,3,21,6,15,0,0,0,298998
Categoria_36,Turno_A,2,9,4,31,14,17,1,0,0,499570
Categoria_36,Turno_A,3,11,3,28,0,28,1,0,0,499570
Categoria_65,Turno_A,3,11,5,66,35,31,2,0,0,501234
Categoria_37,Turno_B,3,10,2,24,0,24,24,0,0,294806
Categoria_64,Turno_A,3,13,1,16,0,16,0,0,0,386896
Categoria_64,Turno_A,3,12,5,44,0,44,0,0,0,386896
Categoria_58,Turno_A,3,11,3,31,0,31,31,0,0,274712
Categoria_68,Turno_B,3,10,4,58,0,58,11,0,0,995067
Categoria_36,Turno_B,2,9,4,35,18,17,1,0,0,499570
Categoria_08,Turno_A,3,12,3,40,0,40,11,0,0,310804
Categoria_20,Turno_A,2,9,4,42,0,42,42,0,0,804824
Categoria_20,Turno_A,3,10,6,20,20,0,0,0,0,804824
Categoria_59,Turno_A,2,9,2,23,0,23,6,0,0,596146
Categoria_24,Turno_A,3,14,1,27,0,27,2,0,0,23986
Categoria_33,Turno_A,2,9,2,1,0,1,0,0,0,298998
Categoria_41,Turno_B,3,10,1,62,0,62,59,0,0,465808
Categoria_59,Turno_B,3,10,1,26,0,26,8,0,0,596146
Categoria_35,Turno_B,3,11,4,121,12,109,0,0,0,139312
Categoria_35,Turno_B,3,12,3,176,10,166,0,0,0,139312
Categoria_05,Turno_B,3,12,4,16,0,16,0,0,0,168338
Categoria_09,Turno_B,3,11,5,56,0,56,8,0,0,22666
Categoria_68,Turno_B,3,11,5,53,0,53,3,0,0,995067
Categoria_37,Turno_A,3,12,3,12,0,12,5,0,0,294806
Categoria_24,Turno_A,2,9,6,11,0,11,11,0,0,23986
Categoria_54,Turno_A,3,13,4,17,0,17,0,0,0,130151
Categoria_09,Turno_B,2,9,2,92,25,67,54,0,0,22666
Categoria_62,Turno_A,3,12,2,21,0,21,0,0,0,611661
Categoria_34,Turno_B,3,11,5,41,13,28,0,0,0,904498
Categoria_09,Turno_B,3,13,3,95,0,95,20,0,0,22666
Categoria_51,Turno_B,3,10,1,36,4,32,32,0,0,657972
Categoria_56,Turno_A,3,12,2,12,0,12,12,0,0,283109
Categoria_56,Turno_A,3,11,6,19,0,19,19,0,0,283109
Categoria_45,Turno_A,3,12,1,18,0,18,4,0,0,211664
Categoria_45,Turno_A,2,9,1,18,0,18,18,0,0,211664
Categoria_63,Turno_A,2,9,3,78,0,78,78,0,0,34538
Categoria_44,Turno_B,3,10,3,27,0,27,19,0,0,698519
Categoria_12,Turno_A,3,11,2,106,0,106,11,0,0,848688
Categoria_44,Turno_A,2,9,6,56,32,24,24,0,0,698519
Categoria_52,Turno_A,3,10,1,185,5,180,18,0,0,143767
Categoria_36,Turno_B,3,10,5,26,0,26,1,0,0,499570
Categoria_60,Turno_A,3,14,2,46,0,46,0,0,0,40535
Categoria_25,Turno_B,3,12,2,58,15,43,43,0,0,988732
Categoria_21,Turno_A,2,9,5,12,12,0,0,0,0,466551
Categoria_07,Turno_B,3,13,4,6,0,6,0,0,0,927710
Categoria_49,Turno_A,2,9,2,65,20,45,45,0,0,58984
Categoria_40,Turno_A,3,11,1,26,0,26,1,0,0,149182
Categoria_56,Turno_B,3,13,3,8,0,8,0,0,0,283109
Categoria_62,Turno_A,3,10,1,18,0,18,7,0,0,611661
Categoria_63,Turno_B,3,11,4,43,0,43,6,0,0,34538
Categoria_09,Turno_A,3,11,5,102,0,102,38,0,0,22666
Categoria_61,Turno_A,3,13,1,22,0,22,2,0,0,144633
Categoria_23,Turno_A,3,11,3,8,0,8,0,0,0,298998
Categoria_24,Turno_A,3,12,5,12,0,12,1,0,0,23986
Categoria_Desconocida,Turno_B,2,9,3,21,0,21,6,0,0,298998
Categoria_36,Turno_A,3,12,1,31,0,31,3,0,0,499570
Categoria_69,Turno_B,3,13,2,24,15,9,0,0,0,361279
Categoria_26,Turno_B,3,11,5,120,20,100,2,0,0,490754
Categoria_11,Turno_A,3,11,4,6,0,6,6,0,0,923910
Categoria_49,Turno_A,3,13,3,44,0,44,2,0,0,58984
Categoria_28,Turno_A,2,9,4,18,0,18,3,0,0,633094
Categoria_41,Turno_B,3,12,2,43,0,43,9,0,0,465808
Categoria_34,Turno_B,2,9,2,36,24,12,0,0,0,904498
Categoria_60,Turno_A,3,12,4,56,0,56,0,0,0,40535
Categoria_68,Turno_A,2,9,2,55,14,41,25,0,0,995067
Categoria_33,Turno_B,3,10,4,2,0,2,0,0,0,298998
Categoria_20,Turno_B,3,10,5,38,38,0,0,0,0,804824
Categoria_04,Turno_B,3,10,2,4,0,4,0,0,0,298998
Categoria_24,Turno_B,3,12,5,10,0,10,2,0,0,23986
Categoria_Desconocida,Turno_A,2,9,3,35,23,12,2,0,0,298998
Categoria_48,Turno_A,3,10,3,33,0,33,33,0,0,311648
Categoria_65,Turno_B,3,10,1,35,9,26,20,0,0,501234
Categoria_39,Turno_B,3,12,3,11,0,11,0,0,0,60015
Categoria_38,Turno_A,3,11,2,3,0,3,3,0,0,638776
Categoria_63,Turno_A,3,11,1,71,11,60,18,0,0,34538
Categoria_49,Turno_A,3,10,4,81,0,81,27,0,0,58984
Categoria_62,Turno_A,3,10,4,46,0,46,6,0,0,611661
Categoria_65,Turno_A,3,10,1,113,0,113,6,0,0,501234
Categoria_44,Turno_A,2,9,5,49,0,49,49,0,0,698519
Categoria_44,Turno_A,3,12,6,44,27,17,3,0,0,698519
Categoria_62,Turno_A,3,13,3,28,15,13,0,0,0,611661
Categoria_48,Turno_A,3,13,1,20,0,20,20,0,0,311648
Categoria_51,Turno_B,2,9,2,40,0,40,40,0,0,657972
Categoria_59,Turno_B,2,9,2,20,0,20,9,0,0,596146
Categoria_Desconocida,Turno_A,3,13,6,15,0,15,0,0,0,298998
Categoria_16,Turno_A,3,12,2,20,0,20,0,0,0,263618
Categoria_61,Turno_B,3,13,1,66,0,66,2,0,0,144633
Categoria_49,Turno_A,3,11,5,82,0,82,3,0,0,58984
Categoria_66,Turno_A,2,9,1,17,0,17,17,0,0,146330
Categoria_67,Turno_B,3,11,1,22,0,22,0,0,0,713550
Categoria_58,Turno_A,2,9,4,21,0,21,21,0,0,274712
Categoria_54,Turno_A,2,9,5,8,0,8,8,0,0,130151
Categoria_47,Turno_A,3,11,3,25,0,25,3,0,0,831654
Categoria_38,Turno_A,2,9,5,6,6,0,0,0,0,638776
Categoria_06,Turno_B,2,9,2,14,14,0,0,0,0,717611
Categoria_45,Turno_B,3,11,3,40,17,23,10,0,0,211664
Categoria_25,Turno_B,3,10,1,34,0,34,34,0,0,988732
Categoria_15,Turno_B,3,13,4,10,0,10,0,0,0,482525
Categoria_52,Turno_B,3,13,3,39,0,39,1,0,0,143767
Categoria_37,Turno_B,3,11,4,19,0,19,17,0,0,294806
Categoria_26,Turno_B,3,10,1,142,23,119,80,0,0,490754
Categoria_04,Turno_A,3,11,1,11,0,11,0,0,0,298998
Categoria_64,Turno_B,3,13,4,18,0,18,0,0,0,386896
Categoria_41,Turno_C,3,12,1,5,0,5,1,0,0,465808
Categoria_54,Turno_B,3,13,1,19,0,19,0,0,0,130151
Categoria_08,Turno_B,3,13,5,2,0,2,0,0,0,310804
Categoria_60,Turno_A,2,9,4,56,31,25,8,0,0,40535
Categoria_52,Turno_B,2,9,2,106,12,94,28,0,0,143767
Categoria_40,Turno_A,3,10,2,19,0,19,4,0,0,149182
Categoria_42,Turno_B,3,12,2,14,0,14,14,0,0,934414
Categoria_43,Turno_A,3,12,2,6,0,6,0,0,0,129176
Categoria_43,Turno_B,2,9,2,8,0,8,8,0,0,129176
Categoria_09,Turno_A,3,13,3,120,0,120,12,0,0,22666
Categoria_57,Turno_A,3,10,1,6,0,6,2,0,0,978140
Categoria_44,Turno_B,3,13,1,25,0,25,5,0,0,698519
Categoria_69,Turno_B,3,14,2,24,0,24,0,0,0,361279
Categoria_14,Turno_B,3,12,2,38,0,38,38,0,0,658663
Categoria_Desconocida,Turno_A,3,13,5,23,0,23,0,0,0,298998
Categoria_12,Turno_B,3,10,3,37,0,37,12,0,0,848688
Categoria_18,Turno_A,3,13,4,8,0,8,0,0,0,298998
Categoria_49,Turno_B,3,12,2,52,17,35,4,0,0,58984
Categoria_17,Turno_B,3,13,2,3,0,3,0,0,0,312918
Categoria_64,Turno_A,3,13,4,58,0,58,0,0,0,386896
Categoria_56,Turno_B,3,10,1,9,9,0,0,0,0,283109
Categoria_56,Turno_B,3,10,4,9,9,0,0,0,0,283109
Categoria_37,Turno_B,3,12,3,18,0,18,7,0,0,294806
Categoria_47,Turno_A,3,12,4,21,0,21,0,0,0,831654
Categoria_42,Turno_B,3,13,3,12,0,12,12,0,0,934414
Categoria_67,Turno_A,3,13,6,32,0,32,0,0,0,713550
Categoria_09,Turno_A,3,10,1,44,28,16,2,0,0,22666
Categoria_64,Turno_B,3,13,1,36,16,20,0,0,0,386896
Categoria_12,Turno_B,3,11,2,36,0,36,5,0,0,848688
Categoria_61,Turno_B,3,11,2,118,0,118,6,0,0,144633
Categoria_53,Turno_A,3,11,5,35,0,35,21,0,0,860937
Categoria_04,Turno_A,3,11,4,2,0,2,0,0,0,298998
Categoria_51,Turno_B,3,11,5,46,20,26,3,0,0,657972
Categoria_33,Turno_A,3,11,6,8,0,8,0,0,0,298998
Categoria_35,Turno_A,3,13,6,158,0,158,3,0,0,139312
Categoria_07,Turno_A,2,9,6,6,0,6,6,0,0,927710
Categoria_05,Turno_B,3,14,2,3,0,3,0,0,0,168338
Categoria_64,Turno_A,3,10,3,36,0,36,1,0,0,386896
Categoria_14,Turno_A,3,12,2,4,0,4,0,0,0,658663
Categoria_68,Turno_B,3,13,3,72,0,72,0,0,0,995067
Categoria_12,Turno_A,3,13,1,84,0,84,1,0,0,848688
Categoria_38,Turno_B,3,10,3,9,0,9,9,0,0,638776
Categoria_63,Turno_B,3,12,3,12,0,12,0,0,0,34538
Categoria_53,Turno_A,3,11,6,20,0,20,18,0,0,860937
Categoria_68,Turno_A,3,13,3,54,0,54,1,0,0,995067
Categoria_40,Turno_A,3,13,5,27,0,27,1,0,0,149182
Categoria_48,Turno_A,3,12,5,51,0,51,40,0,0,311648
Categoria_14,Turno_C,3,12,1,8,0,8,8,0,0,658663
Categoria_62,Turno_A,2,9,2,21,21,0,0,0,0,611661
Categoria_43,Turno_B,3,12,2,8,0,8,0,0,0,129176
Categoria_51,Turno_B,3,13,3,41,0,41,0,0,0,657972
Categoria_56,Turno_A,3,11,5,9,0,9,9,0,0,283109
Categoria_54,Turno_B,3,11,2,10,10,0,0,0,0,130151
Categoria_59,Turno_A,3,10,4,11,0,11,2,0,0,596146
Categoria_24,Turno_A,2,9,5,12,0,12,9,0,0,23986
Categoria_33,Turno_A,3,10,4,7,0,7,0,0,0,298998
Categoria_69,Turno_B,3,12,4,24,24,0,0,0,0,361279
Categoria_64,Turno_B,3,11,2,34,0,34,0,0,0,386896
Categoria_47,Turno_A,2,9,1,26,26,0,0,0,0,831654
Categoria_51,Turno_A,3,10,4,40,0,40,31,0,0,657972
Categoria_61,Turno_A,3,14,1,22,0,22,0,0,0,144633
Categoria_23,Turno_A,2,9,4,32,32,0,0,0,0,298998
Categoria_23,Turno_A,3,12,1,32,0,32,0,0,0,298998
Categoria_34,Turno_A,2,9,2,67,0,67,5,0,0,904498
Categoria_48,Turno_A,2,9,5,51,0,51,51,0,0,311648
Categoria_Desconocida,Turno_B,3,10,2,18,0,18,0,0,0,298998
Categoria_09,Turno_B,3,10,1,107,85,22,7,0,0,22666
Categoria_08,Turno_A,3,11,4,71,22,49,32,0,0,310804
Categoria_66,Turno_A,3,11,3,39,0,39,3,0,0,146330
Categoria_61,Turno_B,3,14,1,66,0,66,0,0,0,144633
Categoria_54,Turno_B,3,12,5,8,0,8,3,0,0,130151
Categoria_06,Turno_A,3,10,4,12,0,12,12,0,0,717611
Categoria_49,Turno_B,3,10,1,31,0,31,20,0,0,58984
Categoria_64,Turno_B,3,14,1,36,36,0,0,0,0,386896
Categoria_64,Turno_B,2,9,5,16,16,0,0,0,0,386896
Categoria_43,Turno_A,3,11,5,6,0,6,0,0,0,129176
Categoria_68,Turno_A,3,11,6,67,0,67,3,0,0,995067
Categoria_03,Turno_B,2,9,4,5,0,5,0,0,0,298998
Categoria_62,Turno_B,3,13,3,34,0,34,0,0,0,611661
Categoria_40,Turno_B,2,9,3,8,0,8,4,0,0,149182
Categoria_68,Turno_B,3,12,2,64,0,64,0,0,0,995067
Categoria_33,Turno_A,3,13,3,9,0,9,0,0,0,298998
Categoria_02,Turno_A,3,10,5,15,0,15,15,0,0,655914
Categoria_37,Turno_A,2,9,3,12,0,12,12,0,0,294806
Categoria_54,Turno_C,2,9,3,2,0,2,2,0,0,130151
Categoria_14,Turno_B,2,9,2,38,0,38,38,0,0,658663
Categoria_53,Turno_B,2,9,2,18,-2,20,20,0,0,860937
Categoria_43,Turno_A,2,9,2,6,0,6,6,0,0,129176
Categoria_46,Turno_A,3,13,2,15,0,15,3,0,0,625270
Categoria_53,Turno_A,3,10,1,28,0,28,27,0,0,860937
Categoria_33,Turno_C,2,9,1,1,0,1,0,0,0,298998
Categoria_10,Turno_A,2,9,2,8,0,8,8,0,0,909684
Categoria_48,Turno_B,3,14,1,15,0,15,1,0,0,311648
Categoria_60,Turno_B,3,12,4,24,0,24,0,0,0,40535
Categoria_05,Turno_B,3,13,2,3,0,3,0,0,0,168338
Categoria_12,Turno_C,3,12,3,8,0,8,0,0,0,848688
Categoria_60,Turno_A,3,12,1,76,0,76,3,0,0,40535
Categoria_42,Turno_B,2,9,2,14,0,14,14,0,0,934414
Categoria_65,Turno_A,3,12,2,99,0,99,1,0,0,501234
Categoria_63,Turno_A,3,10,2,24,0,24,24,0,0,34538
Categoria_44,Turno_A,3,13,4,44,0,44,6,0,0,698519
Categoria_48,Turno_B,3,13,1,15,0,15,11,0,0,311648
Categoria_Desconocida,Turno_A,3,11,1,23,0,23,1,0,0,298998
Categoria_25,Turno_B,3,11,5,12,0,12,12,0,0,988732
Categoria_22,Turno_A,3,11,6,7,0,7,7,0,0,907421
Categoria_28,Turno_B,2,9,4,15,15,0,0,0,0,633094
Categoria_38,Turno_A,3,13,1,6,0,6,1,0,0,638776
Categoria_36,Turno_A,3,14,2,27,0,27,0,0,0,499570
Categoria_04,Turno_C,3,13,3,2,0,2,0,0,0,298998
Categoria_45,Turno_B,3,12,1,13,0,13,2,0,0,211664
Categoria_65,Turno_A,3,11,6,21,0,21,1,0,0,501234
Categoria_21,Turno_A,3,13,1,12,0,12,12,0,0,466551
Categoria_01,Turno_A,3,10,3,10,0,10,10,0,0,557707
Categoria_17,Turno_B,2,9,1,10,0,10,8,0,0,312918
Categoria_27,Turno_B,2,9,3,6,0,6,1,0,0,194064
Categoria_56,Turno_A,3,10,1,9,9,0,0,0,0,283109
Categoria_67,Turno_A,3,11,4,28,0,28,1,0,0,713550
Categoria_14,Turno_B,3,10,1,4,0,4,0,0,0,658663
Categoria_46,Turno_A,3,11,3,15,0,15,15,0,0,625270
Categoria_34,Turno_A,3,11,5,32,16,16,0,0,0,904498
Categoria_07,Turno_B,3,14,1,13,0,13,0,0,0,927710
Categoria_28,Turno_A,3,11,3,18,0,18,2,0,0,633094
Categoria_54,Turno_B,3,14,1,19,0,19,0,0,0,130151
Categoria_14,Turno_C,2,9,1,8,0,8,8,0,0,658663
Categoria_58,Turno_A,2,9,1,17,0,17,17,0,0,274712
Categoria_08,Turno_A,2,9,3,40,14,26,26,0,0,310804
Categoria_57,Turno_A,3,10,4,6,0,6,0,0,0,978140
Categoria_61,Turno_A,2,9,5,22,22,0,0,0,0,144633
Categoria_20,Turno_A,2,9,1,38,0,38,38,0,0,804824
Categoria_23,Turno_A,3,13,2,32,0,32,0,0,0,298998
Categoria_48,Turno_A,3,11,2,49,0,49,49,0,0,311648
Categoria_29,Turno_A,2,9,5,6,0,6,6,0,0,228969
Categoria_40,Turno_B,3,10,2,14,0,14,7,0,0,149182
Categoria_11,Turno_B,3,11,4,34,0,34,13,0,0,923910
Categoria_48,Turno_A,3,13,4,54,0,54,38,0,0,311648
Categoria_56,Turno_B,2,9,2,7,7,0,0,0,0,283109
Categoria_36,Turno_B,3,11,3,18,0,18,1,0,0,499570
Categoria_66,Turno_B,2,9,1,12,12,0,0,0,0,146330
Categoria_34,Turno_B,3,12,2,36,0,36,0,0,0,904498
Categoria_12,Turno_A,3,12,5,78,0,78,0,0,0,848688
Categoria_40,Turno_B,3,12,3,8,0,8,0,0,0,149182
Categoria_04,Turno_B,3,11,4,4,0,4,0,0,0,298998
Categoria_54,Turno_A,3,10,3,19,0,19,4,0,0,130151
Categoria_38,Turno_A,3,10,3,3,0,3,3,0,0,638776
Categoria_36,Turno_A,3,12,4,31,0,31,0,0,0,499570
Categoria_14,Turno_A,3,10,4,28,16,12,12,0,0,658663
Categoria_49,Turno_A,3,11,6,16,0,16,16,0,0,58984
Categoria_10,Turno_B,3,10,4,6,0,6,0,0,0,909684
Categoria_45,Turno_B,2,9,1,13,0,13,13,0,0,211664
Categoria_20,Turno_B,3,12,4,24,24,0,0,0,0,804824
Categoria_36,Turno_B,3,12,1,30,0,30,0,0,0,499570
Categoria_07,Turno_B,3,13,1,13,0,13,0,0,0,927710
Categoria_28,Turno_A,3,12,4,18,0,18,0,0,0,633094
Categoria_47,Turno_A,3,12,1,23,1,22,0,0,0,831654
Categoria_47,Turno_A,2,9,4,24,4,20,20,0,0,831654
Categoria_45,Turno_A,3,13,2,6,0,6,0,0,0,211664
Categoria_49,Turno_B,3,11,5,34,0,34,9,0,0,58984
Categoria_33,Turno_C,3,12,4,1,0,1,0,0,0,298998
Categoria_59,Turno_A,3,11,6,11,0,11,1,0,0,596146
Categoria_51,Turno_A,3,11,5,45,27,18,2,0,0,657972
Categoria_05,Turno_A,3,11,3,16,0,16,2,0,0,168338
Categoria_16,Turno_A,3,11,5,14,0,14,0,0,0,263618
Categoria_12,Turno_A,3,12,6,16,0,16,0,0,0,848688
Categoria_10,Turno_B,2,9,2,4,4,0,0,0,0,909684
Categoria_67,Turno_B,3,10,2,30,12,18,2,0,0,713550
Categoria_62,Turno_B,3,12,2,21,0,21,1,0,0,611661
Categoria_03,Turno_B,2,9,1,6,0,6,0,0,0,298998
Categoria_Desconocida,Turno_A,3,10,2,14,0,14,0,0,0,298998
Categoria_21,Turno_A,3,14,1,12,0,12,12,0,0,466551
Categoria_04,Turno_B,3,11,1,4,0,4,0,0,0,298998
Categoria_34,Turno_B,3,10,4,24,0,24,0,0,0,904498
Categoria_20,Turno_B,3,12,1,32,0,32,32,0,0,804824
Categoria_22,Turno_B,3,13,3,8,0,8,8,0,0,907421
Categoria_05,Turno_A,3,14,2,9,0,9,0,0,0,168338
Categoria_09,Turno_A,3,11,6,12,0,12,2,0,0,22666
Categoria_60,Turno_B,3,14,2,16,0,16,0,0,0,40535
Categoria_58,Turno_A,3,14,2,31,15,16,7,0,0,274712
Categoria_16,Turno_C,3,12,1,6,0,6,0,0,0,263618
Categoria_36,Turno_B,3,12,4,18,0,18,0,0,0,499570
Categoria_52,Turno_A,3,11,6,60,0,60,2,0,0,143767
Categoria_42,Turno_B,3,10,1,27,0,27,27,0,0,934414
Categoria_62,Turno_A,3,11,5,37,0,37,2,0,0,611661
Categoria_60,Turno_B,3,11,3,20,0,20,0,0,0,40535
Categoria_10,Turno_A,3,12,2,8,0,8,1,0,0,909684
Categoria_50,Turno_B,3,13,1,6,0,6,0,0,0,228126
Categoria_64,Turno_A,2,9,5,44,7,37,12,0,0,386896
Categoria_06,Turno_B,3,10,1,6,0,6,6,0,0,717611
Categoria_67,Turno_A,3,11,1,73,0,73,6,0,0,713550
Categoria_60,Turno_B,3,13,2,16,0,16,0,0,0,40535
Categoria_03,Turno_B,3,14,2,5,0,5,0,0,0,298998
Categoria_69,Turno_A,3,11,3,17,0,17,0,0,0,361279
Categoria_24,Turno_A,3,12,6,11,0,11,0,0,0,23986
Categoria_54,Turno_B,2,9,5,8,0,8,8,0,0,130151
Categoria_58,Turno_A,3,10,5,6,6,0,0,0,0,274712
Categoria_64,Turno_B,3,12,5,16,0,16,0,0,0,386896
Categoria_20,Turno_B,2,9,4,24,0,24,24,0,0,804824
Categoria_Desconocida,Turno_B,3,11,4,15,0,15,0,0,0,298998
Categoria_59,Turno_C,3,12,1,3,0,3,0,0,0,596146
Categoria_17,Turno_B,3,12,1,10,0,10,1,0,0,312918
Categoria_25,Turno_A,3,12,2,14,0,14,14,0,0,988732
Categoria_08,Turno_B,2,9,3,20,0,20,20,0,0,310804
Categoria_28,Turno_B,2,9,1,15,15,0,0,0,0,633094
Categoria_60,Turno_A,3,13,2,46,0,46,0,0,0,40535
Categoria_45,Turno_B,3,13,2,11,0,11,0,0,0,211664
Categoria_20,Turno_B,2,9,1,32,14,18,18,0,0,804824
Categoria_44,Turno_B,3,13,4,40,9,31,3,0,0,698519
Categoria_05,Turno_A,2,9,1,25,9,16,16,0,0,168338
Categoria_14,Turno_B,3,11,5,16,0,16,16,0,0,658663
Categoria_21,Turno_A,3,12,5,12,0,12,12,0,0,466551
Categoria_17,Turno_B,3,10,5,4,0,4,0,0,0,312918
Categoria_65,Turno_A,3,13,3,39,0,39,0,0,0,501234
Categoria_06,Turno_B,3,10,4,35,0,35,35,0,0,717611
Categoria_43,Turno_B,3,13,3,8,0,8,0,0,0,129176
Categoria_20,Turno_A,3,14,2,20,0,20,0,0,0,804824
Categoria_54,Turno_A,3,12,5,8,0,8,0,0,0,130151
Categoria_16,Turno_C,2,9,1,6,6,0,0,0,0,263618
Categoria_43,Turno_B,3,10,1,8,0,8,8,0,0,129176
Categoria_19,Turno_A,3,13,6,4,0,4,0,0,0,385713
Categoria_29,Turno_B,3,10,3,6,0,6,6,0,0,228969
Categoria_14,Turno_B,3,13,3,15,0,15,15,0,0,658663
Categoria_10,Turno_A,3,10,4,6,0,6,0,0,0,909684
Categoria_28,Turno_A,3,10,5,18,0,18,2,0,0,633094
Categoria_28,Turno_B,3,11,3,15,0,15,11,0,0,633094
Categoria_47,Turno_A,3,14,2,25,0,25,0,0,0,831654
Categoria_40,Turno_A,2,9,3,12,0,12,8,0,0,149182
Categoria_42,Turno_A,3,10,4,24,0,24,24,0,0,934414
Categoria_53,Turno_B,3,11,5,15,0,15,15,0,0,860937
Categoria_64,Turno_A,3,14,1,16,16,0,0,0,0,386896
Categoria_25,Turno_A,2,9,2,14,0,14,14,0,0,988732
Categoria_67,Turno_B,3,11,4,14,0,14,0,0,0,713550
Categoria_06,Turno_B,3,12,2,14,0,14,7,0,0,717611
Categoria_45,Turno_B,2,9,4,8,0,8,8,0,0,211664
Categoria_63,Turno_A,3,11,4,15,0,15,1,0,0,34538
Categoria_59,Turno_C,2,9,1,3,0,3,0,0,0,596146
Categoria_31,Turno_B,3,13,2,5,0,5,0,0,0,132409
Categoria_27,Turno_B,3,12,3,6,0,6,0,0,0,194064
Categoria_38,Turno_A,3,12,5,6,0,6,0,0,0,638776
Categoria_14,Turno_A,3,10,1,34,0,34,34,0,0,658663
Categoria_66,Turno_B,3,12,1,12,0,12,0,0,0,146330
Categoria_61,Turno_A,3,10,3,12,12,0,0,0,0,144633
Categoria_22,Turno_A,3,13,3,4,0,4,4,0,0,907421
Categoria_Desconocida,Turno_A,3,11,4,14,0,14,0,0,0,298998
Categoria_62,Turno_B,3,10,4,32,0,32,1,0,0,611661
Categoria_21,Turno_B,3,11,2,6,0,6,6,0,0,466551
Categoria_11,Turno_B,3,11,1,14,0,14,7,0,0,923910
Categoria_68,Turno_A,3,10,1,53,0,53,8,0,0,995067
Categoria_28,Turno_B,3,12,1,15,0,15,4,0,0,633094
Categoria_14,Turno_A,2,9,2,4,0,4,0,0,0,658663
Categoria_55,Turno_A,3,11,6,9,0,9,1,0,0,779598
Categoria_45,Turno_A,3,12,4,6,0,6,0,0,0,211664
Categoria_62,Turno_B,3,11,5,14,0,14,0,0,0,611661
Categoria_42,Turno_B,3,11,5,6,0,6,6,0,0,934414
Categoria_21,Turno_A,3,11,2,15,0,15,15,0,0,466551
Categoria_66,Turno_A,3,10,6,16,0,16,12,0,0,146330
Categoria_20,Turno_A,3,12,1,38,0,38,38,0,0,804824
Categoria_63,Turno_B,3,10,2,9,0,9,9,0,0,34538
Categoria_05,Turno_B,2,9,4,16,0,16,16,0,0,168338
Categoria_21,Turno_A,3,10,3,12,0,12,12,0,0,466551
Categoria_16,Turno_A,2,9,2,20,0,20,5,0,0,263618
Categoria_61,Turno_A,3,11,2,17,0,17,0,0,0,144633
Categoria_66,Turno_A,3,12,1,17,0,17,0,0,0,146330
Categoria_39,Turno_B,2,9,3,11,0,11,6,0,0,60015
Categoria_58,Turno_B,2,9,1,9,0,9,9,0,0,274712
Categoria_58,Turno_A,3,12,1,17,0,17,17,0,0,274712
Categoria_17,Turno_A,3,10,5,8,0,8,0,0,0,312918
Categoria_66,Turno_A,3,10,5,80,0,80,17,0,0,146330
Categoria_03,Turno_B,3,12,4,5,0,5,0,0,0,298998
Categoria_33,Turno_C,2,9,4,1,0,1,0,0,0,298998
Categoria_07,Turno_A,3,12,5,5,0,5,0,0,0,927710
Categoria_32,Turno_A,3,13,4,6,0,6,0,0,0,224020
Categoria_42,Turno_A,2,9,2,18,0,18,18,0,0,934414
Categoria_66,Turno_A,3,14,2,21,0,21,1,0,0,146330
Categoria_07,Turno_A,3,12,6,6,0,6,0,0,0,927710
Categoria_37,Turno_A,3,13,5,15,0,15,1,0,0,294806
Categoria_32,Turno_B,3,10,3,5,0,5,5,0,0,224020
Categoria_66,Turno_B,3,11,3,16,0,16,2,0,0,146330
Categoria_61,Turno_A,2,9,6,20,0,20,13,0,0,144633
Categoria_59,Turno_C,3,10,5,3,0,3,0,0,0,596146
Categoria_05,Turno_A,3,10,5,16,0,16,8,0,0,168338
Categoria_61,Turno_A,3,13,4,22,0,22,0,0,0,144633
Categoria_51,Turno_A,3,10,1,18,18,0,0,0,0,657972
Categoria_68,Turno_C,3,12,4,8,0,8,0,0,0,995067
Categoria_60,Turno_A,3,10,6,20,20,0,0,0,0,40535
Categoria_20,Turno_A,3,13,2,20,0,20,10,0,0,804824
Categoria_05,Turno_B,2,9,1,6,6,0,0,0,0,168338
Categoria_29,Turno_A,3,12,5,6,0,6,0,0,0,228969
Categoria_05,Turno_A,3,10,3,16,0,16,15,0,0,168338
Categoria_12,Turno_A,3,10,2,106,16,90,24,0,0,848688
Categoria_08,Turno_A,3,13,3,40,0,40,7,0,0,310804
Categoria_08,Turno_B,3,13,3,20,0,20,0,0,0,310804
Categoria_27,Turno_B,3,10,1,6,0,6,0,0,0,194064
Categoria_04,Turno_A,3,12,2,11,0,11,0,0,0,298998
Categoria_66,Turno_A,3,10,3,60,0,60,24,0,0,146330
Categoria_66,Turno_A,3,14,1,17,0,17,0,0,0,146330
Categoria_49,Turno_A,2,9,4,81,0,81,81,0,0,58984
Categoria_56,Turno_B,3,12,1,9,0,9,9,0,0,283109
Categoria_56,Turno_A,3,12,1,9,0,9,9,0,0,283109
Categoria_54,Turno_A,3,11,4,17,0,17,0,0,0,130151
Categoria_16,Turno_C,3,14,1,6,0,6,0,0,0,263618
Categoria_41,Turno_A,3,13,2,45,0,45,14,0,0,465808
Categoria_36,Turno_A,2,9,5,50,14,36,16,0,0,499570
Categoria_60,Turno_A,3,11,2,46,0,46,0,0,0,40535
Categoria_08,Turno_A,2,9,2,58,30,28,28,0,0,310804
Categoria_52,Turno_A,3,12,4,139,0,139,4,0,0,143767
Categoria_40,Turno_A,3,10,4,39,0,39,6,0,0,149182
Categoria_09,Turno_A,3,11,3,120,0,120,22,0,0,22666
Categoria_12,Turno_B,3,13,5,59,0,59,1,0,0,848688
Categoria_51,Turno_A,3,12,1,18,0,18,0,0,0,657972
Categoria_67,Turno_A,3,11,5,28,0,28,0,0,0,713550
Categoria_44,Turno_A,2,9,3,62,35,27,27,0,0,698519
Categoria_45,Turno_A,3,14,1,12,0,12,0,0,0,211664
Categoria_51,Turno_B,3,11,3,41,0,41,3,0,0,657972
Categoria_20,Turno_A,3,13,4,42,18,24,12,0,0,804824
Categoria_64,Turno_B,3,10,2,34,0,34,6,0,0,386896
Categoria_59,Turno_A,3,12,1,14,0,14,1,0,0,596146
Categoria_26,Turno_B,3,10,5,120,0,120,15,0,0,490754
Categoria_24,Turno_B,2,9,3,10,0,10,6,0,0,23986
Categoria_24,Turno_B,3,13,5,10,0,10,1,0,0,23986
Categoria_41,Turno_A,3,12,1,48,0,48,4,0,0,465808
Categoria_33,Turno_A,3,13,2,1,0,1,0,0,0,298998
Categoria_35,Turno_B,3,10,1,217,56,161,6,0,0,139312
Categoria_25,Turno_B,2,9,4,21,0,21,21,0,0,988732
Categoria_26,Turno_A,3,10,5,170,28,142,22,0,0,490754
Categoria_26,Turno_A,3,14,2,191,20,171,16,0,0,490754
Categoria_36,Turno_A,3,12,5,50,0,50,0,0,0,499570
Categoria_09,Turno_A,2,9,4,83,63,20,10,0,0,22666
Categoria_41,Turno_B,3,14,2,43,10,33,9,0,0,465808
Categoria_25,Turno_B,3,12,4,21,0,21,20,0,0,988732
Categoria_64,Turno_A,3,11,4,58,0,58,0,0,0,386896
Categoria_64,Turno_A,3,10,2,93,0,93,17,0,0,386896
Categoria_62,Turno_A,3,11,3,28,15,13,0,0,0,611661
Categoria_68,Turno_A,2,9,4,54,18,36,5,0,0,995067
Categoria_33,Turno_A,3,12,4,7,0,7,0,0,0,298998
Categoria_49,Turno_A,3,14,2,65,0,65,0,0,0,58984
Categoria_52,Turno_A,3,13,2,154,15,139,5,0,0,143767
Categoria_66,Turno_A,3,13,1,17,0,17,1,0,0,146330
Categoria_58,Turno_A,3,10,3,31,0,31,31,0,0,274712
Categoria_12,Turno_A,2,9,3,94,52,42,24,0,0,848688
Categoria_68,Turno_B,2,9,4,58,0,58,32,0,0,995067
Categoria_38,Turno_A,3,11,4,6,0,6,6,0,0,638776
Categoria_60,Turno_A,2,9,5,65,65,0,0,0,0,40535
Categoria_49,Turno_A,3,10,6,16,0,16,16,0,0,58984
Categoria_43,Turno_A,3,12,4,8,0,8,0,0,0,129176
Categoria_09,Turno_B,2,9,4,101,79,22,22,0,0,22666
Categoria_26,Turno_A,3,12,1,258,72,186,52,0,0,490754
Categoria_68,Turno_A,2,9,1,53,0,53,52,0,0,995067
Categoria_26,Turno_A,3,12,4,151,0,151,17,0,0,490754
Categoria_61,Turno_A,3,13,5,22,0,22,0,0,0,144633
Categoria_63,Turno_A,3,13,3,78,0,78,19,0,0,34538
Categoria_33,Turno_B,2,9,4,2,0,2,0,0,0,298998
Categoria_23,Turno_A,3,11,2,32,0,32,0,0,0,298998
Categoria_34,Turno_A,3,14,2,67,0,67,0,0,0,904498
Categoria_35,Turno_A,3,12,2,246,2,244,2,0,0,139312
Categoria_35,Turno_B,3,13,3,176,10,166,0,0,0,139312
Categoria_59,Turno_B,2,9,1,26,0,26,13,0,0,596146
Categoria_59,Turno_B,3,14,2,20,0,20,2,0,0,596146
Categoria_59,Turno_B,3,12,4,20,0,20,5,0,0,596146
Categoria_35,Turno_A,3,11,5,205,2,203,3,0,0,139312
Categoria_49,Turno_B,3,10,5,34,0,34,27,0,0,58984
Categoria_25,Turno_B,3,14,2,58,15,43,43,0,0,988732
Categoria_60,Turno_B,3,14,1,40,0,40,0,0,0,40535
Categoria_62,Turno_B,3,12,4,32,0,32,0,0,0,611661
Categoria_09,Turno_B,3,11,3,95,0,95,25,0,0,22666
Categoria_09,Turno_B,3,10,5,56,26,30,12,0,0,22666
Categoria_09,Turno_B,2,9,1,107,32,75,54,0,0,22666
Categoria_25,Turno_B,3,11,3,19,0,19,19,0,0,988732
Categoria_11,Turno_B,3,10,4,34,0,34,32,0,0,923910
Categoria_26,Turno_B,2,9,4,123,55,68,45,0,0,490754
Categoria_49,Turno_A,3,12,4,81,0,81,7,0,0,58984
Categoria_54,Turno_A,3,12,3,19,0,19,3,0,0,130151
Categoria_41,Turno_B,3,12,1,62,0,62,2,0,0,465808
Categoria_41,Turno_A,3,10,5,58,0,58,19,0,0,465808
Categoria_65,Turno_B,2,9,1,35,29,6,6,0,0,501234
Categoria_54,Turno_A,3,13,5,8,0,8,0,0,0,130151
Categoria_49,Turno_B,3,13,2,52,17,35,0,0,0,58984
Categoria_62,Turno_A,3,14,2,21,0,21,0,0,0,611661
Categoria_34,Turno_B,3,10,5,41,0,41,1,0,0,904498
Categoria_34,Turno_B,3,13,2,36,0,36,0,0,0,904498
Categoria_53,Turno_A,3,13,2,30,0,30,7,0,0,860937
Categoria_24,Turno_A,3,11,4,33,0,33,10,0,0,23986
Categoria_59,Turno_A,3,10,5,14,0,14,1,0,0,596146
Categoria_51,Turno_B,3,12,4,50,0,50,2,0,0,657972
Categoria_Desconocida,Turno_A,2,9,2,26,0,26,2,0,0,298998
Categoria_36,Turno_A,3,13,4,31,0,31,0,0,0,499570
Categoria_60,Turno_B,3,13,1,40,0,40,0,0,0,40535
Categoria_08,Turno_A,3,10,1,66,10,56,55,0,0,310804
Categoria_09,Turno_B,3,12,1,107,12,95,7,0,0,22666
Categoria_02,Turno_A,3,12,5,15,0,15,6,0,0,655914
Categoria_68,Turno_A,3,12,4,54,0,54,0,0,0,995067
Categoria_68,Turno_A,3,11,3,54,0,54,1,0,0,995067
Categoria_68,Turno_A,3,10,5,108,12,96,3,0,0,995067
Categoria_52,Turno_A,2,9,1,191,44,147,37,0,0,143767
Categoria_49,Turno_A,3,10,5,82,0,82,17,0,0,58984
Categoria_09,Turno_B,3,12,4,101,0,101,25,0,0,22666
Categoria_26,Turno_A,2,9,4,179,94,85,36,0,0,490754
Categoria_56,Turno_B,2,9,1,9,9,0,0,0,0,283109
Categoria_68,Turno_B,3,14,2,64,0,64,0,0,0,995067
Categoria_37,Turno_B,3,13,3,18,0,18,6,0,0,294806
Categoria_41,Turno_A,3,10,6,46,0,46,27,0,0,465808
Categoria_35,Turno_A,3,10,1,206,18,188,9,0,0,139312
Categoria_38,Turno_A,3,10,2,3,0,3,3,0,0,638776
Categoria_36,Turno_B,2,9,5,44,26,18,3,0,0,499570
Categoria_52,Turno_A,3,11,3,189,0,189,3,0,0,143767
Categoria_14,Turno_A,2,9,4,25,0,25,25,0,0,658663
Categoria_66,Turno_A,2,9,5,80,30,50,12,0,0,146330
Categoria_56,Turno_B,3,10,5,11,0,11,11,0,0,283109
Categoria_44,Turno_B,2,9,3,27,0,27,27,0,0,698519
Categoria_24,Turno_B,3,12,3,25,0,25,7,0,0,23986
Categoria_24,Turno_A,3,11,1,27,0,27,9,0,0,23986
Categoria_20,Turno_B,3,14,1,32,0,32,2,0,0,804824
Categoria_59,Turno_A,3,12,4,11,0,11,0,0,0,596146
Categoria_04,Turno_B,3,12,2,4,0,4,0,0,0,298998
Categoria_33,Turno_A,3,14,2,1,0,1,0,0,0,298998
Categoria_10,Turno_A,3,13,2,8,0,8,0,0,0,909684
Categoria_21,Turno_A,3,13,5,12,0,12,12,0,0,466551
Categoria_68,Turno_A,3,14,2,55,0,55,0,0,0,995067
Categoria_12,Turno_B,3,11,1,68,0,68,25,0,0,848688
Categoria_37,Turno_A,3,13,3,12,0,12,2,0,0,294806
Categoria_49,Turno_A,2,9,1,81,0,81,81,0,0,58984
Categoria_64,Turno_A,2,9,3,36,17,19,4,0,0,386896
Categoria_17,Turno_B,3,11,2,3,0,3,0,0,0,312918
Categoria_09,Turno_B,3,14,2,92,0,92,0,0,0,22666
Categoria_48,Turno_A,3,11,4,54,0,54,54,0,0,311648
Categoria_54,Turno_A,3,11,1,14,0,14,1,0,0,130151
Categoria_26,Turno_B,2,9,1,142,63,79,63,0,0,490754
Categoria_53,Turno_B,3,14,2,18,0,18,1,0,0,860937
Categoria_52,Turno_B,3,14,2,82,12,70,0,0,0,143767
Categoria_42,Turno_B,2,9,1,27,3,24,24,0,0,934414
Categoria_09,Turno_A,3,13,2,82,0,82,19,0,0,22666
Categoria_20,Turno_A,3,13,1,38,0,38,11,0,0,804824
Categoria_40,Turno_B,2,9,2,23,5,18,9,0,0,149182
Categoria_23,Turno_A,3,14,1,32,0,32,0,0,0,298998
Categoria_53,Turno_A,3,11,3,17,0,17,13,0,0,860937
Categoria_26,Turno_B,3,13,2,136,0,136,1,0,0,490754
Categoria_49,Turno_B,3,12,4,33,0,33,3,0,0,58984
Categoria_24,Turno_A,3,12,3,12,0,12,1,0,0,23986
Categoria_24,Turno_B,3,11,1,10,0,10,4,0,0,23986
Categoria_35,Turno_B,2,9,2,177,50,127,11,0,0,139312
Categoria_41,Turno_B,2,9,1,62,16,46,46,0,0,465808
Categoria_59,Turno_B,3,13,2,20,0,20,4,0,0,596146
Categoria_59,Turno_B,3,12,1,26,0,26,4,0,0,596146
Categoria_35,Turno_A,3,11,6,156,0,156,4,0,0,139312
Categoria_36,Turno_A,3,14,1,31,0,31,0,0,0,499570
Categoria_52,Turno_B,2,9,1,41,9,32,6,0,0,143767
Categoria_52,Turno_B,3,13,2,82,12,70,0,0,0,143767
Categoria_09,Turno_A,3,12,4,71,0,71,10,0,0,22666
Categoria_29,Turno_A,3,13,5,6,0,6,0,0,0,228969
Categoria_68,Turno_B,2,9,1,79,34,45,45,0,0,995067
Categoria_08,Turno_B,3,12,2,22,0,22,6,0,0,310804
Categoria_48,Turno_A,3,12,3,33,15,18,18,0,0,311648
Categoria_41,Turno_A,2,9,1,48,24,24,24,0,0,465808
Categoria_12,Turno_B,3,10,2,36,8,28,15,0,0,848688
Categoria_60,Turno_A,3,12,5,65,0,65,0,0,0,40535
Categoria_14,Turno_A,3,12,4,28,0,28,28,0,0,658663
Categoria_06,Turno_B,2,9,4,35,18,17,17,0,0,717611
Categoria_06,Turno_B,3,14,2,14,0,14,0,0,0,717611
Categoria_61,Turno_A,2,9,3,12,12,0,0,0,0,144633
Categoria_45,Turno_B,3,13,4,8,0,8,0,0,0,211664
Categoria_20,Turno_B,2,9,5,38,14,24,24,0,0,804824
Categoria_34,Turno_A,2,9,4,54,0,54,1,0,0,904498
Categoria_35,Turno_A,2,9,2,275,77,198,27,0,0,139312
Categoria_65,Turno_A,3,12,1,113,0,113,2,0,0,501234
Categoria_65,Turno_A,3,12,4,85,0,85,3,0,0,501234
Categoria_36,Turno_A,3,13,1,31,0,31,0,0,0,499570
Categoria_34,Turno_A,3,10,5,32,0,32,1,0,0,904498
Categoria_26,Turno_A,3,13,2,191,20,171,29,0,0,490754
Categoria_35,Turno_B,3,12,2,173,2,171,0,0,0,139312
Categoria_51,Turno_B,3,13,2,40,0,40,2,0,0,657972
Categoria_49,Turno_A,3,13,2,65,0,65,1,0,0,58984
Categoria_49,Turno_A,3,12,1,81,0,81,10,0,0,58984
Categoria_26,Turno_A,3,11,3,170,26,144,34,0,0,490754
Categoria_26,Turno_B,3,12,4,116,0,116,22,0,0,490754
Categoria_48,Turno_A,3,13,5,51,0,51,29,0,0,311648
Categoria_26,Turno_B,3,14,2,136,18,118,0,0,0,490754
Categoria_58,Turno_A,3,13,4,21,5,16,5,0,0,274712
Categoria_16,Turno_C,3,13,1,6,0,6,0,0,0,263618
Categoria_40,Turno_B,3,10,1,23,15,8,2,0,0,149182
Categoria_41,Turno_A,3,12,4,51,0,51,13,0,0,465808
Categoria_47,Turno_A,3,13,4,21,0,21,1,0,0,831654
Categoria_34,Turno_B,3,12,4,24,0,24,0,0,0,904498
Categoria_51,Turno_C,3,10,3,4,0,4,4,0,0,657972
Categoria_53,Turno_A,3,14,2,30,0,30,1,0,0,860937
Categoria_44,Turno_A,3,11,1,36,0,36,6,0,0,698519
Categoria_59,Turno_A,3,14,2,23,0,23,3,0,0,596146
Categoria_59,Turno_A,3,11,3,26,0,26,3,0,0,596146
Categoria_59,Turno_B,3,11,3,20,0,20,4,0,0,596146
Categoria_12,Turno_A,3,11,1,84,0,84,31,0,0,848688
Categoria_52,Turno_A,3,10,5,151,12,139,11,0,0,143767
Categoria_07,Turno_A,2,9,3,6,6,0,0,0,0,927710
Categoria_05,Turno_A,3,11,2,9,0,9,3,0,0,168338
Categoria_62,Turno_B,2,9,4,32,0,32,13,0,0,611661
Categoria_09,Turno_A,2,9,1,44,16,28,26,0,0,22666
Categoria_26,Turno_B,3,11,3,197,0,197,39,0,0,490754
Categoria_29,Turno_B,3,12,3,6,6,0,0,0,0,228969
Categoria_34,Turno_A,3,10,6,24,0,24,2,0,0,904498
Categoria_65,Turno_B,3,12,4,41,0,41,0,0,0,501234
Categoria_04,Turno_A,2,9,2,11,0,11,0,0,0,298998
Categoria_28,Turno_B,3,14,1,15,0,15,0,0,0,633094
Categoria_09,Turno_B,3,13,2,92,0,92,2,0,0,22666
Categoria_14,Turno_A,3,14,2,4,0,4,0,0,0,658663
Categoria_60,Turno_A,3,13,1,76,0,76,0,0,0,40535
Categoria_68,Turno_B,3,12,1,79,0,79,3,0,0,995067
Categoria_36,Turno_A,3,12,6,17,0,17,0,0,0,499570
Categoria_42,Turno_A,3,10,5,24,0,24,24,0,0,934414
Categoria_51,Turno_B,2,9,4,50,0,50,50,0,0,657972
Categoria_63,Turno_A,3,10,1,71,11,60,60,0,0,34538
Categoria_44,Turno_A,3,13,5,49,0,49,11,0,0,698519
Categoria_26,Turno_B,3,12,1,131,0,131,8,0,0,490754
Categoria_24,Turno_A,2,9,3,12,0,12,8,0,0,23986
Categoria_44,Turno_A,3,13,6,55,15,40,13,0,0,698519
Categoria_48,Turno_B,3,11,4,49,0,49,49,0,0,311648
Categoria_52,Turno_A,3,14,2,154,3,151,0,0,0,143767
Categoria_14,Turno_A,3,12,1,34,0,34,34,0,0,658663
Categoria_25,Turno_B,3,13,2,58,15,43,43,0,0,988732
Categoria_61,Turno_B,3,12,3,67,12,55,0,0,0,144633
Categoria_41,Turno_A,3,14,2,45,1,44,13,0,0,465808
Categoria_41,Turno_B,3,12,4,41,0,41,13,0,0,465808
Categoria_53,Turno_A,3,12,4,27,0,27,14,0,0,860937
Categoria_68,Turno_B,3,11,3,72,0,72,1,0,0,995067
Categoria_57,Turno_A,2,9,4,6,0,6,6,0,0,978140
Categoria_45,Turno_B,3,10,3,40,0,40,17,0,0,211664
Categoria_12,Turno_A,3,13,5,78,0,78,0,0,0,848688
Categoria_22,Turno_B,3,12,1,10,0,10,10,0,0,907421
Categoria_54,Turno_B,2,9,3,21,11,10,10,0,0,130151
Categoria_59,Turno_A,2,9,1,14,0,14,5,0,0,596146
Categoria_23,Turno_B,3,10,3,24,24,0,0,0,0,298998
Categoria_24,Turno_B,3,10,2,10,0,10,5,0,0,23986
Categoria_24,Turno_B,3,11,4,10,0,10,4,0,0,23986
Categoria_51,Turno_B,3,14,2,40,0,40,0,0,0,657972
Categoria_59,Turno_B,3,10,5,26,0,26,6,0,0,596146
Categoria_35,Turno_B,3,10,4,101,12,89,0,0,0,139312
Categoria_35,Turno_A,3,13,3,258,0,258,1,0,0,139312
Categoria_01,Turno_A,3,12,3,10,0,10,10,0,0,557707
Categoria_17,Turno_B,3,14,1,10,0,10,0,0,0,312918
Categoria_08,Turno_B,3,10,4,31,0,31,31,0,0,310804
Categoria_65,Turno_B,3,11,3,68,0,68,1,0,0,501234
Categoria_30,Turno_B,3,11,4,6,0,6,1,0,0,298998
Categoria_41,Turno_A,2,9,4,51,16,35,35,0,0,465808
Categoria_49,Turno_B,2,9,1,31,0,31,31,0,0,58984
Categoria_58,Turno_A,3,14,1,17,0,17,17,0,0,274712
Categoria_45,Turno_B,3,14,1,13,0,13,0,0,0,211664
Categoria_60,Turno_A,3,14,1,76,0,76,0,0,0,40535
Categoria_43,Turno_A,3,10,6,9,0,9,6,0,0,129176
Categoria_03,Turno_B,3,11,2,5,0,5,0,0,0,298998
Categoria_24,Turno_A,3,13,5,12,0,12,1,0,0,23986
Categoria_41,Turno_B,3,11,3,49,0,49,2,0,0,465808
Categoria_25,Turno_B,2,9,1,34,7,27,27,0,0,988732
Categoria_65,Turno_A,3,14,2,99,0,99,0,0,0,501234
Categoria_48,Turno_B,3,11,1,15,0,15,15,0,0,311648
Categoria_36,Turno_B,3,14,1,30,0,30,0,0,0,499570
Categoria_05,Turno_A,3,13,1,25,0,25,1,0,0,168338
Categoria_Desconocida,Turno_A,3,10,1,23,0,23,15,0,0,298998
Categoria_21,Turno_B,3,10,2,6,0,6,6,0,0,466551
Categoria_34,Turno_A,3,12,4,54,0,54,0,0,0,904498
Categoria_69,Turno_B,3,13,4,24,24,0,0,0,0,361279
Categoria_51,Turno_B,2,9,1,38,0,38,38,0,0,657972
Categoria_54,Turno_B,3,11,1,19,0,19,7,0,0,130151
Categoria_Desconocida,Turno_A,3,13,3,56,0,56,0,0,0,298998
Categoria_41,Turno_A,3,11,3,73,0,73,1,0,0,465808
Categoria_42,Turno_B,3,12,1,27,0,27,27,0,0,934414
Categoria_08,Turno_A,3,10,4,71,22,49,49,0,0,310804
Categoria_65,Turno_A,2,9,4,85,19,66,27,0,0,501234
Categoria_53,Turno_B,3,13,2,18,0,18,1,0,0,860937
Categoria_24,Turno_A,3,10,2,12,0,12,8,0,0,23986
Categoria_35,Turno_A,3,10,4,211,24,187,3,0,0,139312
Categoria_59,Turno_A,3,10,6,11,0,11,1,0,0,596146
Categoria_49,Turno_B,3,11,3,61,0,61,10,0,0,58984
Categoria_34,Turno_B,2,9,1,13,0,13,5,0,0,904498
Categoria_52,Turno_A,2,9,4,139,27,112,14,0,0,143767
Categoria_41,Turno_B,3,10,5,48,0,48,19,0,0,465808
Categoria_61,Turno_A,3,10,2,17,0,17,6,0,0,144633
Categoria_26,Turno_A,3,10,6,144,32,112,50,0,0,490754
Categoria_68,Turno_A,3,10,6,67,0,67,10,0,0,995067
Categoria_67,Turno_A,3,10,1,73,32,41,3,0,0,713550
Categoria_43,Turno_A,3,14,2,6,0,6,0,0,0,129176
Categoria_43,Turno_B,3,13,2,8,0,8,0,0,0,129176
Categoria_34,Turno_B,3,11,3,36,0,36,0,0,0,904498
Categoria_26,Turno_A,2,9,1,258,75,183,141,0,0,490754
Categoria_22,Turno_A,3,11,3,4,0,4,4,0,0,907421
Categoria_12,Turno_B,3,11,4,43,0,43,2,0,0,848688
Categoria_44,Turno_A,3,12,3,62,0,62,12,0,0,698519
Categoria_17,Turno_B,2,9,5,4,0,4,0,0,0,312918
Categoria_09,Turno_A,3,10,5,102,36,66,33,0,0,22666
Categoria_14,Turno_A,3,13,2,4,0,4,0,0,0,658663
Categoria_53,Turno_B,2,9,4,21,0,21,21,0,0,860937
Categoria_42,Turno_B,3,12,4,26,0,26,26,0,0,934414
Categoria_08,Turno_A,3,12,2,58,18,40,1,0,0,310804
Categoria_42,Turno_B,3,14,2,14,0,14,13,0,0,934414
Categoria_43,Turno_B,2,9,1,8,8,0,0,0,0,129176
Categoria_46,Turno_A,3,10,3,15,0,15,15,0,0,625270
Categoria_67,Turno_B,2,9,2,30,12,18,2,0,0,713550
Categoria_53,Turno_B,3,12,4,21,0,21,4,0,0,860937
Categoria_20,Turno_B,3,12,5,38,24,14,14,0,0,804824
Categoria_12,Turno_A,3,12,3,94,0,94,1,0,0,848688
Categoria_59,Turno_A,3,13,2,23,0,23,2,0,0,596146
Categoria_23,Turno_A,3,13,4,32,0,32,0,0,0,298998
Categoria_59,Turno_B,2,9,4,20,0,20,9,0,0,596146
Categoria_Desconocida,Turno_A,3,12,2,47,0,47,0,0,0,298998
Categoria_65,Turno_A,3,13,2,99,0,99,0,0,0,501234
Categoria_52,Turno_B,3,12,4,103,0,103,4,0,0,143767
Categoria_05,Turno_A,3,14,1,25,0,25,0,0,0,168338
Categoria_51,Turno_A,2,9,4,40,0,40,40,0,0,657972
Categoria_64,Turno_A,3,11,1,16,0,16,0,0,0,386896
Categoria_44,Turno_A,3,10,2,35,0,35,33,0,0,698519
Categoria_49,Turno_A,3,11,3,44,0,44,11,0,0,58984
Categoria_14,Turno_A,2,9,1,34,14,20,20,0,0,658663
Categoria_66,Turno_B,3,14,1,12,0,12,0,0,0,146330
Categoria_62,Turno_B,3,13,2,21,0,21,0,0,0,611661
Categoria_10,Turno_B,3,12,4,6,0,6,0,0,0,909684
Categoria_57,Turno_A,2,9,1,6,0,6,6,0,0,978140
Categoria_20,Turno_B,3,13,1,32,0,32,12,0,0,804824
Categoria_35,Turno_B,3,11,5,116,2,114,0,0,0,139312
Categoria_15,Turno_B,3,11,4,10,0,10,0,0,0,482525
Categoria_09,Turno_A,3,14,2,82,0,82,7,0,0,22666
Categoria_65,Turno_B,3,12,1,35,0,35,5,0,0,501234
Categoria_37,Turno_B,2,9,2,24,6,18,18,0,0,294806
Categoria_43,Turno_A,3,13,2,6,0,6,0,0,0,129176
Categoria_12,Turno_B,2,9,3,37,0,37,17,0,0,848688
Categoria_60,Turno_B,3,11,2,16,0,16,0,0,0,40535
Categoria_44,Turno_B,3,11,4,40,0,40,18,0,0,698519
Categoria_45,Turno_B,3,13,1,23,0,23,1,0,0,211664
Categoria_61,Turno_B,3,11,4,92,0,92,2,0,0,144633
Categoria_59,Turno_A,2,9,4,11,0,11,4,0,0,596146
Categoria_52,Turno_B,3,10,5,41,0,41,0,0,0,143767
Categoria_52,Turno_A,3,12,1,185,0,185,3,0,0,143767
Categoria_42,Turno_B,3,10,5,6,0,6,6,0,0,934414
Categoria_29,Turno_B,2,9,3,6,6,0,0,0,0,228969
Categoria_25,Turno_A,3,14,2,14,0,14,14,0,0,988732
Categoria_04,Turno_A,3,11,5,9,0,9,0,0,0,298998
Categoria_10,Turno_B,3,13,2,4,0,4,0,0,0,909684
Categoria_40,Turno_A,3,10,1,26,0,26,2,0,0,149182
Categoria_54,Turno_B,3,13,5,8,0,8,3,0,0,130151
Categoria_47,Turno_A,3,13,1,23,1,22,0,0,0,831654
Categoria_60,Turno_A,3,13,4,56,0,56,0,0,0,40535
Categoria_10,Turno_B,2,9,4,6,0,6,3,0,0,909684
Categoria_56,Turno_A,3,10,5,9,0,9,9,0,0,283109
Categoria_33,Turno_C,3,13,4,1,0,1,0,0,0,298998
Categoria_59,Turno_C,3,12,5,3,0,3,0,0,0,596146
Categoria_36,Turno_B,3,13,1,30,0,30,0,0,0,499570
Categoria_68,Turno_B,3,13,2,64,0,64,0,0,0,995067
Categoria_37,Turno_B,3,12,2,24,0,24,13,0,0,294806
Categoria_11,Turno_B,3,10,1,14,0,14,14,0,0,923910
Categoria_12,Turno_A,3,13,6,16,0,16,0,0,0,848688
Categoria_11,Turno_A,3,10,4,6,0,6,6,0,0,923910
Categoria_51,Turno_B,3,12,1,36,0,36,6,0,0,657972
Categoria_08,Turno_A,3,11,5,13,0,13,9,0,0,310804
Categoria_24,Turno_A,3,13,6,11,0,11,0,0,0,23986
Categoria_12,Turno_A,3,11,4,76,0,76,16,0,0,848688
Categoria_41,Turno_C,3,13,1,5,0,5,0,0,0,465808
Categoria_47,Turno_A,3,11,2,25,0,25,4,0,0,831654
Categoria_42,Turno_B,3,13,2,14,0,14,14,0,0,934414
Categoria_52,Turno_B,2,9,4,103,9,94,25,0,0,143767
Categoria_42,Turno_A,3,13,2,18,0,18,18,0,0,934414
Categoria_04,Turno_A,3,10,4,2,0,2,0,0,0,298998
Categoria_63,Turno_B,3,12,2,9,0,9,1,0,0,34538
Categoria_61,Turno_B,3,10,2,118,0,118,23,0,0,144633
Categoria_62,Turno_B,3,10,5,14,0,14,4,0,0,611661
Categoria_40,Turno_A,3,11,5,21,0,21,0,0,0,149182
Categoria_34,Turno_A,3,13,2,67,0,67,0,0,0,904498
Categoria_62,Turno_B,3,11,3,34,0,34,3,0,0,611661
Categoria_52,Turno_A,3,10,6,75,0,75,5,0,0,143767
Categoria_54,Turno_B,3,11,4,5,0,5,2,0,0,130151
Categoria_65,Turno_B,2,9,4,41,20,21,8,0,0,501234
Categoria_62,Turno_A,2,9,4,46,15,31,29,0,0,611661
Categoria_66,Turno_A,2,9,6,16,16,0,0,0,0,146330
Categoria_44,Turno_B,3,11,1,25,0,25,8,0,0,698519
Categoria_45,Turno_A,3,13,1,12,0,12,0,0,0,211664
Categoria_63,Turno_B,3,13,3,12,0,12,0,0,0,34538
Categoria_20,Turno_A,3,12,5,18,18,0,0,0,0,804824
Categoria_60,Turno_A,2,9,6,20,20,0,0,0,0,40535
Categoria_54,Turno_B,3,12,3,21,0,21,15,0,0,130151
Categoria_23,Turno_A,3,10,3,8,8,0,0,0,0,298998
Categoria_33,Turno_B,3,11,3,2,0,2,0,0,0,298998
Categoria_33,Turno_C,3,14,1,1,0,1,0,0,0,298998
Categoria_09,Turno_A,3,10,6,12,0,12,12,0,0,22666
Categoria_36,Turno_B,3,12,5,26,0,26,0,0,0,499570
Categoria_49,Turno_B,3,14,2,52,0,52,2,0,0,58984
Categoria_56,Turno_B,3,13,2,7,0,7,4,0,0,283109
Categoria_41,Turno_B,2,9,4,41,0,41,41,0,0,465808
Categoria_68,Turno_B,3,10,5,53,12,41,6,0,0,995067
Categoria_14,Turno_B,3,13,2,38,0,38,38,0,0,658663
Categoria_67,Turno_B,3,10,4,14,0,14,3,0,0,713550
Categoria_40,Turno_A,3,13,3,12,0,12,0,0,0,149182
Categoria_56,Turno_A,3,13,2,12,0,12,2,0,0,283109
Categoria_61,Turno_A,3,11,1,22,8,14,6,0,0,144633
Categoria_51,Turno_B,3,10,5,46,36,10,6,0,0,657972
Categoria_03,Turno_B,3,13,1,6,0,6,0,0,0,298998
Categoria_53,Turno_A,3,10,6,20,0,20,20,0,0,860937
Categoria_07,Turno_A,3,10,2,10,10,0,0,0,0,927710
Categoria_28,Turno_B,3,13,1,15,0,15,2,0,0,633094
Categoria_58,Turno_A,3,11,2,31,15,16,16,0,0,274712
Categoria_14,Turno_B,3,14,2,38,0,38,38,0,0,658663
Categoria_38,Turno_A,2,9,3,3,3,0,0,0,0,638776
Categoria_34,Turno_B,3,14,2,36,0,36,0,0,0,904498
Categoria_53,Turno_A,3,12,1,28,0,28,10,0,0,860937
Categoria_53,Turno_A,2,9,4,27,14,13,13,0,0,860937
Categoria_44,Turno_B,3,10,2,23,0,23,18,0,0,698519
Categoria_63,Turno_A,3,10,4,15,0,15,5,0,0,34538
Categoria_Desconocida,Turno_B,3,12,2,18,0,18,0,0,0,298998
Categoria_59,Turno_C,3,14,1,3,0,3,0,0,0,596146
Categoria_25,Turno_B,3,12,1,34,0,34,34,0,0,988732
Categoria_48,Turno_A,2,9,3,33,0,33,33,0,0,311648
Categoria_51,Turno_A,3,12,4,40,0,40,3,0,0,657972
Categoria_22,Turno_A,3,10,6,7,0,7,7,0,0,907421
Categoria_68,Turno_A,3,13,2,55,0,55,0,0,0,995067
Categoria_18,Turno_A,3,11,4,8,0,8,0,0,0,298998
Categoria_52,Turno_B,3,11,3,39,0,39,7,0,0,143767
Categoria_65,Turno_A,3,11,3,39,0,39,1,0,0,501234
Categoria_41,Turno_B,3,13,2,43,0,43,9,0,0,465808
Categoria_36,Turno_B,3,10,3,18,0,18,7,0,0,499570
Categoria_37,Turno_B,3,10,4,19,0,19,19,0,0,294806
Categoria_22,Turno_B,3,11,3,8,0,8,8,0,0,907421
Categoria_22,Turno_B,2,9,1,10,10,0,0,0,0,907421
Categoria_20,Turno_A,2,9,5,18,0,18,18,0,0,804824
Categoria_40,Turno_B,3,12,2,14,0,14,2,0,0,149182
Categoria_53,Turno_B,3,10,5,15,0,15,15,0,0,860937
Categoria_63,Turno_A,2,9,2,35,0,35,34,0,0,34538
Categoria_10,Turno_A,3,14,2,8,0,8,0,0,0,909684
Categoria_15,Turno_B,3,12,3,18,0,18,0,0,0,482525
Categoria_50,Turno_B,3,11,1,6,0,6,0,0,0,228126
Categoria_05,Turno_A,2,9,5,16,0,16,16,0,0,168338
Categoria_61,Turno_B,3,11,1,66,0,66,13,0,0,144633
Categoria_10,Turno_A,2,9,4,6,0,6,5,0,0,909684
Categoria_08,Turno_B,2,9,2,22,0,22,22,0,0,310804
Categoria_64,Turno_A,3,13,5,44,0,44,0,0,0,386896
Categoria_14,Turno_A,3,11,3,15,0,15,11,0,0,658663
Categoria_14,Turno_B,2,9,4,9,0,9,9,0,0,658663
Categoria_62,Turno_A,3,12,1,18,0,18,0,0,0,611661
Categoria_63,Turno_B,3,10,4,43,0,43,24,0,0,34538
Categoria_53,Turno_A,2,9,1,28,11,17,16,0,0,860937
Categoria_57,Turno_A,3,12,1,6,0,6,0,0,0,978140
Categoria_66,Turno_A,3,12,5,80,0,80,2,0,0,146330
Categoria_48,Turno_B,3,10,2,61,3,58,58,0,0,311648
Categoria_27,Turno_B,3,13,3,6,0,6,0,0,0,194064
Categoria_64,Turno_A,3,12,3,36,0,36,1,0,0,386896
Categoria_41,Turno_C,3,14,1,5,0,5,0,0,0,465808
Categoria_68,Turno_A,3,12,1,53,0,53,2,0,0,995067
Categoria_49,Turno_B,3,12,1,31,13,18,0,0,0,58984
Categoria_47,Turno_A,3,10,3,25,0,25,0,0,0,831654
Categoria_08,Turno_B,3,10,1,27,0,27,27,0,0,310804
Categoria_09,Turno_A,3,12,1,44,0,44,3,0,0,22666
Categoria_43,Turno_B,3,11,3,8,0,8,1,0,0,129176
Categoria_62,Turno_A,3,12,4,46,0,46,0,0,0,611661
Categoria_33,Turno_B,3,12,4,2,0,2,0,0,0,298998
Categoria_60,Turno_A,3,12,6,20,20,0,0,0,0,40535
Categoria_23,Turno_A,3,13,1,32,0,32,0,0,0,298998
Categoria_04,Turno_B,2,9,2,4,0,4,0,0,0,298998
Categoria_Desconocida,Turno_A,3,11,6,15,0,15,0,0,0,298998
Categoria_05,Turno_B,3,13,4,16,0,16,0,0,0,168338
Categoria_28,Turno_A,3,10,3,18,0,18,8,0,0,633094
Categoria_58,Turno_A,2,9,5,6,0,6,6,0,0,274712
Categoria_68,Turno_B,3,12,4,58,0,58,0,0,0,995067
Categoria_38,Turno_A,3,11,1,6,0,6,6,0,0,638776
Categoria_42,Turno_B,3,11,3,12,0,12,12,0,0,934414
Categoria_67,Turno_B,3,12,2,30,0,30,0,0,0,713550
Categoria_42,Turno_A,2,9,4,24,0,24,24,0,0,934414
Categoria_60,Turno_B,3,10,3,20,0,20,1,0,0,40535
Categoria_33,Turno_A,3,10,6,8,0,8,0,0,0,298998
Categoria_19,Turno_A,3,11,6,4,0,4,0,0,0,385713
Categoria_05,Turno_B,3,11,2,3,0,3,0,0,0,168338
Categoria_14,Turno_B,3,10,5,16,0,16,16,0,0,658663
Categoria_12,Turno_B,3,12,3,37,0,37,0,0,0,848688
Categoria_33,Turno_A,2,9,4,7,0,7,0,0,0,298998
Categoria_32,Turno_B,3,12,3,5,0,5,0,0,0,224020
Categoria_06,Turno_B,3,12,4,35,0,35,21,0,0,717611
Categoria_20,Turno_A,3,14,1,38,0,38,2,0,0,804824
Categoria_48,Turno_A,3,10,2,49,0,49,49,0,0,311648
Categoria_Desconocida,Turno_B,2,9,2,18,0,18,0,0,0,298998
Categoria_07,Turno_B,3,11,1,13,0,13,0,0,0,927710
Categoria_51,Turno_A,3,10,5,45,18,27,12,0,0,657972
Categoria_37,Turno_A,3,11,5,15,0,15,11,0,0,294806
Categoria_39,Turno_B,3,13,3,11,0,11,0,0,0,60015
Categoria_54,Turno_A,2,9,3,19,8,11,10,0,0,130151
Categoria_56,Turno_B,3,14,2,7,0,7,1,0,0,283109
Categoria_67,Turno_A,3,10,4,28,0,28,2,0,0,713550
Categoria_14,Turno_C,3,13,1,8,0,8,8,0,0,658663
Categoria_14,Turno_B,3,12,1,4,0,4,0,0,0,658663
Categoria_06,Turno_B,3,12,1,6,0,6,6,0,0,717611
Categoria_38,Turno_A,3,13,5,6,0,6,1,0,0,638776
Categoria_36,Turno_A,3,10,3,28,14,14,2,0,0,499570
Categoria_62,Turno_A,3,13,2,21,0,21,0,0,0,611661
Categoria_62,Turno_A,3,10,5,37,0,37,3,0,0,611661
Categoria_61,Turno_B,2,9,3,73,57,16,15,0,0,144633
Categoria_49,Turno_B,2,9,4,33,17,16,16,0,0,58984
Categoria_53,Turno_A,3,10,5,35,0,35,33,0,0,860937
Categoria_56,Turno_A,3,10,6,19,8,11,11,0,0,283109
Categoria_48,Turno_B,3,13,5,12,0,12,12,0,0,311648
Categoria_65,Turno_A,3,10,5,66,51,15,1,0,0,501234
Categoria_31,Turno_B,3,11,2,5,0,5,1,0,0,132409
Categoria_04,Turno_B,3,10,4,4,0,4,0,0,0,298998
Categoria_37,Turno_A,3,10,1,12,0,12,12,0,0,294806
Categoria_28,Turno_A,2,9,5,18,0,18,8,0,0,633094
Categoria_61,Turno_C,3,10,1,4,0,4,3,0,0,144633
Categoria_14,Turno_A,3,10,5,26,0,26,26,0,0,658663
Categoria_59,Turno_C,3,13,1,3,0,3,0,0,0,596146
Categoria_16,Turno_A,3,13,2,20,0,20,0,0,0,263618
Categoria_61,Turno_A,3,11,4,22,0,22,0,0,0,144633
Categoria_65,Turno_A,2,9,1,113,0,113,94,0,0,501234
Categoria_67,Turno_B,3,10,1,22,0,22,2,0,0,713550
Categoria_54,Turno_A,3,10,2,15,0,15,3,0,0,130151
Categoria_36,Turno_A,2,9,6,17,17,0,0,0,0,499570
Categoria_64,Turno_B,3,11,1,36,16,20,0,0,0,386896
Categoria_Desconocida,Turno_B,3,10,4,15,8,7,0,0,0,298998
Categoria_Desconocida,Turno_B,3,13,3,21,0,21,6,0,0,298998
Categoria_51,Turno_A,3,13,2,18,0,18,1,0,0,657972
Categoria_34,Turno_A,3,11,3,42,0,42,1,0,0,904498
Categoria_14,Turno_B,2,9,1,4,0,4,0,0,0,658663
Categoria_40,Turno_A,3,12,2,19,0,19,0,0,0,149182
Categoria_61,Turno_A,3,12,3,12,0,12,0,0,0,144633
Categoria_65,Turno_A,3,10,6,21,0,21,2,0,0,501234
Categoria_50,Turno_B,3,11,4,6,0,6,0,0,0,228126
Categoria_16,Turno_A,3,10,5,14,0,14,0,0,0,263618
Categoria_42,Turno_A,3,14,2,18,0,18,16,0,0,934414
Categoria_66,Turno_A,3,13,4,33,0,33,0,0,0,146330
Categoria_40,Turno_B,3,13,3,8,0,8,0,0,0,149182
Categoria_45,Turno_B,3,12,5,10,0,10,4,0,0,211664
Categoria_Desconocida,Turno_A,3,10,4,14,0,14,2,0,0,298998
Categoria_07,Turno_B,3,11,4,6,0,6,0,0,0,927710
Categoria_52,Turno_B,3,12,1,38,0,38,0,0,0,143767
Categoria_69,Turno_B,3,11,2,24,15,9,0,0,0,361279
Categoria_28,Turno_B,3,13,4,15,0,15,2,0,0,633094
Categoria_40,Turno_A,2,9,2,19,11,8,3,0,0,149182
Categoria_61,Turno_C,2,9,2,4,0,4,3,0,0,144633
Categoria_17,Turno_A,3,12,5,8,0,8,0,0,0,312918
Categoria_36,Turno_A,3,11,2,27,0,27,3,0,0,499570
Categoria_38,Turno_A,3,12,3,3,0,3,1,0,0,638776
Categoria_64,Turno_B,3,13,5,16,0,16,0,0,0,386896
Categoria_21,Turno_A,3,10,2,15,0,15,15,0,0,466551
Categoria_21,Turno_A,3,11,1,12,0,12,12,0,0,466551
Categoria_07,Turno_A,3,11,4,8,0,8,2,0,0,927710
Categoria_16,Turno_A,3,14,2,20,0,20,0,0,0,263618
Categoria_56,Turno_A,2,9,1,9,9,0,0,0,0,283109
Categoria_38,Turno_B,2,9,3,9,9,0,0,0,0,638776
Categoria_66,Turno_B,3,10,3,16,16,0,0,0,0,146330
Categoria_34,Turno_B,2,9,4,24,24,0,0,0,0,904498
Categoria_43,Turno_B,3,12,1,8,0,8,2,0,0,129176
Categoria_66,Turno_A,3,11,2,21,0,21,4,0,0,146330
Categoria_Desconocida,Turno_C,2,9,1,3,0,3,0,0,0,298998
Categoria_01,Turno_A,2,9,3,10,0,10,10,0,0,557707
Categoria_05,Turno_A,3,12,5,16,0,16,0,0,0,168338
Categoria_10,Turno_B,3,14,2,4,0,4,0,0,0,909684
Categoria_08,Turno_B,3,11,5,2,0,2,2,0,0,310804
Categoria_06,Turno_A,2,9,4,12,0,12,12,0,0,717611
Categoria_36,Turno_B,3,13,4,18,0,18,0,0,0,499570
Categoria_67,Turno_A,3,11,6,32,16,16,0,0,0,713550
Categoria_62,Turno_A,2,9,1,18,18,0,0,0,0,611661
Categoria_63,Turno_A,3,12,2,24,0,24,1,0,0,34538
Categoria_44,Turno_B,3,12,3,27,0,27,3,0,0,698519
Categoria_07,Turno_A,3,12,3,6,0,6,1,0,0,927710
Categoria_51,Turno_A,3,14,2,18,0,18,0,0,0,657972
Categoria_32,Turno_A,3,11,4,6,0,6,0,0,0,224020
Categoria_56,Turno_B,3,11,3,8,0,8,8,0,0,283109
Categoria_47,Turno_A,3,14,1,23,1,22,0,0,0,831654
Categoria_38,Turno_B,3,12,3,9,0,9,1,0,0,638776
Categoria_63,Turno_B,2,9,2,9,9,0,0,0,0,34538
Categoria_03,Turno_B,3,14,1,6,0,6,0,0,0,298998
Categoria_34,Turno_A,3,12,1,15,0,15,0,0,0,904498
Categoria_34,Turno_B,3,12,1,13,0,13,0,0,0,904498
Categoria_15,Turno_B,2,9,3,18,18,0,0,0,0,482525
Categoria_21,Turno_A,3,11,4,15,0,15,15,0,0,466551
Categoria_58,Turno_A,3,13,1,17,0,17,17,0,0,274712
Categoria_66,Turno_A,3,12,6,16,0,16,0,0,0,146330
Categoria_25,Turno_A,3,10,5,15,0,15,15,0,0,988732
Categoria_51,Turno_A,2,9,1,18,15,3,3,0,0,657972
Categoria_56,Turno_A,3,14,2,12,0,12,1,0,0,283109
Categoria_44,Turno_A,3,11,4,35,0,35,13,0,0,698519
Categoria_33,Turno_C,3,13,1,1,0,1,0,0,0,298998
Categoria_56,Turno_B,3,12,4,9,0,9,9,0,0,283109
Categoria_42,Turno_B,2,9,4,26,0,26,26,0,0,934414
Categoria_06,Turno_B,3,13,2,14,0,14,0,0,0,717611
Categoria_17,Turno_A,2,9,5,8,0,8,3,0,0,312918
Categoria_54,Turno_B,3,10,2,10,10,0,0,0,0,130151
Categoria_28,Turno_A,3,12,5,18,0,18,0,0,0,633094
Categoria_56,Turno_B,2,9,4,9,9,0,0,0,0,283109
Categoria_06,Turno_B,2,9,1,6,0,6,6,0,0,717611
Categoria_55,Turno_A,3,10,6,9,0,9,8,0,0,779598
Categoria_42,Turno_A,3,12,4,24,0,24,24,0,0,934414
Categoria_48,Turno_A,3,11,1,20,0,20,20,0,0,311648
Categoria_04,Turno_A,3,10,1,11,0,11,0,0,0,298998
Categoria_43,Turno_B,3,14,2,8,0,8,0,0,0,129176
Categoria_04,Turno_C,3,11,3,2,0,2,0,0,0,298998
Categoria_25,Turno_B,3,10,5,12,0,12,12,0,0,988732
Categoria_14,Turno_B,3,11,3,15,0,15,16,0,0,658663
Categoria_10,Turno_A,3,12,4,6,0,6,0,0,0,909684
Categoria_17,Turno_B,3,12,5,4,0,4,0,0,0,312918
Categoria_32,Turno_B,2,9,3,5,5,0,0,0,0,224020
Categoria_28,Turno_B,3,10,3,15,0,15,15,0,0,633094
Categoria_06,Turno_A,3,12,4,12,0,12,10,0,0,717611
Categoria_66,Turno_B,3,13,1,12,0,12,0,0,0,146330
Categoria_62,Turno_B,3,14,2,21,0,21,0,0,0,611661
Categoria_20,Turno_A,2,9,6,20,20,0,0,0,0,804824
Categoria_53,Turno_B,3,11,3,18,0,18,9,0,0,860937
Categoria_17,Turno_B,3,13,1,10,0,10,1,0,0,312918
Categoria_12,Turno_C,3,13,3,8,0,8,0,0,0,848688
Categoria_68,Turno_C,3,13,4,8,0,8,0,0,0,995067
Categoria_03,Turno_B,3,13,4,5,0,5,0,0,0,298998
Categoria_07,Turno_A,3,13,5,5,0,5,0,0,0,927710
Categoria_69,Turno_A,3,10,3,17,0,17,0,0,0,361279
Categoria_02,Turno_A,2,9,5,15,0,15,15,0,0,655914
Categoria_67,Turno_A,2,9,2,16,0,16,3,0,0,713550
Categoria_14,Turno_C,3,14,1,8,0,8,8,0,0,658663
Categoria_60,Turno_B,3,13,4,24,0,24,0,0,0,40535
Categoria_04,Turno_A,3,13,3,3,0,3,0,0,0,298998
Categoria_20,Turno_A,3,11,2,20,0,20,20,0,0,804824
Categoria_34,Turno_A,2,9,1,15,0,15,10,0,0,904498
Categoria_64,Turno_B,3,11,4,18,0,18,0,0,0,386896
Categoria_46,Turno_A,3,11,2,15,0,15,15,0,0,625270
Categoria_17,Turno_C,3,11,4,8,0,8,0,0,0,312918
Categoria_42,Turno_A,2,9,1,17,0,17,17,0,0,934414
Categoria_58,Turno_A,3,12,5,6,0,6,6,0,0,274712
Categoria_28,Turno_A,3,13,4,18,0,18,0,0,0,633094
Categoria_04,Turno_B,3,10,1,4,0,4,0,0,0,298998
Categoria_25,Turno_A,3,13,2,14,0,14,14,0,0,988732
Categoria_20,Turno_B,3,13,4,24,24,0,0,0,0,804824
Categoria_20,Turno_A,3,12,6,20,20,0,0,0,0,804824
Categoria_07,Turno_A,3,13,6,6,0,6,0,0,0,927710
Categoria_48,Turno_B,2,9,3,1,0,1,1,0,0,311648
Categoria_21,Turno_A,3,12,3,12,0,12,12,0,0,466551
Categoria_33,Turno_A,3,11,3,9,0,9,0,0,0,298998
Categoria_Desconocida,Turno_A,3,11,5,23,0,23,0,0,0,298998
Categoria_43,Turno_A,3,10,5,6,0,6,0,0,0,129176
Categoria_57,Turno_A,3,12,4,6,0,6,0,0,0,978140
Categoria_45,Turno_B,3,11,2,11,0,11,3,0,0,211664
Categoria_51,Turno_A,3,10,6,16,0,16,15,0,0,657972
Categoria_59,Turno_C,2,9,5,3,0,3,1,0,0,596146
Categoria_15,Turno_B,3,10,2,12,12,0,0,0,0,482525
Categoria_21,Turno_A,2,9,3,12,12,0,0,0,0,466551
Categoria_52,Turno_A,3,13,4,139,0,139,1,0,0,143767
Categoria_68,Turno_B,3,12,5,53,0,53,1,0,0,995067
Categoria_09,Turno_A,3,13,4,71,0,71,3,0,0,22666
Categoria_08,Turno_A,2,9,4,71,33,38,37,0,0,310804
Categoria_68,Turno_A,3,10,3,54,0,54,20,0,0,995067
Categoria_26,Turno_B,3,14,1,131,0,131,1,0,0,490754
Categoria_09,Turno_B,3,10,3,95,42,53,16,0,0,22666
Categoria_52,Turno_A,3,10,3,189,0,189,9,0,0,143767
Categoria_26,Turno_A,3,12,5,166,18,148,3,0,0,490754
Categoria_16,Turno_C,3,11,1,6,0,6,0,0,0,263618
Categoria_52,Turno_A,3,14,1,185,0,185,0,0,0,143767
Categoria_67,Turno_B,3,12,4,14,0,14,0,0,0,713550
Categoria_12,Turno_B,3,12,2,36,0,36,1,0,0,848688
Categoria_09,Turno_A,3,10,3,120,86,34,1,0,0,22666
Categoria_51,Turno_A,3,14,1,18,0,18,0,0,0,657972
Categoria_26,Turno_A,3,13,1,258,61,197,33,0,0,490754
Categoria_26,Turno_B,3,12,5,132,0,132,13,0,0,490754
Categoria_60,Turno_A,3,11,1,76,0,76,2,0,0,40535
Categoria_44,Turno_B,3,10,4,40,0,40,30,0,0,698519
Categoria_60,Turno_B,3,11,4,24,0,24,1,0,0,40535
Categoria_44,Turno_A,3,11,5,49,0,49,20,0,0,698519
Categoria_22,Turno_B,3,10,3,8,0,8,8,0,0,907421
Categoria_23,Turno_A,3,10,2,32,32,0,0,0,0,298998
Categoria_35,Turno_A,2,9,4,211,61,150,24,0,0,139312
Categoria_41,Turno_B,2,9,5,48,0,48,48,0,0,465808
Categoria_35,Turno_B,2,9,1,226,74,152,25,0,0,139312
Categoria_35,Turno_A,3,10,5,205,22,183,1,0,0,139312
Categoria_59,Turno_A,3,11,2,23,0,23,4,0,0,596146
Categoria_35,Turno_A,3,14,2,224,2,222,0,0,0,139312
Categoria_10,Turno_A,3,11,2,8,0,8,0,0,0,909684
Categoria_65,Turno_A,3,13,4,85,0,85,0,0,0,501234
Categoria_09,Turno_A,2,9,6,27,0,27,13,0,0,22666
Categoria_35,Turno_B,3,10,5,100,2,98,1,0,0,139312
Categoria_62,Turno_A,3,10,3,28,15,13,1,0,0,611661
Categoria_08,Turno_A,3,11,3,40,0,40,21,0,0,310804
Categoria_09,Turno_B,3,13,1,107,12,95,3,0,0,22666
Categoria_25,Turno_B,3,13,1,34,0,34,34,0,0,988732
Categoria_26,Turno_B,3,10,3,197,72,125,26,0,0,490754
Categoria_25,Turno_B,3,11,2,58,15,43,43,0,0,988732
Categoria_61,Turno_B,2,9,2,122,24,98,60,0,0,144633
Categoria_52,Turno_A,3,12,5,151,0,151,2,0,0,143767
Categoria_04,Turno_A,3,14,2,11,0,11,0,0,0,298998
Categoria_49,Turno_A,3,10,3,44,0,44,18,0,0,58984
Categoria_09,Turno_A,3,11,2,82,0,82,35,0,0,22666
Categoria_68,Turno_A,2,9,6,67,22,45,18,0,0,995067
Categoria_56,Turno_B,3,11,2,7,0,7,7,0,0,283109
Categoria_41,Turno_A,3,13,1,48,0,48,1,0,0,465808
Categoria_53,Turno_A,3,10,3,17,0,17,15,0,0,860937
Categoria_60,Turno_A,3,13,5,65,0,65,0,0,0,40535
Categoria_62,Turno_A,3,14,1,18,0,18,0,0,0,611661
Categoria_64,Turno_A,3,12,2,93,0,93,5,0,0,386896
Categoria_42,Turno_A,3,13,4,24,0,24,24,0,0,934414
Categoria_62,Turno_B,3,11,2,21,0,21,1,0,0,611661
Categoria_10,Turno_B,3,13,4,6,0,6,0,0,0,909684
Categoria_48,Turno_B,3,10,4,49,0,49,49,0,0,311648
Categoria_12,Turno_A,3,11,5,78,0,78,5,0,0,848688
Categoria_54,Turno_B,3,12,2,10,0,10,10,0,0,130151
Categoria_40,Turno_B,3,13,2,14,0,14,0,0,0,149182
Categoria_12,Turno_A,2,9,2,115,43,72,39,0,0,848688
Categoria_20,Turno_A,3,13,6,20,20,0,0,0,0,804824
Categoria_59,Turno_A,3,14,1,14,0,14,1,0,0,596146
Categoria_49,Turno_B,2,9,5,34,17,17,17,0,0,58984
Categoria_24,Turno_B,3,10,4,10,0,10,5,0,0,23986
Categoria_24,Turno_B,3,10,1,10,0,10,3,0,0,23986
Categoria_59,Turno_B,2,9,5,26,0,26,12,0,0,596146
Categoria_59,Turno_B,3,12,5,26,0,26,1,0,0,596146
Categoria_35,Turno_A,3,13,2,246,2,244,0,0,0,139312
Categoria_25,Turno_B,3,14,1,34,0,34,34,0,0,988732
Categoria_26,Turno_A,2,9,6,144,28,116,85,0,0,490754
Categoria_52,Turno_A,3,11,2,154,3,151,9,0,0,143767
Categoria_14,Turno_A,3,14,1,34,0,34,34,0,0,658663
Categoria_14,Turno_B,3,12,5,16,0,16,16,0,0,658663
Categoria_35,Turno_B,3,14,2,157,2,155,0,0,0,139312
Categoria_29,Turno_B,3,13,3,6,0,6,1,0,0,228969
Categoria_Desconocida,Turno_A,3,10,5,23,0,23,2,0,0,298998
Categoria_17,Turno_B,3,11,1,10,0,10,0,0,0,312918
Categoria_08,Turno_A,3,14,2,58,18,40,0,0,0,310804
Categoria_49,Turno_A,3,14,1,81,0,81,0,0,0,58984
Categoria_04,Turno_A,3,13,2,11,0,11,0,0,0,298998
Categoria_40,Turno_A,2,9,4,39,0,39,27,0,0,149182
Categoria_66,Turno_A,2,9,3,39,18,21,21,0,0,146330
Categoria_49,Turno_A,2,9,5,82,0,82,82,0,0,58984
Categoria_09,Turno_A,3,12,5,102,0,102,32,0,0,22666
Categoria_41,Turno_B,3,13,1,62,0,62,0,0,0,465808
Categoria_68,Turno_A,3,12,5,108,0,108,0,0,0,995067
Categoria_09,Turno_A,2,9,5,102,36,66,53,0,0,22666
Categoria_56,Turno_B,3,13,4,9,0,9,1,0,0,283109
Categoria_26,Turno_B,3,11,2,153,17,136,22,0,0,490754
Categoria_68,Turno_A,3,14,1,53,0,53,0,0,0,995067
Categoria_67,Turno_A,3,10,6,32,0,32,17,0,0,713550
Categoria_36,Turno_B,3,11,4,18,0,18,1,0,0,499570
Categoria_08,Turno_A,2,9,1,66,26,40,40,0,0,310804
Categoria_52,Turno_B,3,13,4,103,0,103,1,0,0,143767
Categoria_62,Turno_A,2,9,5,39,0,39,21,0,0,611661
Categoria_34,Turno_B,3,11,2,36,0,36,0,0,0,904498
Categoria_43,Turno_A,3,13,4,8,0,8,0,0,0,129176
Categoria_63,Turno_A,2,9,1,71,25,46,46,0,0,34538
Categoria_65,Turno_A,3,13,1,113,0,113,1,0,0,501234
Categoria_26,Turno_A,3,13,4,151,18,133,16,0,0,490754
Categoria_20,Turno_B,3,11,1,32,14,18,18,0,0,804824
Categoria_45,Turno_B,3,11,1,13,0,13,3,0,0,211664
Categoria_44,Turno_B,2,9,2,23,0,23,23,0,0,698519
Categoria_62,Turno_B,2,9,5,11,0,11,6,0,0,611661
Categoria_59,Turno_A,3,10,3,26,0,26,3,0,0,596146
Categoria_35,Turno_B,2,9,4,111,33,78,12,0,0,139312
Categoria_35,Turno_B,3,12,1,217,32,185,2,0,0,139312
Categoria_65,Turno_A,3,12,5,66,0,66,1,0,0,501234
Categoria_52,Turno_A,2,9,5,172,46,126,21,0,0,143767
Categoria_09,Turno_B,3,12,5,56,0,56,4,0,0,22666
Categoria_37,Turno_B,3,12,4,19,0,19,5,0,0,294806
Categoria_04,Turno_A,2,9,1,11,0,11,0,0,0,298998
Categoria_26,Turno_A,3,11,2,191,53,138,22,0,0,490754
Categoria_65,Turno_A,3,11,2,99,40,59,8,0,0,501234
Categoria_44,Turno_A,3,12,2,35,0,35,10,0,0,698519
Categoria_66,Turno_A,3,12,3,39,0,39,2,0,0,146330
Categoria_41,Turno_A,3,10,3,73,0,73,40,0,0,465808
Categoria_68,Turno_A,3,13,1,53,0,53,0,0,0,995067
Categoria_41,Turno_A,3,11,2,45,0,45,24,0,0,465808
Categoria_41,Turno_B,3,12,5,48,0,48,1,0,0,465808
Categoria_68,Turno_A,3,11,2,55,0,55,3,0,0,995067
Categoria_68,Turno_B,3,10,3,72,0,72,3,0,0,995067
Categoria_49,Turno_B,3,11,2,52,17,35,12,0,0,58984
Categoria_08,Turno_A,3,12,4,71,0,71,44,0,0,310804
Categoria_64,Turno_A,2,9,2,74,19,55,31,0,0,386896
Categoria_49,Turno_A,3,13,4,81,0,81,0,0,0,58984
Categoria_53,Turno_A,3,14,1,28,0,28,2,0,0,860937
Categoria_45,Turno_B,2,9,3,39,0,39,39,0,0,211664
Categoria_04,Turno_A,3,12,4,2,0,2,0,0,0,298998
Categoria_63,Turno_A,3,11,3,78,0,78,24,0,0,34538
Categoria_63,Turno_B,3,12,4,43,0,43,1,0,0,34538
Categoria_54,Turno_B,3,13,3,21,0,21,9,0,0,130151
Categoria_48,Turno_A,3,10,1,20,0,20,20,0,0,311648
Categoria_41,Turno_B,3,11,2,43,0,43,12,0,0,465808
Categoria_35,Turno_A,3,10,6,136,0,136,7,0,0,139312
Categoria_35,Turno_A,2,9,1,206,51,155,51,0,0,139312
Categoria_59,Turno_A,2,9,6,11,0,11,1,0,0,596146
Categoria_48,Turno_A,3,12,2,49,0,49,49,0,0,311648
Categoria_34,Turno_A,3,12,5,32,0,32,1,0,0,904498
Categoria_26,Turno_A,3,10,3,172,7,165,53,0,0,490754
Categoria_21,Turno_A,3,10,1,12,0,12,12,0,0,466551
Categoria_36,Turno_A,2,9,3,37,14,23,19,0,0,499570
Categoria_07,Turno_A,2,9,2,10,10,0,0,0,0,927710
Categoria_07,Turno_B,3,10,4,6,6,0,0,0,0,927710
Categoria_62,Turno_B,3,13,4,32,0,32,0,0,0,611661
Categoria_52,Turno_B,3,12,5,41,0,41,0,0,0,143767
Categoria_49,Turno_A,3,13,1,81,0,81,1,0,0,58984
Categoria_26,Turno_A,2,9,5,194,88,106,52,0,0,490754
Categoria_11,Turno_B,2,9,4,12,0,12,12,0,0,923910
Categoria_52,Turno_A,3,12,6,60,0,60,0,0,0,143767
Categoria_56,Turno_B,3,14,1,9,0,9,1,0,0,283109
Categoria_06,Turno_B,3,14,1,6,0,6,2,0,0,717611
Categoria_53,Turno_B,3,11,2,18,0,18,7,0,0,860937
Categoria_53,Turno_A,3,12,6,20,0,20,9,0,0,860937
Categoria_66,Turno_A,3,10,2,21,0,21,10,0,0,146330
Categoria_56,Turno_A,3,11,2,12,0,12,12,0,0,283109
Categoria_19,Turno_A,3,10,6,4,0,4,0,0,0,385713
Categoria_59,Turno_A,3,12,5,14,0,14,0,0,0,596146
Categoria_23,Turno_A,3,11,1,32,32,0,0,0,0,298998
Categoria_26,Turno_B,3,13,4,116,0,116,21,0,0,490754
Categoria_59,Turno_B,3,13,1,26,0,26,1,0,0,596146
Categoria_48,Turno_B,3,12,2,61,3,58,54,0,0,311648
Categoria_31,Turno_B,3,10,2,5,0,5,3,0,0,132409
Categoria_09,Turno_A,3,14,1,44,0,44,1,0,0,22666
Categoria_09,Turno_B,3,11,2,92,0,92,9,0,0,22666
Categoria_06,Turno_B,3,13,1,6,0,6,2,0,0,717611
Categoria_62,Turno_A,3,11,2,21,0,21,1,0,0,611661
Categoria_46,Turno_A,3,10,2,15,0,15,15,0,0,625270
Categoria_51,Turno_B,3,10,3,41,24,17,17,0,0,657972
Categoria_62,Turno_A,3,13,4,46,0,46,2,0,0,611661
Categoria_04,Turno_A,3,11,3,3,0,3,0,0,0,298998
Categoria_20,Turno_A,3,13,5,18,18,0,0,0,0,804824
Categoria_40,Turno_A,2,9,1,26,11,15,13,0,0,149182
Categoria_34,Turno_A,2,9,5,32,0,32,4,0,0,904498
Categoria_24,Turno_A,3,10,4,21,0,21,7,0,0,23986
Categoria_51,Turno_B,3,12,5,46,0,46,2,0,0,657972
Categoria_35,Turno_A,3,12,4,211,2,209,0,0,0,139312
Categoria_59,Turno_B,3,13,4,20,0,20,3,0,0,596146
Categoria_48,Turno_A,3,10,4,65,11,54,54,0,0,311648
Categoria_09,Turno_B,3,14,1,107,0,107,2,0,0,22666
Categoria_52,Turno_B,2,9,5,44,12,32,4,0,0,143767
Categoria_14,Turno_B,3,10,3,15,0,15,15,0,0,658663
Categoria_26,Turno_A,3,12,6,132,0,132,45,0,0,490754
Categoria_11,Turno_B,3,12,4,34,0,34,12,0,0,923910
Categoria_69,Turno_B,3,11,4,24,6,18,4,0,0,361279
Categoria_49,Turno_A,3,11,2,65,0,65,14,0,0,58984
Categoria_64,Turno_A,3,10,4,58,0,58,5,0,0,386896
Categoria_58,Turno_A,2,9,3,31,0,31,31,0,0,274712
Categoria_41,Turno_A,2,9,5,58,16,42,42,0,0,465808
Categoria_41,Turno_A,2,9,6,46,16,30,30,0,0,465808
Categoria_12,Turno_A,3,13,3,94,0,94,1,0,0,848688
Categoria_56,Turno_A,2,9,5,9,9,0,0,0,0,283109
Categoria_44,Turno_B,3,10,1,25,0,25,19,0,0,698519
Categoria_23,Turno_B,2,9,3,24,24,0,0,0,0,298998
Categoria_40,Turno_A,3,10,5,21,0,21,0,0,0,149182
Categoria_35,Turno_A,3,12,1,206,2,204,0,0,0,139312
Categoria_24,Turno_B,3,12,2,10,0,10,2,0,0,23986
Categoria_24,Turno_A,3,10,1,12,0,12,5,0,0,23986
Categoria_24,Turno_A,3,12,2,12,0,12,6,0,0,23986
Categoria_59,Turno_B,3,10,3,20,0,20,5,0,0,596146
Categoria_59,Turno_B,3,11,2,20,0,20,8,0,0,596146
Categoria_35,Turno_B,3,12,4,121,12,109,1,0,0,139312
Categoria_35,Turno_A,3,11,3,258,0,258,1,0,0,139312
Categoria_14,Turno_B,3,11,2,38,0,38,38,0,0,658663
Categoria_68,Turno_A,3,13,4,54,0,54,0,0,0,995067
Categoria_65,Turno_B,3,14,1,35,0,35,0,0,0,501234
Categoria_68,Turno_A,2,9,5,108,26,82,16,0,0,995067
Categoria_52,Turno_B,3,10,3,39,0,39,7,0,0,143767
Categoria_41,Turno_A,3,12,5,58,0,58,0,0,0,465808
Categoria_47,Turno_A,3,11,4,21,0,21,0,0,0,831654
Categoria_14,Turno_A,2,9,5,26,15,11,11,0,0,658663
Categoria_08,Turno_B,3,12,4,31,0,31,11,0,0,310804
Categoria_09,Turno_A,3,13,1,44,0,44,2,0,0,22666
Categoria_55,Turno_A,2,9,6,9,9,0,0,0,0,779598
Categoria_53,Turno_A,3,12,5,35,0,35,15,0,0,860937
Categoria_61,Turno_B,3,13,3,67,12,55,0,0,0,144633
Categoria_45,Turno_B,3,10,2,21,0,21,21,0,0,211664
Categoria_59,Turno_A,3,13,1,14,0,14,0,0,0,596146
Categoria_24,Turno_A,3,11,5,12,0,12,2,0,0,23986
Categoria_12,Turno_B,3,11,5,59,0,59,2,0,0,848688
Categoria_34,Turno_B,3,13,1,13,0,13,0,0,0,904498
Categoria_14,Turno_B,2,9,5,16,0,16,16,0,0,658663
Categoria_42,Turno_B,2,9,5,16,0,16,16,0,0,934414
Categoria_26,Turno_B,2,9,5,120,32,88,43,0,0,490754
Categoria_09,Turno_B,2,9,5,56,26,30,23,0,0,22666
Categoria_08,Turno_B,3,11,3,20,0,20,6,0,0,310804
Categoria_40,Turno_A,3,12,1,26,0,26,1,0,0,149182
Categoria_56,Turno_B,3,13,1,9,0,9,3,0,0,283109
Categoria_54,Turno_A,3,10,1,14,0,14,11,0,0,130151
Categoria_14,Turno_A,3,10,3,15,0,15,11,0,0,658663
Categoria_41,Turno_A,3,14,1,48,0,48,0,0,0,465808
Categoria_42,Turno_B,3,14,1,27,0,27,27,0,0,934414
Categoria_67,Turno_B,3,13,2,30,0,30,0,0,0,713550
Categoria_67,Turno_B,2,9,4,14,0,14,7,0,0,713550
Categoria_37,Turno_B,3,11,3,18,0,18,18,0,0,294806
Categoria_34,Turno_B,2,9,5,41,16,25,5,0,0,904498
Categoria_49,Turno_B,3,10,3,61,0,61,24,0,0,58984
Categoria_45,Turno_A,3,11,4,6,0,6,1,0,0,211664
Categoria_24,Turno_B,3,13,3,25,0,25,3,0,0,23986
Categoria_24,Turno_B,2,9,2,10,10,0,0,0,0,23986
Categoria_35,Turno_B,3,11,3,176,10,166,5,0,0,139312
Categoria_Desconocida,Turno_A,2,9,4,14,0,14,0,0,0,298998
Categoria_65,Turno_B,3,10,3,68,0,68,23,0,0,501234
Categoria_08,Turno_B,2,9,1,33,9,24,24,0,0,310804
Categoria_32,Turno_B,3,13,3,5,0,5,0,0,0,224020
Categoria_58,Turno_A,3,12,3,31,15,16,8,0,0,274712
Categoria_28,Turno_A,3,13,5,18,0,18,0,0,0,633094
Categoria_52,Turno_A,3,13,1,185,0,185,6,0,0,143767
Categoria_34,Turno_B,3,12,5,41,0,41,0,0,0,904498
Categoria_68,Turno_A,3,12,6,67,0,67,2,0,0,995067
Categoria_49,Turno_B,3,13,1,31,13,18,0,0,0,58984
Categoria_51,Turno_A,3,13,4,40,0,40,3,0,0,657972
Categoria_44,Turno_A,3,13,3,62,0,62,5,0,0,698519
Categoria_45,Turno_B,3,12,3,30,0,30,2,0,0,211664
Categoria_60,Turno_B,2,9,3,20,0,20,2,0,0,40535
Categoria_51,Turno_B,2,9,5,46,10,36,36,0,0,657972
Categoria_34,Turno_A,3,11,2,67,0,67,0,0,0,904498
Categoria_59,Turno_B,3,14,1,26,0,26,1,0,0,596146
Categoria_65,Turno_A,2,9,6,21,0,21,16,0,0,501234
Categoria_36,Turno_A,3,11,4,31,0,31,1,0,0,499570
Categoria_69,Turno_A,3,12,3,17,0,17,0,0,0,361279
Categoria_60,Turno_A,3,10,2,46,0,46,8,0,0,40535
Categoria_26,Turno_B,3,13,1,131,0,131,0,0,0,490754
Categoria_11,Turno_B,3,12,1,14,0,14,0,0,0,923910
Categoria_33,Turno_A,3,13,4,7,0,7,0,0,0,298998
Categoria_69,Turno_B,3,10,2,24,0,24,10,0,0,361279
Categoria_64,Turno_A,3,10,1,16,0,16,4,0,0,386896
Categoria_64,Turno_A,3,13,3,36,0,36,0,0,0,386896
Categoria_61,Turno_B,3,12,2,118,32,86,1,0,0,144633
Categoria_39,Turno_B,3,11,3,11,0,11,3,0,0,60015
Categoria_54,Turno_B,3,10,1,19,0,19,17,0,0,130151
Categoria_53,Turno_B,3,13,4,21,0,21,1,0,0,860937
Categoria_38,Turno_A,3,10,4,6,0,6,6,0,0,638776
Categoria_61,Turno_B,3,10,1,66,0,66,32,0,0,144633
Categoria_20,Turno_A,2,9,3,24,0,24,24,0,0,804824
Categoria_63,Turno_A,3,12,4,15,0,15,1,0,0,34538
Categoria_48,Turno_A,2,9,2,38,0,38,38,0,0,311648
Categoria_05,Turno_B,3,10,2,3,0,3,0,0,0,168338
Categoria_12,Turno_B,3,10,4,43,0,43,6,0,0,848688
Categoria_12,Turno_B,3,10,1,68,0,68,35,0,0,848688
Categoria_08,Turno_A,3,13,2,58,18,40,0,0,0,310804
Categoria_61,Turno_B,3,10,4,92,0,92,4,0,0,144633
Categoria_30,Turno_B,3,10,4,6,0,6,3,0,0,298998
Categoria_26,Turno_A,3,14,1,258,0,258,15,0,0,490754
Categoria_12,Turno_A,3,12,2,106,0,106,1,0,0,848688
Categoria_36,Turno_B,2,9,3,18,18,0,0,0,0,499570
Categoria_12,Turno_A,3,10,4,76,24,52,27,0,0,848688
Categoria_09,Turno_B,3,13,4,101,0,101,17,0,0,22666
Categoria_57,Turno_A,3,13,1,6,0,6,0,0,0,978140
Categoria_33,Turno_B,3,13,4,2,0,2,0,0,0,298998
Categoria_20,Turno_A,3,11,1,38,0,38,38,0,0,804824
Categoria_53,Turno_B,2,9,5,15,10,5,5,0,0,860937
Categoria_34,Turno_A,3,10,3,42,0,42,0,0,0,904498
Categoria_07,Turno_A,3,10,4,8,0,8,6,0,0,927710
Categoria_69,Turno_A,3,11,4,28,0,28,0,0,0,361279
Categoria_48,Turno_A,3,13,3,33,0,33,19,0,0,311648
Categoria_41,Turno_A,3,13,4,51,0,51,14,0,0,465808
Categoria_14,Turno_A,3,12,5,26,0,26,26,0,0,658663
Categoria_40,Turno_A,3,14,2,19,0,19,1,0,0,149182
Categoria_06,Turno_B,3,13,4,35,0,35,7,0,0,717611
Categoria_08,Turno_B,2,9,4,35,6,29,29,0,0,310804
Categoria_66,Turno_A,3,11,4,33,0,33,1,0,0,146330
Categoria_53,Turno_A,2,9,5,35,15,20,20,0,0,860937
Categoria_56,Turno_A,3,12,6,19,0,19,18,0,0,283109
Categoria_08,Turno_B,3,12,1,27,0,27,6,0,0,310804
Categoria_33,Turno_A,2,9,6,8,0,8,0,0,0,298998
Categoria_10,Turno_A,3,13,4,6,0,6,0,0,0,909684
Categoria_65,Turno_A,3,14,1,113,0,113,0,0,0,501234
Categoria_54,Turno_A,3,13,3,19,0,19,1,0,0,130151
Categoria_65,Turno_B,3,13,1,35,0,35,0,0,0,501234
Categoria_68,Turno_B,2,9,5,53,24,29,14,0,0,995067
Categoria_62,Turno_A,3,13,1,18,0,18,0,0,0,611661
Categoria_68,Turno_B,3,13,4,58,0,58,0,0,0,995067
Categoria_53,Turno_A,3,13,1,28,0,28,9,0,0,860937
Categoria_60,Turno_B,3,12,3,20,0,20,0,0,0,40535
Categoria_44,Turno_B,3,12,2,23,0,23,4,0,0,698519
Categoria_62,Turno_A,3,12,5,37,0,37,2,0,0,611661
Categoria_51,Turno_B,3,13,4,50,0,50,2,0,0,657972
Categoria_Desconocida,Turno_B,3,14,2,18,0,18,0,0,0,298998
Categoria_49,Turno_B,3,12,5,34,0,34,5,0,0,58984
Categoria_36,Turno_B,3,11,1,30,0,30,2,0,0,499570
Categoria_41,Turno_A,3,12,6,46,0,46,5,0,0,465808
Categoria_44,Turno_A,3,10,4,35,0,35,15,0,0,698519
Categoria_67,Turno_A,3,12,1,73,0,73,2,0,0,713550
Categoria_04,Turno_A,2,9,4,2,0,2,0,0,0,298998
Categoria_44,Turno_B,3,13,3,27,0,27,1,0,0,698519
Categoria_62,Turno_B,3,12,5,14,0,14,0,0,0,611661
Categoria_33,Turno_B,3,10,3,2,0,2,0,0,0,298998
Categoria_40,Turno_B,3,11,3,8,0,8,1,0,0,149182
Categoria_Desconocida,Turno_A,3,12,4,14,0,14,0,0,0,298998
Categoria_05,Turno_B,3,11,4,16,0,16,2,0,0,168338
Categoria_51,Turno_A,3,12,5,45,0,45,2,0,0,657972
Categoria_50,Turno_B,3,10,4,6,0,6,0,0,0,228126
Categoria_68,Turno_B,3,11,2,64,16,48,1,0,0,995067
Categoria_08,Turno_B,3,14,2,22,0,22,0,0,0,310804
Categoria_52,Turno_B,3,13,1,38,0,38,0,0,0,143767
Categoria_17,Turno_B,3,13,5,4,0,4,0,0,0,312918
Categoria_28,Turno_A,2,9,3,18,0,18,15,0,0,633094
Categoria_54,Turno_A,3,10,4,17,0,17,2,0,0,130151
Categoria_41,Turno_B,3,10,3,49,0,49,21,0,0,465808
Categoria_54,Turno_A,3,12,2,15,0,15,0,0,0,130151
Categoria_38,Turno_A,2,9,2,3,3,0,0,0,0,638776
Categoria_06,Turno_B,3,11,2,14,0,14,14,0,0,717611
Categoria_37,Turno_B,2,9,4,19,6,13,13,0,0,294806
Categoria_53,Turno_A,2,9,6,20,10,10,10,0,0,860937
Categoria_20,Turno_A,3,11,4,42,0,42,42,0,0,804824
Categoria_40,Turno_A,3,13,2,19,0,19,0,0,0,149182
Categoria_23,Turno_A,2,9,3,8,8,0,0,0,0,298998
Categoria_35,Turno_B,3,13,2,173,2,171,0,0,0,139312
Categoria_65,Turno_A,3,12,6,21,0,21,0,0,0,501234
Categoria_07,Turno_A,3,13,3,6,0,6,0,0,0,927710
Categoria_12,Turno_C,3,11,3,8,0,8,0,0,0,848688
Categoria_51,Turno_B,3,14,1,36,0,36,0,0,0,657972
Categoria_41,Turno_B,3,14,1,62,0,62,1,0,0,465808
Categoria_36,Turno_A,3,12,3,28,0,28,1,0,0,499570
Categoria_62,Turno_A,2,9,6,15,0,15,15,0,0,611661
Categoria_60,Turno_A,3,11,4,56,0,56,1,0,0,40535
Categoria_66,Turno_A,3,13,5,80,0,80,0,0,0,146330
Categoria_56,Turno_A,3,12,5,9,0,9,9,0,0,283109
Categoria_64,Turno_B,2,9,2,34,0,34,23,0,0,386896
Categoria_44,Turno_A,3,11,6,44,15,29,15,0,0,698519
Categoria_20,Turno_B,3,13,5,38,24,14,10,0,0,804824
Categoria_23,Turno_A,3,12,3,8,0,8,0,0,0,298998
Categoria_24,Turno_A,2,9,2,12,12,0,0,0,0,23986
Categoria_59,Turno_A,3,12,6,11,0,11,0,0,0,596146
Categoria_65,Turno_A,2,9,5,66,44,22,5,0,0,501234
Categoria_Desconocida,Turno_A,3,12,1,23,0,23,1,0,0,298998
Categoria_36,Turno_A,3,10,2,27,0,27,6,0,0,499570
Categoria_37,Turno_A,2,9,1,12,0,12,12,0,0,294806
Categoria_18,Turno_A,3,10,4,8,0,8,0,0,0,298998
Categoria_56,Turno_A,3,13,1,9,0,9,0,0,0,283109
Categoria_41,Turno_B,3,13,4,41,0,41,13,0,0,465808
Categoria_68,Turno_B,3,14,1,79,0,79,2,0,0,995067
Categoria_53,Turno_B,3,10,3,18,0,18,16,0,0,860937
Categoria_47,Turno_A,3,10,2,25,0,25,9,0,0,831654
Categoria_57,Turno_A,3,13,4,6,0,6,0,0,0,978140
Categoria_03,Turno_B,3,11,1,6,0,6,1,0,0,298998
Categoria_53,Turno_B,3,12,5,15,0,15,5,0,0,860937
Categoria_33,Turno_A,3,11,2,1,0,1,0,0,0,298998
Categoria_34,Turno_A,2,9,6,24,0,24,2,0,0,904498
Categoria_33,Turno_A,3,10,3,9,0,9,0,0,0,298998
Categoria_14,Turno_C,3,11,1,8,0,8,8,0,0,658663
Categoria_68,Turno_B,3,13,1,79,0,79,1,0,0,995067
Categoria_53,Turno_A,3,11,2,30,0,30,19,0,0,860937
Categoria_24,Turno_B,3,11,5,10,0,10,3,0,0,23986
Categoria_24,Turno_A,3,13,3,12,0,12,1,0,0,23986
Categoria_Desconocida,Turno_A,3,11,3,56,0,56,0,0,0,298998
Categoria_Desconocida,Turno_A,3,14,2,47,0,47,0,0,0,298998
Categoria_34,Turno_A,3,13,1,15,0,15,0,0,0,904498
Categoria_36,Turno_A,3,11,1,31,0,31,2,0,0,499570
Categoria_15,Turno_B,3,13,3,18,0,18,0,0,0,482525
Categoria_21,Turno_A,2,9,2,15,15,0,0,0,0,466551
Categoria_05,Turno_A,2,9,3,16,0,16,16,0,0,168338
Categoria_22,Turno_A,2,9,6,7,0,7,7,0,0,907421
Categoria_49,Turno_A,3,12,5,82,0,82,0,0,0,58984
Categoria_67,Turno_A,3,12,4,28,0,28,0,0,0,713550
Categoria_65,Turno_B,3,13,4,41,0,41,0,0,0,501234
Categoria_58,Turno_A,3,13,5,6,0,6,6,0,0,274712
Categoria_38,Turno_A,3,10,1,6,0,6,6,0,0,638776
Categoria_12,Turno_B,3,13,3,37,0,37,1,0,0,848688
Categoria_63,Turno_B,2,9,4,43,0,43,44,0,0,34538
Categoria_34,Turno_B,3,14,1,13,0,13,0,0,0,904498
Categoria_45,Turno_B,3,11,4,8,0,8,1,0,0,211664
Categoria_59,Turno_A,3,13,4,11,0,11,0,0,0,596146
Categoria_15,Turno_B,2,9,2,12,12,0,0,0,0,482525
Categoria_16,Turno_A,2,9,5,14,0,14,5,0,0,263618
Categoria_37,Turno_A,3,10,5,15,0,15,15,0,0,294806
Categoria_32,Turno_A,3,10,4,6,0,6,1,0,0,224020
Categoria_48,Turno_A,3,11,5,51,0,51,51,0,0,311648
Categoria_67,Turno_A,2,9,1,73,32,41,36,0,0,713550
Categoria_67,Turno_B,2,9,1,22,0,22,14,0,0,713550
Categoria_54,Turno_B,3,11,5,8,0,8,6,0,0,130151
Categoria_38,Turno_A,3,12,2,3,0,3,1,0,0,638776
Categoria_08,Turno_A,3,12,1,66,0,66,26,0,0,310804
Categoria_52,Turno_B,3,14,1,38,0,38,0,0,0,143767
Categoria_43,Turno_B,3,13,1,8,0,8,0,0,0,129176
Categoria_54,Turno_B,2,9,2,10,10,0,0,0,0,130151
Categoria_23,Turno_B,3,12,3,24,0,24,8,0,0,298998
Categoria_33,Turno_C,3,11,4,1,0,1,0,0,0,298998
Categoria_12,Turno_A,3,10,1,84,0,84,40,0,0,848688
Categoria_15,Turno_B,3,10,4,10,0,10,0,0,0,482525
Categoria_69,Turno_A,2,9,3,17,0,17,16,0,0,361279
Categoria_05,Turno_A,3,13,5,16,0,16,0,0,0,168338
Categoria_61,Turno_A,3,10,4,22,0,22,4,0,0,144633
Categoria_56,Turno_A,3,14,1,9,0,9,0,0,0,283109
Categoria_49,Turno_A,3,12,6,16,0,16,16,0,0,58984
Categoria_64,Turno_B,3,11,5,16,0,16,0,0,0,386896
Categoria_43,Turno_A,3,12,5,6,0,6,0,0,0,129176
Categoria_17,Turno_A,3,13,5,8,0,8,0,0,0,312918
Categoria_63,Turno_A,2,9,4,15,15,0,0,0,0,34538
Categoria_Desconocida,Turno_B,2,9,1,6,0,6,0,0,0,298998
Categoria_52,Turno_B,3,11,2,82,12,70,5,0,0,143767
Categoria_37,Turno_B,3,13,2,24,0,24,2,0,0,294806
Categoria_28,Turno_A,3,11,4,18,0,18,1,0,0,633094
Categoria_54,Turno_A,2,9,2,15,0,15,13,0,0,130151
Categoria_42,Turno_B,3,13,4,26,0,26,26,0,0,934414
Categoria_51,Turno_B,3,13,1,36,0,36,0,0,0,657972
Categoria_51,Turno_A,2,9,5,45,27,18,18,0,0,657972
Categoria_48,Turno_B,2,9,2,58,0,58,58,0,0,311648
Categoria_12,Turno_B,2,9,2,36,14,22,5,0,0,848688
Categoria_42,Turno_B,3,12,5,6,0,6,6,0,0,934414
Categoria_08,Turno_A,3,10,5,13,0,13,13,0,0,310804
Categoria_08,Turno_B,3,13,2,22,0,22,8,0,0,310804
Categoria_41,Turno_C,3,11,1,5,0,5,5,0,0,465808
Categoria_40,Turno_B,3,12,1,17,8,9,0,0,0,149182
Categoria_56,Turno_B,3,12,5,11,0,11,10,0,0,283109
Categoria_44,Turno_A,2,9,2,35,21,14,14,0,0,698519
Categoria_62,Turno_B,3,10,3,34,0,34,1,0,0,611661
Categoria_29,Turno_A,3,11,5,6,0,6,1,0,0,228969
Categoria_11,Turno_B,2,9,1,14,0,14,14,0,0,923910
Categoria_17,Turno_B,3,10,2,3,0,3,0,0,0,312918
Categoria_40,Turno_A,3,12,4,39,0,39,2,0,0,149182
Categoria_53,Turno_A,3,13,4,27,0,27,6,0,0,860937
Categoria_22,Turno_B,3,14,1,10,0,10,10,0,0,907421
Categoria_60,Turno_B,3,11,1,40,0,40,0,0,0,40535
Categoria_52,Turno_A,2,9,6,88,0,88,13,0,0,143767
Categoria_21,Turno_A,3,10,4,15,0,15,15,0,0,466551
Categoria_54,Turno_A,3,11,5,8,0,8,0,0,0,130151
Categoria_14,Turno_B,3,13,1,4,0,4,0,0,0,658663
Categoria_49,Turno_B,3,14,1,31,0,31,5,0,0,58984
Categoria_38,Turno_A,3,11,5,6,0,6,4,0,0,638776
Categoria_46,Turno_A,3,12,3,15,0,15,9,0,0,625270
Categoria_42,Turno_A,3,11,2,18,0,18,18,0,0,934414
Categoria_33,Turno_A,3,12,6,8,0,8,0,0,0,298998
Categoria_59,Turno_A,2,9,5,14,0,14,3,0,0,596146
Categoria_04,Turno_B,3,14,2,4,0,4,0,0,0,298998
Categoria_51,Turno_B,3,11,2,40,0,40,4,0,0,657972
Categoria_Desconocida,Turno_B,3,12,4,15,0,15,0,0,0,298998
Categoria_34,Turno_A,3,14,1,15,0,15,0,0,0,904498
Categoria_01,Turno_A,3,13,3,10,0,10,10,0,0,557707
Categoria_64,Turno_B,3,10,4,18,0,18,0,0,0,386896
Categoria_36,Turno_A,3,13,6,17,0,17,0,0,0,499570
Categoria_37,Turno_B,3,14,2,24,0,24,2,0,0,294806
Categoria_64,Turno_B,3,10,1,36,16,20,2,0,0,386896
Categoria_63,Turno_A,3,12,1,71,0,71,4,0,0,34538
Categoria_43,Turno_B,3,14,1,8,0,8,0,0,0,129176
Categoria_67,Turno_B,3,14,2,30,0,30,0,0,0,713550
Categoria_Desconocida,Turno_B,2,9,4,15,0,15,0,0,0,298998
Categoria_59,Turno_C,3,13,5,3,0,3,0,0,0,596146
Categoria_07,Turno_B,3,10,1,13,0,13,8,0,0,927710
Categoria_42,Turno_A,3,12,5,24,0,24,24,0,0,934414
Categoria_25,Turno_B,2,9,5,12,0,12,12,0,0,988732
Categoria_27,Turno_B,3,11,3,6,0,6,1,0,0,194064
Categoria_64,Turno_B,3,12,2,34,0,34,1,0,0,386896
Categoria_58,Turno_A,3,11,4,21,0,21,21,0,0,274712
Categoria_58,Turno_A,3,11,1,17,0,17,17,0,0,274712
Categoria_44,Turno_A,3,10,1,36,0,36,19,0,0,698519
Categoria_14,Turno_A,3,13,1,34,0,34,34,0,0,658663
Categoria_25,Turno_A,3,12,5,15,0,15,15,0,0,988732
Categoria_61,Turno_A,3,11,5,22,22,0,0,0,0,144633
Categoria_51,Turno_A,2,9,6,28,0,28,28,0,0,657972
Categoria_20,Turno_B,3,11,4,26,0,26,26,0,0,804824
Categoria_23,Turno_A,3,11,4,32,0,32,0,0,0,298998
Categoria_33,Turno_C,3,11,1,1,0,1,0,0,0,298998
Categoria_58,Turno_A,3,10,2,31,0,31,31,0,0,274712
Categoria_64,Turno_A,3,11,5,44,0,44,5,0,0,386896
Categoria_43,Turno_A,3,11,2,6,0,6,2,0,0,129176
Categoria_49,Turno_B,3,13,4,33,0,33,0,0,0,58984
Categoria_48,Turno_B,3,11,5,12,0,12,12,0,0,311648
Categoria_Desconocida,Turno_B,3,11,3,21,6,15,0,0,0,298998
Categoria_07,Turno_A,3,11,5,5,0,5,0,0,0,927710
Categoria_21,Turno_A,3,13,3,12,0,12,12,0,0,466551
Categoria_34,Turno_A,3,13,4,54,0,54,0,0,0,904498
Categoria_37,Turno_A,3,12,1,12,0,12,5,0,0,294806
Categoria_12,Turno_A,3,11,6,16,0,16,0,0,0,848688
Categoria_67,Turno_A,2,9,4,28,0,28,7,0,0,713550
Categoria_47,Turno_A,2,9,3,28,8,20,20,0,0,831654
Categoria_55,Turno_A,3,12,6,9,0,9,0,0,0,779598
Categoria_63,Turno_B,3,14,2,9,0,9,0,0,0,34538
Categoria_43,Turno_A,2,9,6,9,0,9,9,0,0,129176
Categoria_05,Turno_A,3,10,2,9,0,9,9,0,0,168338
Categoria_21,Turno_A,3,11,5,12,0,12,12,0,0,466551
Categoria_36,Turno_A,3,13,5,50,0,50,0,0,0,499570
Categoria_02,Turno_A,3,13,5,15,0,15,2,0,0,655914
Categoria_04,Turno_A,3,10,5,9,0,9,0,0,0,298998
Categoria_28,Turno_B,2,9,3,15,15,0,0,0,0,633094
Categoria_66,Turno_B,2,9,3,16,16,0,0,0,0,146330
Categoria_43,Turno_B,3,11,2,8,0,8,0,0,0,129176
Categoria_16,Turno_A,3,11,2,20,0,20,1,0,0,263618
Categoria_67,Turno_B,3,12,1,22,0,22,0,0,0,713550
Categoria_38,Turno_B,3,13,3,9,0,9,0,0,0,638776
Categoria_63,Turno_A,3,14,2,24,0,24,0,0,0,34538
Categoria_34,Turno_B,3,10,3,36,0,36,0,0,0,904498
Categoria_Desconocida,Turno_C,2,9,5,3,0,3,0,0,0,298998
Categoria_05,Turno_A,3,12,3,16,0,16,2,0,0,168338
Categoria_17,Turno_C,3,10,4,8,0,8,5,0,0,312918
Categoria_56,Turno_A,2,9,6,19,19,0,0,0,0,283109
Categoria_40,Turno_B,2,9,1,23,9,14,11,0,0,149182
Categoria_47,Turno_A,3,12,3,25,0,25,1,0,0,831654
Categoria_36,Turno_B,3,13,5,26,0,26,0,0,0,499570
Categoria_66,Turno_B,3,11,1,12,0,12,2,0,0,146330
Categoria_34,Turno_B,3,13,4,24,0,24,0,0,0,904498
Categoria_25,Turno_A,2,9,5,15,15,0,0,0,0,988732
Categoria_67,Turno_A,3,10,5,28,0,28,24,0,0,713550
Categoria_57,Turno_A,3,14,1,6,0,6,0,0,0,978140
Categoria_61,Turno_A,3,10,1,22,22,0,0,0,0,144633
Categoria_20,Turno_A,3,10,2,20,0,20,20,0,0,804824
Categoria_25,Turno_B,3,13,4,21,12,9,8,0,0,988732
Categoria_21,Turno_B,3,12,2,6,0,6,6,0,0,466551
Categoria_22,Turno_A,3,12,6,7,0,7,7,0,0,907421
Categoria_40,Turno_B,3,14,2,14,0,14,0,0,0,149182
Categoria_04,Turno_B,2,9,1,4,0,4,0,0,0,298998
Categoria_38,Turno_A,3,13,3,3,0,3,0,0,0,638776
Categoria_60,Turno_A,3,13,6,20,20,0,0,0,0,40535
Categoria_43,Turno_A,3,12,6,9,0,9,1,0,0,129176
Categoria_51,Turno_A,3,12,6,16,0,16,2,0,0,657972
Categoria_Desconocida,Turno_A,3,10,6,15,0,15,0,0,0,298998
Categoria_65,Turno_A,3,10,3,39,0,39,22,0,0,501234
Categoria_60,Turno_A,2,9,3,13,0,13,3,0,0,40535
Categoria_66,Turno_A,3,11,1,17,0,17,2,0,0,146330
Categoria_45,Turno_A,3,11,1,12,0,12,1,0,0,211664
Categoria_63,Turno_B,3,13,2,9,0,9,0,0,0,34538
Categoria_04,Turno_B,3,13,2,4,0,4,0,0,0,298998
Categoria_Desconocida,Turno_B,3,13,2,18,0,18,0,0,0,298998
Categoria_48,Turno_B,3,10,1,15,0,15,15,0,0,311648
Categoria_60,Turno_B,3,10,2,16,0,16,1,0,0,40535
Categoria_16,Turno_A,3,12,5,14,0,14,0,0,0,263618
Categoria_61,Turno_A,3,12,2,17,0,17,0,0,0,144633
Categoria_25,Turno_B,3,10,3,19,0,19,19,0,0,988732
Categoria_08,Turno_B,3,10,5,2,0,2,2,0,0,310804
Categoria_40,Turno_A,3,11,3,12,0,12,0,0,0,149182
Categoria_42,Turno_A,2,9,5,24,0,24,24,0,0,934414
Categoria_61,Turno_A,3,13,3,12,0,12,0,0,0,144633
Categoria_63,Turno_B,3,11,3,12,0,12,0,0,0,34538
Categoria_03,Turno_B,3,10,2,5,0,5,0,0,0,298998
Categoria_04,Turno_B,2,9,4,4,0,4,0,0,0,298998
Categoria_04,Turno_B,3,12,1,4,0,4,0,0,0,298998
Categoria_28,Turno_A,3,12,3,18,0,18,1,0,0,633094
Categoria_06,Turno_A,3,13,4,12,0,12,4,0,0,717611
Categoria_47,Turno_A,3,11,1,23,1,22,2,0,0,831654
Categoria_42,Turno_B,3,13,1,27,0,27,27,0,0,934414
Categoria_14,Turno_A,3,13,4,28,0,28,28,0,0,658663
Categoria_42,Turno_B,3,10,3,12,0,12,12,0,0,934414
Categoria_34,Turno_A,3,12,6,24,0,24,0,0,0,904498
Categoria_04,Turno_B,3,12,4,4,0,4,0,0,0,298998
Categoria_37,Turno_A,3,11,3,12,0,12,12,0,0,294806
Categoria_11,Turno_A,3,12,4,6,0,6,6,0,0,923910
Categoria_42,Turno_B,3,11,2,14,0,14,14,0,0,934414
Categoria_57,Turno_B,2,9,5,6,0,6,6,0,0,978140
Categoria_45,Turno_A,2,9,3,6,0,6,6,0,0,211664
Categoria_59,Turno_C,3,11,1,3,0,3,0,0,0,596146
Categoria_24,Turno_A,3,11,6,11,0,11,1,0,0,23986
Categoria_54,Turno_B,3,10,4,5,0,5,2,0,0,130151
Categoria_36,Turno_B,3,12,3,18,0,18,0,0,0,499570
Categoria_49,Turno_A,2,9,6,16,16,0,0,0,0,58984
Categoria_43,Turno_B,3,10,3,8,0,8,4,0,0,129176
Categoria_68,Turno_C,3,11,4,8,0,8,0,0,0,995067
Categoria_Desconocida,Turno_A,3,13,2,47,0,47,0,0,0,298998
Categoria_51,Turno_A,3,11,2,18,0,18,4,0,0,657972
Categoria_04,Turno_A,3,12,1,11,0,11,0,0,0,298998
Categoria_27,Turno_B,3,12,1,6,0,6,0,0,0,194064
Categoria_66,Turno_A,3,13,6,16,0,16,0,0,0,146330
Categoria_04,Turno_C,3,10,3,2,0,2,0,0,0,298998
Categoria_22,Turno_A,3,10,3,4,0,4,4,0,0,907421
Categoria_03,Turno_B,3,11,4,5,0,5,0,0,0,298998
Categoria_Desconocida,Turno_A,2,9,1,23,0,23,23,0,0,298998
Categoria_07,Turno_A,3,12,2,10,0,10,1,0,0,927710
Categoria_05,Turno_A,3,11,1,25,0,25,11,0,0,168338
Categoria_28,Turno_B,3,12,3,15,0,15,4,0,0,633094
Categoria_14,Turno_A,3,11,2,4,0,4,0,0,0,658663
Categoria_61,Turno_A,2,9,2,17,0,17,16,0,0,144633
Categoria_28,Turno_B,3,11,4,15,0,15,8,0,0,633094
Categoria_07,Turno_A,3,11,6,6,0,6,0,0,0,927710
Categoria_15,Turno_B,3,12,2,12,0,12,0,0,0,482525
Categoria_27,Turno_B,2,9,1,6,0,6,5,0,0,194064
Categoria_50,Turno_B,3,10,1,6,0,6,1,0,0,228126
Categoria_28,Turno_B,3,11,1,15,0,15,15,0,0,633094
Categoria_14,Turno_B,3,14,1,4,0,4,0,0,0,658663
Categoria_66,Turno_B,3,12,3,16,0,16,0,0,0,146330
Categoria_63,Turno_A,3,13,2,24,0,24,0,0,0,34538
Categoria_46,Turno_A,2,9,3,15,15,0,0,0,0,625270
Categoria_51,Turno_A,3,13,1,18,0,18,0,0,0,657972
Categoria_22,Turno_B,3,13,1,10,0,10,10,0,0,907421
Categoria_09,Turno_A,3,12,6,12,0,12,0,0,0,22666
Categoria_25,Turno_B,3,12,5,12,0,12,12,0,0,988732
Categoria_25,Turno_A,3,11,2,14,0,14,14,0,0,988732
Categoria_10,Turno_B,3,11,2,4,0,4,4,0,0,909684
Categoria_57,Turno_A,2,9,5,6,0,6,6,0,0,978140
Categoria_56,Turno_B,2,9,5,11,11,0,0,0,0,283109
Categoria_21,Turno_A,3,12,2,15,0,15,15,0,0,466551
